name,A,B,Bprime,C,E,F,G,HPLC,BefVis,BefUVS,BefUVL,Archers,AftVis,AftUV,M,F1,F2,F3,KResult,CResult,KCResult,PDResult,Cortex,Medulla,Notes,Related,Reference,Lichens,Synonyms,Path,GroupName,Class,GLossID
acaranoic acid,43,,24,41,,,,,,L,,No Result,No Result           ,Lilac,298,280,252,157,,,,,,,Occurs in Pleopsidium chlorophanum,Acarenoic acid,"Huneck, S/ Höfle, G 1980: Structure of acaranoic and acarenoic acids, Phytochemistry 19: 2713- 2715.",Pleopsidium chlorophanum,,acetyl-polymalonyl pathway,aliphatic acids & aliphatic compounds,Aliphatic acids,
acarenoic acid,40,,20,36,,,,30,,L,,No Result,No Result           ,Lilac,296,278,260,252,,,,,,,Occurs in Pleopsidium chlorophanum,Acaranoic acid,"Huneck, S/ Höfle, G 1980: Structure of acaranoic and acarenoic acids, Phytochemistry 19: 2713- 2715.",Pleopsidium chlorophanum,,acetyl-polymalonyl pathway,aliphatic acids & aliphatic compounds,Aliphatic acids,
"3β-acetoxy-20,24-epoxydammarane-12β,25-diol [3-o-acetylpyxinol]",,,,47,27,,52,,,G,,x,Purple              ,Green,,,,,,,,,,,Occurs in Pyxine endochrysina,"3β,25-Diacetoxy-20,24-epoxydammarane, 3β,25-Diacetoxy-20,24- epoxydammarane-12β-ol, 20,24-Epoxydammarane-3β,12β,25-triol, Methyl 3-O-acetoxypyxinate, Methyl pyxinate","Yosioka, I/ Yamauchi, H/ Kitagawa, I 1972: Lichen triterpenoids. V. On the neutral triterpenes of β endochrysina Nyl., Chemical and Parmaceutical Bulletin (Tokyo) 20: 502-513.",Pyxine endochrysina,3-o-acetylpyxinol,mevalonic acid pathway,terpenoids & steroids,Terpenoids,
"25-acetoxy-20,24-epoxydammarane-3β-ol",,,,52,45,,73,,,G,,x,Brown               ,Green,502,487,442,398,,,,,,,Occurs in Pyxine coccifera,"25-Acetoxy-20,24-epoxydammarane-3-one, Methyl pyxinate","Huneck, S 1976: Inhaltsstoffe von Pyxine coccifera, Phytochemistry 15: 799-801.",Pyxine coccifera,,mevalonic acid pathway,terpenoids & steroids,Terpenoids,
"25-acetoxy-20,24-epoxydammarane-3-one",,,,52,45,,88,,,G,,x,Purple              ,Green,500,485,467,425,,,,,,,Occurs in Pyxine coccifera,"25-Acetoxy-20,24-epoxydammarane-3β-ol, Methyl pyxinate","Huneck, S 1976: Inhaltsstoffe von Pyxine coccifera, Phytochemistry 15: 799-801.",Pyxine coccifera,,mevalonic acid pathway,terpenoids & steroids,Terpenoids,
3β-acetoxyfern-9(11)-ene-12β-ol,69,,65,41,53,,89,,,p,,x,P. Brown            ,P. Yellow,484,466,451,273,,,,,,,"Acid Spray: pale yellow-brown. LW UV: pale yellow, white halo. Occurs in Pseudocyphellaria aurata","3β-Acetoxyfern-9(11)-ene-19β-ol, 12α-Acetoxyfern-9(11)-ene-3β-ol, 3β- Acetoxyfern-9(11)-ene-12-one, Fern-9(11)-ene-3,12-dione, Fern-9(11)-ene-3β,12α-diol, 3β-Hydroxyfern-9(11)- ene-12-one","Wilkins, AL/ Elix, JA 1990: New fernene triterpenes from the lichen Pseudocyphellaria aurata: Australian Journal of Chemistry 43: 623-627.",Pseudocyphellaria aurata,,mevalonic acid pathway,terpenoids & steroids,Terpenoids,
3β-acetoxyfern-9(11)-ene-19β-ol,60,,60,56,48,,80,,,b,,x,Brown               ,Orange,484,469,451,409,,,,,,,"Acid Spray: fades to purple. LW UV: brown, orange halo. Occurs in Pseudocyphellaria aurata, Pyxine","3β-Acetoxyfern-9(11)-ene-12β-ol, 12α-Acetoxyfern-9(11)-ene-3β-ol, 3β- Acetoxyfern-9(11)-ene-12-one, Fern-9(11)-ene-3,12-dione, Fern-9(11)-ene-3β,12α-diol, 3β-Hydoxyfern-9(11)- ene-12-one","Wilkins, AL/ Elix, JA 1990: New fernene triterpenes from the lichen Pseudocyphellaria aurata: Australian Journal of Chemistry 43: 623-627.","Pseudocyphellaria aurata, Pyxine berteriana",,mevalonic acid pathway,terpenoids & steroids,Terpenoids,
12α-acetoxyfern-9(11)-ene-3β-ol,55,,49,45,27,,60,,,b,,x,Brown               ,Orange,484,442,424,391,,,,,,,"Acid Spray: fades to purple. LW UV: brown, orange halo. Occurs in Xanthoria resendei","Fern-9(11)-ene-3,12-dione, Fern-9(11)-ene-3β,12α-diol","Gonzales, AG/ Martin, LD, Pérez, C 1974: Three new triterpenes from the lichen Xanthoria resendei: Phytochemistry 13: 1547-1549.",Xanthoria resendei,,mevalonic acid pathway,terpenoids & steroids,Terpenoids,
3β-acetoxyfern-9(11)-ene-12-one,72,,64,56,66,,39,,,p,,x,P. Brown            ,"pale yellow, white h",482,467,397,271,,,,,,,"Acid Spray: pale yellow-brown. LW UV: pale yellow, white halo. Occurs in Pseudocyphellaria aurata","3β-Acetoxyfern-9(11)-ene-12β-ol, 3β-Acetoxyfern-9(11)-ene-19β-ol, 12α-Acetoxyfern-9(11)-ene-3β-ol, Fern-9(11)-ene-3,12-dione, Fern-9(11)-ene-3β,12α-diol, 3β-Hydroxyfern- 9(11)-ene-12-one","Wilkins, AL/ Elix, JA 1990: New fernene triterpenes from the lichen Pseudocyphellaria aurata: Australian Journal of Chemistry 43: 623-627.",Pseudocyphellaria aurata,,mevalonic acid pathway,terpenoids & steroids,Terpenoids,
3β-acetoxyfern-9(11)-ene-19-one,70,,,60,,,,,,P,,x,Brown               ,P.Yellow,482,467,407,,,,,,,,Occurs in Pyxine berteriana,"3β-Acetoxyfern-9(11)-ene-19β-ol, Fern-9(11)-ene-3.19-dione","Maier, MS/ Rosso, ML/ Fazio, AT/ Adler, MT/ Bertoni, MD 2009. Fernene triterpenoids from the lichen Pyxine berteriana. Journal of Natural Products 72: 1902-1904.",Pyxine berteriana,,mevalonic acid pathway,terpenoids & steroids,Terpenoids,
"3β-acetoxyhopane-1β,22-diol",51,,34,39,23,,53,,,P,,x,P. Brown            ,Pink,502,484,466,441,,,,,,,Occurs in Dirinaria sp.,x,"Huneck, S/Preiss, A/Schmidt, J/ Morales Mendez, A 1983: 3β-Acetoxyhopane-1β,22-diol, a triterpene from the lichen Pseudoparmelia texana. Phytochemistry 22: 2027-2030.",Dirinaria sp,,mevalonic acid pathway,terpenoids & steroids,Terpenoids,
"6α-acetoxyhopane-7β,22-diol",40,24,,34,6,,,,,P,,x,P. Brown            ,P.Yellow,,,,,,,,,,,Occurs in Pseudocyphellaria crocata,"7β-Acetoxyhopane-6α,22-diol, 7β-Acetoxyhopane-22-ol, Hopane-6α,22- diol [Zeorin], Hopane-7β,22-diol, Hopane-6α,7β,22-triol","Wilkins, AL/ James, PW 1979: The chemistry of Pseudocyphellaria impressa s. lat. in New Zealand. Lichenologist 11: 271-281.",Pseudocyphellaria crocata,,mevalonic acid pathway,terpenoids & steroids,Terpenoids,
"6α-acetoxyhopane-16β,22-diol",37,,34,34,6,,38,,,P,,x,P. Brown            ,P.Yellow,502,484,442,426,,,,,,,"Occurs in Parmelia [Myelochroa] entotheiochroa, Heterodermia tremulans","16β-Acetoxyhopane-6α,22-diol, 6α-Acetoxyhopane-22-ol, 6α,16β- Diacetoxyhopane-22-ol, Hopane-6α,22-diol [Zeorin], Hopane-16β,22-diol, Hopane-6α,16β,22-triol [Leucotylin]","Elix, JA/ Whitton, AA/ Jones, AJ 1982: Triterpenes from the lichen genus Physcia, Austrlian Journal of Chemistry 35: 641-647.","Parmelia [Myelochroa] entotheiochroa, Heterodermia tremulans",,mevalonic acid pathway,terpenoids & steroids,Terpenoids,
"7β-acetoxyhopane-6α,22-diol",47,28,,40,10,,,,,f,,x,Brown               ,Orange,,,,,,,,,,,Acid Spray: fades to purple. LW UV: fades to pale yellow. Occurs in Pseudocyphellaria crocata,"6α-Acetoxyhopane-7β,22-diol, 7β-Acetoxyhopane-22-ol, Hopane-6α,22- diol [Zeorin], Hopane-7β,22-diol, Hopane-6α,7β,22-triol","Wilkins, AL/ James, PW 1979: The chemistry of Pseudocyphellaria impressa s. lat. in New Zealand. Lichenologist 11: 271-281.",Pseudocyphellaria crocata,,mevalonic acid pathway,terpenoids & steroids,Terpenoids,
"16β-acetoxyhopane-6α,22-diol",41,,29,32,8,,36,,,P,,x,P. Brown            ,P.Yellow,502,484,442,424,,,,,,,"Occurs in Parmelia [Myelochroa] entotheiochroa, Heterodermia tremulans","6α-Acetoxyhopane-16β,22-diol, 6α-Acetoxyhopane-22-ol, 6α,16β- Diacetoxyhopane-22-ol, Hopane-6α,22-diol [Zeorin], Hopane-16β,22-diol, Hopane-6α,16β,22-triol [Leucotylin]","Elix, JA/ Whitton, AA/ Jones, AJ 1982: Triterpenes from the lichen genus Physcia, Austrlian Journal of Chemistry 35: 641-647.","Parmelia [Myelochroa] entotheiochroa, Heterodermia tremulans",,mevalonic acid pathway,terpenoids & steroids,Terpenoids,
"20α-acetoxyhopane-6α,22-diol",,,30,36,18,,,,,P,,x,Brown               ,Pink,502,484,442,424,,,,,,,Occurs in Physcia austrostellaris,"Hopane-6α,22-diol [Zeorin], Hopane-6α,20α,22-triol","Elix, JA/ Whitton, AA/ Jones, AJ 1982: Triterpenes from the lichen genus Physcia, Austrlian Journal of Chemistry 35: 641-647.",Physcia austrostellaris,,mevalonic acid pathway,terpenoids & steroids,Terpenoids,
"6α-acetoxyhopane-22-ol [acetylzeorin, lesdainin]",62,,56,53,40,,66,,,P,,x,Purple              ,P.Yellow,484,442,0,0,,,,,,,Occurs in Botryolepraria lesdainii,"6α-Acetoxyhopane-16β,22-diol, 16β-Acetoxyhopane-6α,22-diol, 6α,16β- Diacetoxyhopane-22-ol, Hopane-6α,22-diol [Zeorin], Hopane-16β,22-diol, Hopane-6α,16β,22-triol [Leucotylin]","Wilkins, AL/ Elix, JA/ Gaul, KL/ Moberg, R 1989: New hopane triterpenoids from the lichen in the family Physciaceae, Austrlian Journal of Chemistry 42: 1415-1422.",Botryolepraria lesdainii,"acetylzeorin, lesdainin",mevalonic acid pathway,terpenoids & steroids,Terpenoids,
7β-acetoxyhopan-22-ol [peltidactylin],63,,52,49,41,,61,,,P,,x,P.Brown             ,P.Yellow,486,468,426,189,,,,,,,Occurs in Pseudocyphellaria billardieri,"6α-Acetoxyhopane-7β,22-diol, 7β-Acetoxyhopane-6α,22-diol, Hopane- 15α,22-diol, Hopane-7β,22-diol, Hopane-6α,7β,22-triol","Wilkins, AL/ James, PW 1979: The chemistry of Pseudocyphellaria impressa s. lat. in New Zealand. Lichenologist 11: 271-281.",Pseudocyphellaria billardieri,peltidactylin,mevalonic acid pathway,terpenoids & steroids,Terpenoids,
15α-acetoxyhopane-22-ol [dolichorrizin],61,,52,44,30,,58,,,f,,x,Brown               ,Orange,486,468,426,408,,,,,,,LW UV: fades to pale yellow. Acid Spray: fades to purple. Occurs in Peltigera aphthosa,"Hopane-15α,22-diol","White, FJ/ James, PW 1987: A chemical checklist of British lichens: Part 2 (Nephroma and Peltigera), Bulletin of the British Lichen Society 60: 42-47.",Peltigera aphthosa,dolichorrizin,mevalonic acid pathway,terpenoids & steroids,Terpenoids,
16β-acetoxyhopane-22-ol,,,,55,22,,,,,P,,x,Brown               ,P.Yellow,486,468,0,0,,,,,,,Occurs in Heterodermia spathulifera,"6α-Acetoxyhopane-16β,22-diol, 16β-Acetoxyhopane-6α,22-diol, 6α,16β- Diacetoxyhopane-22-ol, Hopane-6α,22-diol [Zeorin], Hopane-16β,22-diol, Hopane-6α,16β,22-triol [Leucotylin]","Yosioka, I/ Yamaki, M/ Kitagawa, I 1966: On the triterpenic constituents of a lichen Parmelia entotheiochroa Hue; zeorin, leucotylin, leucotylic acid, and five new related triterpenoids, Chemical and Parmaceutical Bulletin (Tokyo) 14: 804-807.",Heterodermia spathulifera,,mevalonic acid pathway,terpenoids & steroids,Terpenoids,
6α-acetoxy-22-hydroxyhopane-25-oic acid [aipolic acid],,,,50,10,,50,,,P,,x,Brown               ,Purple,498,456,454,411,,,,,,,Occurs in Physcia aipolia from Kenya,"6α-Acetoxyhopane-22-ol, Hopane-6α,22-diol [Zeorin]","Wilkins, AL/ Elix, JA/ Gaul, KL/ Moberg, R 1989: New hopane triterpenoids from the lichen in the family Physciaceae, Austrlian Journal of Chemistry 42: 1415-1422.",Physcia aipolia from Kenya,aipolic acid,mevalonic acid pathway,terpenoids & steroids,Terpenoids,
16β-acetoxy-22-hydroxyhopane-4α-oic acid [16-o-acetylleucotylic acid],,,,39,2,,36,,,O,,x,Brown               ,Orange,,,,,,,,,,,Occurs in Parmelia [Myelochroa] entotheiochroa,"16β,22-Dihyroxyhopane-4α-oic acid [Leucotylic acid], Hopane-6α,22-diol [Zeorin], Hopane-16β,22-diol, Hopane-6α,16β,22-triol [Leucotylin]","Yosioka, I/ Nakanishi, T/ Yamauchi, H/ Kitagawa, I 1972: Lichen triterpenoids. IV. The structure of leucotylic acid and methyl isoleucotylate, an acid-induced isomer of methyl leucotylate, Chemical and Parmaceutical Bulletin (Tokyo) 20: 487-501.",Parmelia [Myelochroa] entotheiochroa,16-o-acetylleucotylic acid,mevalonic acid pathway,terpenoids & steroids,Terpenoids,
19-acetoxylichesterinic acid,,,,46,,,,26,,w,,No Result,No Result           ,Lilac,382,364,340,322,,,,,,,"LW UV: weak spot difficult to detect, often UV-quenching. Best seen as wet plate dries. Occurs in","19-Acetoxyprotolichesterinic acid, protolichesterinic acid, lichesterinic acid","Ghogomu, RT/ Bodo, B 1982: Structural elucidation of 13-acetoxylichesterinic and 13- acetoxyprotolichesterinic acid, two aliphatic lichen metabolites from Neoropogon trachycarpus, Phytochemistry 21: 2355-2358.",Neoropogon trachycarpus [Usnea trachycarpa],,acetyl-polymalonyl pathway,aliphatic acids & aliphatic compounds,Aliphatic acids,
19-acetoxyprotolichesterinic acid,,,,40,,,,19,,w,,No Result,No Result           ,Purple,382,364,340,322,,,,,,,"LW UV: weak spot difficult to detect, often UV-quenching. Best seen as wet plate dries. Occurs in","19-Acetoxylichesterinic acid, protolichesterinic acid, lichesterinic acid","Ghogomu, RT/ Bodo, B 1982: Structural elucidation of 13-acetoxylichesterinic and 13- acetoxyprotolichesterinic acid, two aliphatic lichen metabolites from Neoropogon trachycarpus, Phytochemistry 21: 2355-2358.",Neoropogon trachycarpus [Usnea trachycarpa],,acetyl-polymalonyl pathway,aliphatic acids & aliphatic compounds,Aliphatic acids,
"2α-acetoxystictane-3β,22α-diol",45,,33,37,19,,44,,,f,,x,P.Brown             ,Orange,,,,,,,,,,,Acid Spray: fades to purple. LW UV: fades to pink. Occurs in Pseudocphellaria degelii and Ps. flavicans,"3β-Acetoxystictane-2α,22α-diol, 3β-Acetoxystictane-22α-ol, 22α- Hydroxy-3,4-secostict-4(23)-en-3-al, 22α-Hydroxy-3,4-secostict-4(23)-en-3-oic acid, Stictane-3β,22-diol","Chin, WJ/ Corbett, RE/ Heng, CK/ Wilkins, AL 1973: Lichen and fungi. Part XI. triterpenoids. IV. Isolation and structural elucidation of a new group of triterpenes from Sticta coronata, S. colensoi, and S. flavicans, Journal of the Chemical Society, Perkin Transactions I: 1437-1446.",Pseudocphellaria degelii and Ps,,mevalonic acid pathway,terpenoids & steroids,Terpenoids,
"3β-acetoxystictane-2α,22α-diol",45,,33,40,57,,49,,,f,,x,Brown               ,Orange,,,,,,,,,,,Acid Spray: fades to purple. LW UV: fades to pink. Occurs in Pseudocphellaria degelii and Ps. flavicans,"2α-Acetoxystictane-3β,22α-diol, 3β-Acetoxystictane-22α-ol, 22α- Hydroxy-3,4-secostict-4(23)-en-3-al, 22α-Hydroxy-3,4-secostict-4(23)-en-3-oic acid, Stictane-3β,22-diol","Chin, WJ/ Corbett, RE/ Heng, CK/ Wilkins, AL 1973: Lichen and fungi. Part XI. triterpenoids. IV. Isolation and structural elucidation of a new group of triterpenes from Sticta coronata, S. colensoi, and S. flavicans, Journal of the Chemical Society, Perkin Transactions I: 1437-1446.",Pseudocphellaria degelii and Ps,,mevalonic acid pathway,terpenoids & steroids,Terpenoids,
α-acetylconstictic acid,16,,4,11,,,23,,,O,,x,Orange              ,Orange,384,370,342,314,Yellow,,,Orange,,,Occurs in Menegazzia platytrema,"Connorstictic acid, Constictic acid, Cryptostictic acid, Menegazziaic acid, Methyl stictic acid, Norstictic acid, Stictic acid","Elix, JA/ Gaul, KL/ James, PW/ Purvis, OW 1987: Three New Lichen Depsidones. Australian Journal of Chemistry 40: 417-423.",Menegazzia platytrema,,acetyl-polymalonyl pathway,depsidones,β-Orcinol Depsidones,
α-acetylhypoconstictic acid,34,,14,20,,,46,,,P,,x,P.Red               ,Pink,430,370,354,342,Yellow,,,,,,"Occurs in Menegazzia dispora, Xanthoparmelia metastrigosa","Hypoconstictic acid, Hyposalazinic acid, Hypostictic acid, 4-O- Methylhypoprotocetraric acid","Elix, JA/ Gaul, KL/ James, PW 1985: α-Acetylhypoconstictic acid, a new depsidone from the lichen Menegazzia dispora. Australian Journal of Chemistry 38: 1735-1737.","Menegazzia dispora, Xanthoparmelia metastrigosa",,acetyl-polymalonyl pathway,depsidones,β-Orcinol Depsidones,
5-o-acetyl-4-o-methylhiascic acid,30,,34,45,,,,,,G,,Red,Yellow              ,Green,1,330,304,286,,P.Red,Red,,,,Occurs in Koerberiella wimmeriana,"4-O-Methylhiascic acid, Hiascic acid","Elix, JA/ Yu, J/ Tønsberg, T 1991: 4-O-Methylhiascic acid and 5-O-acetyl-4-O-methylhiascic acid, two new lichen tridepsides. Australian Journal of Chemistry 44: 157-163.",Koerberiella wimmeriana,,,depsides,Orcinol Tridepsides,
2-o-acetyltenuiorin,63,53,,39,,,,,,G,,Red,Yellow              ,Green,1,235,224,221,,,,,,,Reported to occur in Pseudocyphellaria neglecta,Tenuiorin,"Bryan, AJ/ Elix, JA 1976: 2-O-Acetyltenuiorin, a new tridepside from the lichen Pseudocyphellaria australiensis. Australian Journal of Chemistry 29: 1147-1151.",,,,depsides,Orcinol Tridepsides,
acetyl-α-tocopherol [tocopheryl acetate; vitamin e acetate],78,90,,77,,,,,,G,,x,Yellow              ,Green,472,430,247,207,,,,,,,Occurs in Erioderma tomentosum,α-Tocopherol [vitamin E],"Hamat, ALB/ Samsudin, MWB/ Din, LB/ Elix, JA 1993: Two new depsidones from the lichen Erioderma phaeorhizum Vainio sensu lato. Australian Journal of Chemistry 46: 153-156.",Erioderma tomentosum,tocopheryl acetate; vitamin e acetate,mevalonic acid pathway,chromanes,Chromanes,
acetylportentol,65,29,,45,,,,,,N,,x,No Result           ,No Result,352,292,277,239,,,,,,,Looks like fatty acid on plate. Occurs in Roccella fuciformis,Portentol,"Aberhart, DJ/ Overton, KH/ Huneck, S 1970: Portentol: an unusual polypropionate from the lichen Roccella portentosa. Journal of the Chemical Society (C): 1612-1623.",Roccella fuciformis,,acetyl-polymalonyl pathway,aliphatic acids & aliphatic compounds,Aliphatic compound,
alectorialic acid,36,48,50,32,,,60,18,+,B,,x,P.Brown             ,Brown,,,,,Yellow,D.Red,,Yellow,,,Occurs in Alectoria nigricans,"Alectorialin, Barbatolic acid, Barbatolin, 5,7-Dihydroxy-6- methylphthalide","Persson, B/ Santesson, J 1970: Chemical studies on lichens. 27. The structure of the depside alectorialic acid. Acta Chemica Scandanavica 24: 345-346.",Alectoria nigricans,,acetyl-polymalonyl pathway,benzyl esters,Benzyl ester,
alectorialin,37,,34,13,10,,49,13,,s,,x,Grey                ,B.Blue,332,314,301,137,Yellow,Red,,Yellow,,,"LW UV: strong dark blue, light blue halo. Occurs in Alectoria nigricans","Alectorialic acid, Barbatolic acid, Barbatolin, 5,7-Dihydroxy-6- methylphthalide","Elix, JA/ Jayanthi, VK 1987: Synthetic confirmation of the structure of the lichen benzyl esters alectorialic and barbatolic acids. Australian Journal of Chemistry 40: 1841-1850.",Alectoria nigricans,,acetyl-polymalonyl pathway,benzyl esters,Benzyl ester,
alectoronic acid [α-alectoronic acid],33,34,31,17,,,,26,,f,,x,P.Yellow            ,B.Blue,494,468,450,370,,,P.Red,,,,"UV: flouresces bright blue before spraying. Acid Spray: pale yellow, grey halo. Occurs in Parmotrema","α-Collatolic acid, Lividic acid, Physodic acid, Oxyphysodic acid","Elix, JA/ Ferguson, BA/ Sargent, MV 1974: The structure of alectoronic acid and related lichen metabolites. Australian Journal of Chemistry 27: 2403-2411.",Parmotrema rigidum,α-alectoronic acid,acetyl-polymalonyl pathway,depsidones,Orcinol Depsidones,
β-alectoronic acid,7,6,,7,,,,24,,P,,x,P.Yellow            ,P.Blue,,,,,,Red,Red,,,,"Occurs in Asahinea chrysantha, Parmelia birulae","Alectoronic acid, α-Collatolic acid, β-Collatolic acid","Stepanenko, LS/ Krivoshchekova, OA/ Mishchenko, NP 1985: Chemical variations of Asahinea chrysantha. Phytochemistry 24: 254-255.","Asahinea chrysantha, Parmelia birulae",,acetyl-polymalonyl pathway,diphenyl ethers,Diphenyl ether,
alectosarmentin,19,,,12,,,,5,,s,,x,Grey                ,Purple,286,240,212,184,,Green,,,,,"Acid Spray: pale grey-blue. LW UV: strong purple, blue halo. Occurs in Alectoria sarmentosa, Cladonia","Di-O-methylstrepsilin, 7-O-Methylstrepsilin, Strepsilin","Gollapudi, SR/ Telikepalli, H/ Jampani, HB/ Mirhom, YW/ Drake, SD/ Bhattiprolu, KR/ van der Velde, D/ Mitscher, LA 1994: Alectosarmentin, a new antimicrobial dibenzofuran lactol from the lichen, Alectoria sarmentosa. Journal of Natural Products 57: 934-938.","Alectoria sarmentosa, Cladonia strepsilis",,acetyl-polymalonyl pathway,furans & furanones,Dibenzofurans,
allorhizin,57,56,52,65,32,,,,,P,,No Result,Yellow              ,Purple,398,396,361,347,,,,,,,Occurs in Pannaria allorhiza,"Allorhizin methyl ether, Norvicanicin, Vicanicin","Elix, JA/ Lajide, L/ Galloway, DJ 1982: Metabolites from the lichen genus Psoroma. Australian Journal of Chemistry 35: 2325-2333.",Pannaria allorhiza,,acetyl-polymalonyl pathway,depsidones,β-Orcinol Depsidones,
alternariol,32,,30,10,,,,11,,P,,x,P.Yellow            ,Purple,258,,,,,,,,,,Minor constituent of Pertusaria praecipua,9-O-Methylalternariol,"Archer, AW/Elix, JA 1998: The lichen genus Pertusaria (Lichenised Ascomycotina) in Papua New Guinea: three new species and two new reports. Mycotaxon 69: 311-318.",,,acetyl-polymalonyl pathway,coumarins,"3,4-Benzocoumarins",
angardianic acid,42,,60,48,,,,,,N,,x,No Result           ,No Result,328,310,292,282,,,,,,,Occurs in Lepraria alpina,Roccellic acid,"Leuckert, C/Kümmerling, H 1991: Chemotanomische Studien in der Gattung Leproloma Nyl. ex Crombie (Lichenes). Nova Hedwigia 52: 17-32.",Lepraria alpina,,acetyl-polymalonyl pathway,aliphatic acids & aliphatic compounds,Aliphatic acids,
anhydrofusarubin lactol,40,,11,32,,,,13,+,P,,x,Grey                ,Pink,,,,,Red,,,,,,"Violet pigment. Occurs in Xanthoparmelia violacea, X. quinonella",Fusarubin,"Elix, JA/Wardlaw, JH 2001: Anhydrofusarubin lactol from lichen sources. Australasia Lichenology 49: 10-11.","Xanthoparmelia violacea, X",,acetyl-polymalonyl pathway,quinones,Naphthaquinone,
anhydrofusarubin lactol methyl ketal,54,,23,45,,,,26,+,P,,x,Grey                ,Pink,,,,,Red,,,,,,"Violet pigment. Occurs in Xanthoparmelia violacea, X. quinonella","Anhydrofusarubin lactol, Fusarubin","Elix, JA/Wardlaw, JH 2001: Anhydrofusarubin lactol from lichen sources. Australasia Lichenology 49: 10-11.","Xanthoparmelia violacea, X",,acetyl-polymalonyl pathway,quinones,Naphthaquinone,
anziaic acid,40,59,55,33,,,,35,,s,,Orange,P.Yellow            ,Green,,,,,,Red,Red,,,,"Acid Spray: strong-pale yellow, grey halo. LW UV: strong-purple, green halo. Occurs in Anzia japonica","4-O-Demethylmicrophyllinic acid, 2'-O-Methylanziaic acid, Olivetoric acid, Perlatolic acid References: Culberson, CF 1969: Chemical and botanical guide to lichen products. Univ. North Carolina Press, Chapel Hill: 114. Huneck, S/ Yoshimura, I 1996: Identification of Lichen Substances. Springer-Verlag, Berlin, Heidelberg, New York: 237. Notes: Acid Spray: strong-pale yellow, grey halo. LW UV: strong-purple, green halo. Occurs in Anzia japonica","Culberson, CF 1969: Chemical and botanical guide to lichen products. Univ. North Carolina Press, Chapel Hill: 114. Huneck, S/ Yoshimura, I 1996: Identification of Lichen Substances. Springer-Verlag, Berlin, Heidelberg, New York: 237.",Anzia japonica,,acetyl-polymalonyl pathway,depsides,Orcinol Depsides,
aphthosin,0,0,1,0,,,,,,G,,x,P.Yellow            ,Green,,,,,,,,,,,"Acid Spray: pale yellow, grey halo. Occurs in Peltigera aphthosa","2’,2”-Di-O-methyltenuiorin, Gyrophoric acid, Methyl gyrophorate, 2’-O- Methyltenuiorin, 2”-O-Methyltenuiorin, Tenuiorin","Bachelor, FW/ King, GG 1970: Chemical constituents of lichens: aphthosin, a homologue of peltigerin. Phytochemistry 9: 2587-2589.",Peltigera aphthosa,,acetyl-polymalonyl pathway,depsides,Orcinol Tetradepsides,
argopsin,77,,73,82,43,95,,43,,P,,x,Blue                ,Purple,400,398,396,,,,,Orange,,,"Occurs in Argopsis spp., Micarea lignaria, M. leprosula","Norargopsin, Norpannarin, Pannarin","Huneck, S/ Lamb, IM 1975: 1’-Chloropannarin, a new depsidone from Argopsis friesiana: notes on the structure of pannarin and on the chemistry of the lichen genus Argopsis. Phytochemistry 14: 1625-1628.",Argopsis spp,,acetyl-polymalonyl pathway,depsidones,β-Orcinol Depsidones,
arthogalin,,,,40,,,,,,G,,x,P.Brown             ,Green-blue,446,402,331,232,,,,,,,Occurs in Arthothelium galapagoensis,"Reference: Huneck, S/ Himmelreich, U/ Nicholson, G 1995: Arthogalin, a cyclic depsipeptide from the licchen . Arthothelium galapagoensis. Zeitschrift für Naturforschung 50B; 101. Notes: Occurs in Arthothelium galapagoensis","Huneck, S/ Himmelreich, U/ Nicholson, G 1995: Arthogalin, a cyclic depsipeptide from the licchen . Arthothelium galapagoensis. Zeitschrift für Naturforschung 50B; 101.",Arthothelium galapagoensis,,shikimic acid pathway,amino acid derivatives,Amino acid derivative,
arthoniaic acid,31,15,,13,43,,,18,,B,,x,Pink                ,Blue,,,,,,Orange-red,Red,Orange,,,Occurs in Arthonia pruinata,"4-O-Demethylmicrophyllinic acid, 2’-O-Methylmicrophyllinic acid, Microphyllinic acid","Huneck, S/ Schreiber, K/ Snatzke/ Fehlhaber, H-W 1970: 70. Mitteilung über Flechteninhaltstoffe. Arthoniasäure, ein neues Depsid aus Arthonia impolita (Ehrh.) Borr. Zeitschrift für Naturforschung 25B: 49-53.",Arthonia pruinata,,acetyl-polymalonyl pathway,depsides,Orcinol Depsides,
"arthothelin [2,4,5-trichloronorlichexanthone]",43,,40,35,15,32,,35,+,G,,x,Orange              ,Green,366,364,362,360,,Orange,,,,,"Pale yellow pigment. Occurs in Buellia halonia, Lecanora straminea","4,5-Dichloronorlichexanthone, 6-O-Methylarthothelin, Thiophanic acid, Thuringione","Huneck, S/ Höfle, G 1978: Struktur und 13C-NMR-Spektroskopie von chlorhältigen Flechtenxanthonen. Tetrahedron 34: 2491-2502.","Buellia halonia, Lecanora straminea","2, 4, 5-trichloronorlichexanthone",acetyl-polymalonyl pathway,xanthones & ergochromes,Xanthones,
"asahinin [1,4,5,6,8-pentahydroxy-3-methylanthraquinone]",,,,,,,,,+,R,,x,Orange              ,Red,302,286,274,,Red,,,,,,Red-orange pigment. Minor component in Asahinea chrysantha,"Cynodontin References: Mishchenko, NP/ Stepanenko, NL/ Krivoshchekova, OA/ Maximov, OB 1980: Anthraquinones of Asahinea chrysantha. Khimiya Prirodnykh Soedinenii 2: 160-165. Notes: Red-orange pigment. Minor component in Asahinea chrysantha","Mishchenko, NP/ Stepanenko, NL/ Krivoshchekova, OA/ Maximov, OB 1980: Anthraquinones of Asahinea chrysantha. Khimiya Prirodnykh Soedinenii 2: 160-165.",,"1, 4, 5, 6, 8-pentahydroxy-3-methylanthraquinone",acetyl-polymalonyl pathway,quinones,Anthraquinones,
ascomatic acid,37,,32,45,,,,30,,B,,x,B.Blue              ,Blue,300,285,268,267,,,,,,,Occurs in Bunodophoron patagonicum,"Methyl ascomatate, 7-O-Methylnorascomatic acid, Hypostrepsilic acid","Elix, JA/ Venables, D/ Wedin, M 1994: 70. New dibenzofurans and depsides from the lichen Bunodophoron patagonicum. Australian Journal of Chemistry 47: 1335-1344.",Bunodophoron patagonicum,,acetyl-polymalonyl pathway,furans & furanones,Dibenzofurans,
"asemone [4,5,7-trichloronorlichexanthone]",47,,55,38,7,20,,37,+,B,,x,P.Yellow            ,B.Blue,366,364,362,360,,Orange,,,,,Pale yellow pigment. Occurs in Micarea isabellina,"4,5-Dichloronorlichexanthone, 5,7-Dichloronorlichexanthone, 3-O- Methylasemone, 6-O-Methylasemone, Thiophanic acid,","Sundholm, EG 1979: Synthesis and 13C NMR Spectra of some 5-chloro substituted lichen xanthones. Acta Chemica Scandanavica 33B: 475-482.",Micarea isabellina,"4, 5, 7-trichloronorlichexanthone",acetyl-polymalonyl pathway,xanthones & ergochromes,Xanthones,
aspicilin,20,,14,11,7,,,22,,L,,x,No Result           ,Lilac,328,310,284,227,,,,,,,Occurs in Aspicilia caesiocinerea,x,"Huneck, S/ Schreiber, K/ Steglich, W 1973: Flechteninhaltstoffe- XCVIII. Struktur des Aspicilin. Tetrahedron 29: 3687-3693.",Aspicilia caesiocinerea,,acetyl-polymalonyl pathway,aliphatic acids & aliphatic compounds,Aliphatic compounds,
atranorin,76,78,73,79,57,85,,38,,O,,Orange,Orange              ,Orange,374,196,179,178,P.Yellow,,,P.Yellow,,,Very common lichen metabolite. Occurs in Physcia caesia,"Chloroatranorin, 2'-O-Methylatranorin, Methyl 4-O-demethylbarbatate , Methyl 3α-hydroxy-4-O-demethylbarbatate, Norbaeomycesic acid References: Culberson, CF 1969: Chemical and botanical guide to lichen products. Univ. North Carolina Press, Chapel Hill: 141. Huneck, S/ Yoshimura, I 1996: Identification of Lichen Substances. Springer-Verlag, Berlin, Heidelberg, New York: 238. Notes: Very common lichen metabolite. Occurs in Physcia caesia","Culberson, CF 1969: Chemical and botanical guide to lichen products. Univ. North Carolina Press, Chapel Hill: 141. Huneck, S/ Yoshimura, I 1996: Identification of Lichen Substances. Springer-Verlag, Berlin, Heidelberg, New York: 238.",Physcia caesia,,acetyl-polymalonyl pathway,depsides,β-Orcinol Depsides,
averantin,,,,,,,,,+,P,,x,P.Red               ,Pink,,,,,Purple,,,,,,Yellow-orange pigment. Occurs in Solorina crocea,"6-O-Methylaverythrin, Norsolorinic acid, Solorinic acid","Steglich, W/ Jedtke, K-F 1976: Neue Anthachinonfarbstoffe aus Solorina crocea. Zeitschrift für Naturforschung 31C: 197-198.",Solorina crocea,,acetyl-polymalonyl pathway,quinones,Anthraquinones,
averythrin,42,,53,25,9,,,,+,b,,x,P.Red               ,Pink,354,325,311,300,Purple,,,,,,Red-orange pigment. LW UV: bright pink initially. Occurs in Solorina crocea,"Averantin, 6-O-Methylaverythrin, Norsolorinic acid, Solorinic acid","Ebizuka, Y/ Sankawa, U/ Shibata, S 1970: The constituents of Solorina crocea: averythrin 6- monomethyl ether and methyl gyrophorate. Phytochemistry 9: 2061-2063.",Solorina crocea,,acetyl-polymalonyl pathway,quinones,Anthraquinones,
baeomycesic acid,39,40,41,42,9,,,28,,o,,Orange,B.Yellow            ,Orange,374,194,193,182,Yellow,,,Yellow,,,"Acid Spray: strong-yellow, grey halo. LW UV: orange, pale orange halo. Occurs in Dibaeis sp.","Barbatic acid, Haemathamnolic acid, 3α-Hydroxybarbatic acid, Norbaeomycesic acid, Squamatic acid References: Culberson, CF 1969: Chemical and botanical guide to lichen products. Univ. North Carolina Press, Chapel Hill: 145. Huneck, S/ Yoshimura, I 1996: Identification of Lichen Substances. Springer-Verlag, Berlin, Heidelberg, New York: 239. Notes: Acid Spray: strong-yellow, grey halo. LW UV: orange, pale orange halo. Occurs in Dibaeis sp.","Culberson, CF 1969: Chemical and botanical guide to lichen products. Univ. North Carolina Press, Chapel Hill: 145. Huneck, S/ Yoshimura, I 1996: Identification of Lichen Substances. Springer-Verlag, Berlin, Heidelberg, New York: 239.",Dibaeis sp,,acetyl-polymalonyl pathway,depsides,β-Orcinol Depsides,
barbatic acid,44,69,67,52,,,,37,,s,,D.Red,Yellow              ,P.Yellow,360,196,182,179,,,Orange,,,,"Acid Spray: strong to pale yellow, grey halo. LW UV: strong-purple, pale yellow halo. Widespread.","Baeomycesic acid, 4-O-Demethylbarbatic acid, Diffractaic acid, 3α- Hydroxybarbatic acid, Methyl barbatate, Norobtusatic acid, Obtusatic acid, Squamatic acid References: Culberson, CF 1969: Chemical and botanical guide to lichen products. Univ. North Carolina Press, Chapel Hill: 145. Huneck, S/ Yoshimura, I 1996: Identification of Lichen Substances. Springer-Verlag, Berlin, Heidelberg, New York: 239. Notes: Acid Spray: strong to pale yellow, grey halo. LW UV: strong-purple, pale yellow halo. Widespread.","Culberson, CF 1969: Chemical and botanical guide to lichen products. Univ. North Carolina Press, Chapel Hill: 145. Huneck, S/ Yoshimura, I 1996: Identification of Lichen Substances. Springer-Verlag, Berlin, Heidelberg, New York: 239.",,,acetyl-polymalonyl pathway,depsides,β-Orcinol Depsides,
barbatolic acid,9,48,52,26,,,45,16,+,P,,x,P.Brown             ,P.Yellow,,,,,Yellow,,,Orange,,,Visible: strong-very pale yellow. Acid Spray: pale yellow-brown. Occurs in Bryoria capillaris,"Alectorialic acid, Alectorialin, Barbatolin, 6-Formyl-5,7- dihydroxyphthalide References: Culberson, CF 1969: Chemical and botanical guide to lichen products. Univ. North Carolina Press, Chapel Hill: 166. Huneck, S/ Yoshimura, I 1996: Identification of Lichen Substances. Springer-Verlag, Berlin, Heidelberg, New York: 312. Notes: Visible: strong-very pale yellow. Acid Spray: pale yellow-brown. Occurs in Bryoria capillaris","Culberson, CF 1969: Chemical and botanical guide to lichen products. Univ. North Carolina Press, Chapel Hill: 166. Huneck, S/ Yoshimura, I 1996: Identification of Lichen Substances. Springer-Verlag, Berlin, Heidelberg, New York: 312.",Bryoria capillaris,,acetyl-polymalonyl pathway,benzyl esters,Benzyl esters,
barbatolin,46,48,43,30,13,,60,10,,B,,x,Yellow              ,Brown,346,179,177,150,Yellow,,,Orange,,,Minor constituent of Bryoria nadvornikiana,"Alectorialic acid, Alectorialin, Barbatolic acid, 6-Formyl-5,7- dihydroxyphthalide","Elix, JA/ Jayanthi, VK 1987: Synthetic confirmation of the structure of the lichen benzyl esters alectorialic and barbatolic acids. Australian Journal of Chemistry 40: 1841-1850.",,,acetyl-polymalonyl pathway,benzyl esters,Benzyl esters,
biruloquinone,80,13,,30,,,45,,+,N,,x,Purple              ,No Result,326,298,297,280,,,,,,,Violet pigment. Occurs in Parmelia birulae,x,"Arnone, A/ Nasini, G/ Vajna de Pava, O 1991: A reinvestigation of the structure of biruloquinone, a 9,10-phenanthraquinone isolated from Mycosphaerella rubella. Phytochemistry 30: 2729-2731.",Parmelia birulae,,acetyl-polymalonyl pathway,quinones,Phenanthraquinones,
"7,7'-bis(3-ethyl-2,5,6,8-tetrahydroxynaphtho-1,4-quinone) [bisnorcristazarin]",32,,,,,,,,+,M,,,Red                 ,Magenta,499,498,497,483,Red,,,,,,Occurs in Flavocetraria cucullata,"7-Demethylcristazarin, 6-Methylcristazarin, Cristazarin","Krivoshchekova, OE/ Maximov, OB/ Stepanenko, LS/ Mishchenko, NP 1982: Quinones of the lichen Cetraria cucullata. Phytochemistry 21: 193-196.",Flavocetraria cucullata,bisnorcristazarin,acetyl-polymalonyl pathway,quinones,Naphthaquinones,
boninic acid,44,48,41,46,,,,31,,P,,x,P.Brown             ,Purple,416,236,224,207,,,,,,,"Acid Spray: strong-pale yellow-brown, brown halo. Occurs in Ramalina boninensis","4,4'-Di-O-methylcryptochlorophaeic acid, 2,4'-Di-O-methylnorsekikaic acid, Homosekikaic acid, 4'-O-Methylpaludosic acid, 2-O-Methylsekikaic acid, Paludosic acid, Sekikaic acid References: Culberson, CF 1969: Chemical and botanical guide to lichen products. Univ. North Carolina Press, Chapel Hill: 129. Huneck, S/ Yoshimura, I 1996: Identification of Lichen Substances. Springer-Verlag, Berlin, Heidelberg, New York: 240. Notes: Acid Spray: strong-pale yellow-brown, brown halo. Occurs in Ramalina boninensis","Culberson, CF 1969: Chemical and botanical guide to lichen products. Univ. North Carolina Press, Chapel Hill: 129. Huneck, S/ Yoshimura, I 1996: Identification of Lichen Substances. Springer-Verlag, Berlin, Heidelberg, New York: 240.",Ramalina boninensis,,acetyl-polymalonyl pathway,depsides,Orcinol Depsides,
"boryquinone        [3-ethyl-2,5,7,8-tetrahydroxy-6-methylnaphtho-1,4-quinone, 6-methylnorcristazarin]",34,,54,16,,,,26,+,P,,x,Purple              ,P.Brown,264,249,236,221,Violet,,,,,,Red pigment in Cladonia boryi,Hybocarpone,"Huneck, S/ Ahti, T 1982: Lichen substances. Part 130. The chemistry of Cladonia boryi. Pharmazie 37: 302.",,"3-ethyl-2, 5, 7, 8-tetrahydroxy-6-methylnaphtho-1, 4-quinone, 6-methylnorcristazarin",acetyl-polymalonyl pathway,quinones,Naphthaquinones,
bourgeanic acid,54,61,62,48,,,,,,P,,x,No Result           ,No Result,387,,,,,,,,,,Occurs in Ramalina bourgeana,x,"Huneck, S/ Yoshimura, I 1996: Identification of Lichen Substances. Springer-Verlag, Berlin, Heidelberg, New York: 143.",Ramalina bourgeana Brialmontin 1 A: 72 B: x B': 75 C: 70 E: 76 F: x G: x HPLC: 37 V: − UV: + Acid Spray: P,,acetyl-polymalonyl pathway,aliphatic acids & aliphatic compounds,Aliphatic acids,
buellolide,72,,45,63,51,,,23,,P,,x,No Result           ,Purple,436,434,432,219,,,,,,,Best seen under SW UV before spraying. Occurs in Diploicia cansescens,"Canesolide, 3-Dechlorodiploicin, 3-Dechloro-4-O-methyldiploicin, Diploicin","Sala, T/ Sargent, MV/ Elix, JA 1981: Depsidone Synthesis. Part 15. New Metabolites of the Lichen Buellia canescens (Dicks.) De Not: Novel Phthalide Catabolites of Depsidones. Journal of the Chemical Society, Perkin Transactions I: 849-854.",Diploicia cansescens Butlerin A A: 76 B: x B': 45 C: 65 E: x F: x G: x HPLC: 24 V: − UV: + Acid Spray: P,,acetyl-polymalonyl pathway,diphenyl ethers,Diphenyl ethers,
caloploicin,65,,69,58,29,,,39,,s,,x,P.Grey              ,Purple,406,404,402,367,,,,,,,"Acid Spray: pale grey; if weak, no result. LW UV: strong-purple. Occurs in Caloplaca leptozona","Diploicin, Fulgidin, Fulgoicin, Isofulgidin, Vicanicin","Yosioka, I/ Hino, K/ Fujio, M/ Kitagawa, I 1971: A new trichlorodepsidone from a lichen of the genus Caloplaca. Chemical and Parmaceutical Bulletin (Tokyo) 19: 1070-1073.",Caloplaca leptozona,,acetyl-polymalonyl pathway,depsidones,Orcinol β-Orcinol Depsidone,
calycin,78,81,79,88,40,,,47,+,Y,,x,Yellow              ,Yellow,306,250,161,153,,,,,,,Yellow-orange pigment. Occurs in Candelariella spp. and Pseudocyphellaria aurata:,"Calycinic acid, Pulvinic acid, Pulvinic dilactone, Pulvinamide References: Culberson, CF 1969: Chemical and botanical guide to lichen products. Univ. North Carolina Press, Chapel Hill: 210. Huneck, S/ Yoshimura, I 1996: Identification of Lichen Substances. Springer-Verlag, Berlin, Heidelberg, New York: 399. Notes: Yellow-orange pigment. Occurs in Candelariella spp. and Pseudocyphellaria aurata:","Culberson, CF 1969: Chemical and botanical guide to lichen products. Univ. North Carolina Press, Chapel Hill: 210. Huneck, S/ Yoshimura, I 1996: Identification of Lichen Substances. Springer-Verlag, Berlin, Heidelberg, New York: 399.",Candelariella spp,,shikimic acid pathway,pulvinic acid derivatives,Pulvinic acid derivatives,
calycinic acid,8,32,,,,,,,+,Y,,x,Yellow              ,Yellow,324,306,161,,,,,,,,Yellow pigment. Minor component in Pseudocyphellaria crocata,"Calycin, Pulvinic acid, Pulvinic dilactone","Maass, WSG 1970: Lichen substances IV. Incorporation of 14C-pulvinic acids into calycin by the lichen Pseudocyphellaria crocata. Canadian Journal of Biochemistry 48: 1241-1248.",,,shikimic acid pathway,pulvinic acid derivatives,Pulvinic acid derivatives,
canarione,4,,2,3,,,,4,+,R,,x,Purple-brown        ,Reddish purple,272,244,216,203,,,,,,,Red pigment. Occurs in Lethariella canariensis,"Calycinic acid, Pulvinic acid, Pulvinic dilactone, Pulvinamide References: Huneck, S/ Steglich, W/ Höfle, G 1977: Canarion, ein neues Naphthachinon aus Usnea canariensis. Phytochemistry 16: 121-123. Notes: Red pigment. Occurs in Lethariella canariensis","Huneck, S/ Steglich, W/ Höfle, G 1977: Canarion, ein neues Naphthachinon aus Usnea canariensis. Phytochemistry 16: 121-123.",Lethariella canariensis,,acetyl-polymalonyl pathway,quinones,Naphthaquinone,
canesolide,73,,63,71,45,,,21,,P,,x,No Result           ,Purple,472,470,468,466,,,,,,,Best seen under SW UV before spraying. Occurs in Diploicia canescens,"Buellolide, Diploicin, 3-Dechlorodiploicin, 3-Dechloro-4-O- methyldiploicin","Sala, T/ Sargent, MV/ Elix, JA 1978: New metabolites of the lichen Buellia canescens (Dicks.) De Not: novel phathalide catabolites of depsidones. Chemical Communications 1041-1042",Diploicia canescens,,acetyl-polymalonyl pathway,diphenyl ethers,Diphenyl ethers,
caperatic acid,4,27,32,6,,,22,,,s,,x,No Result           ,No Result,402,384,371,366,,,,,,,"LW UV: strong-white. Occurs in Flavoparmelia caperata, F. haysomii","Methyl 3,4-dicarboxy-3-hydroxy-19-oxoeicosanoate, Norcaperatic acid References: Culberson, CF 1969: Chemical and botanical guide to lichen products. Univ. North Carolina Press, Chapel Hill: 101. Huneck, S/ Yoshimura, I 1996: Identification of Lichen Substances. Springer-Verlag, Berlin, Heidelberg, New York: 143. Notes: LW UV: strong-white. Occurs in Flavoparmelia caperata, F. haysomii","Culberson, CF 1969: Chemical and botanical guide to lichen products. Univ. North Carolina Press, Chapel Hill: 101. Huneck, S/ Yoshimura, I 1996: Identification of Lichen Substances. Springer-Verlag, Berlin, Heidelberg, New York: 143.","Flavoparmelia caperata, F",,acetyl-polymalonyl pathway,aliphatic acids & aliphatic compounds,Aliphatic acids,
catenarin,55,,62,40,37,67,,,+,R,,x,Orange              ,Red,286,258,230,,Red,,,,,,Red-orange pigment. Minor component in Catenarina desolata,"7-Chlorocatenarin, Emodin","Søchting, U/ Søgard, M/ Elix, JA/ Arup, U/ Elvebaak, D/ Sancho, LG 2014: Catenarina (Teloschistaceae, Ascomycota), a new Southern Hemisphere genus with 7-chlorocatenarin. Lichenologist 46: 175-188.",,,acetyl-polymalonyl pathway,quinones,Anthraquinones,
chiodectonic acid,0,,2,1,,,1,11,+,P,,x,Grey                ,Pink,334,319,316,291,P.Red,,,,,,Purple-red pigment; turns bright crimson as soon as wet with H 2SO4. Occurs in Herpothallon,"Rhodocladonic acid References: Huneck, S 1976: Inhaltstoffe von Pyxine coccifera. Phytochemistry 15: 799-801 Notes: Purple-red pigment; turns bright crimson as soon as wet with H 2SO4. Occurs in Herpothallon rubrocincta, Pyxine coccifera","Huneck, S 1976: Inhaltstoffe von Pyxine coccifera. Phytochemistry 15: 799-801","Herpothallon rubrocincta, Pyxine coccifera",,acetyl-polymalonyl pathway,quinones,Naphthaquinones,
chalybaeizanic acid,11,,5,10,,,,10,,O,,x,Orange              ,Orange,386,341,340,,Red,,,Orange,,,Occurs in Xanthoparmelia chalybaeizans,"Consalazinic acid, Salazinic acid","Elix, JA/ Wardlaw, JH 1999: The structure of chalybaeizanic acid and quaesitic acid, two new lichen depsidones related to salazinic acid. Australian Journal of Chemistry 52: 713-715.",Xanthoparmelia chalybaeizans,,acetyl-polymalonyl pathway,depsidones,β-Orcinol Depsidones,
chloroatranorin,74,79,73,81,30,60,,42,±,O,,Orange,Orange              ,Orange,408,215,213,196,P.Yellow,,,Yellow,,,Visible (pale orange) in E; if very strong visible in all solvents. Widespread,"Atranorin, Methyl 5-chloro-4-O-demethylbarbatate, Methyl 4-O- demethylbarbatate, Methyl 3α-hydroxy-4-O-demethylbarbatate References: Culberson, CF 1969: Chemical and botanical guide to lichen products. Univ. North Carolina Press, Chapel Hill: 146. Huneck, S/ Yoshimura, I 1996: Identification of Lichen Substances. Springer-Verlag, Berlin, Heidelberg, New York: 241. Notes: Visible (pale orange) in E; if very strong visible in all solvents. Widespread","Culberson, CF 1969: Chemical and botanical guide to lichen products. Univ. North Carolina Press, Chapel Hill: 146. Huneck, S/ Yoshimura, I 1996: Identification of Lichen Substances. Springer-Verlag, Berlin, Heidelberg, New York: 241.",,,acetyl-polymalonyl pathway,depsides,β-Orcinol Depsides,
7-chlorocatenarin,55,,60,48,15,,,,+,R,,x,Orange              ,Red,322,320,,,Red,,,,,,Red-orange pigment. Minor component in Catenarina desolata,"Catenarin, 7-Chloroemodic acid, 7-Chloroemodin, 7-Chloroemodinal, 7- Chlorocitreorosein, Emodin","Søchting, U/ Søgard, M/ Elix, JA/ Arup, U/ Elvebaak, D/ Sancho, LG 2014: Catenarina (Teloschistaceae, Ascomycota), a new Southern Hemisphere genus with 7-chlorocatenarin. Lichenologist 46: 175-188.",,,acetyl-polymalonyl pathway,quinones,Anthraquinones,
7-chlorocitreorosein,18,,22,12,1,,,17,+,Y,,x,Yellow              ,Yellow,322,320,291,264,Violet,,,,,,Intense yellow-orange pigment. Occurs in Caloplaca spitsbergensis,"7-Chloroemodin, 7-Chloroemodinal, 7-Chloroemodic acid, Emodin","Elix, JA/ Wardlaw, JH/ Søchting, U 2000: Two new anthraquinones from the lichen Caloplaca spitsbergensis. Herzogia 14: 27-30.",Caloplaca spitsbergensis,,acetyl-polymalonyl pathway,quinones,Anthraquinones,
3-chloro-4-o-demethylmicrophyllinic acid,35,,34,22,,,,25,,B,,x,Orange              ,B.Blue,284,283,282,248,,Pink,Red,,,,Occurs in Hypotrachyna leiophylla,4-O-Demethylmicrophyllinic acid,"Elix, JA/ Wardlaw, JH 2000: A new chloro-depside from the lichen Hypotrachyna leiophylla. Australian Journal of Chemistry 53: 1007-1008.",Hypotrachyna leiophylla,,acetyl-polymalonyl pathway,depsides,Orcinol Depsides,
8-chlorodioxocondidymic acid,56,,37,44,,,,17,,P,,Green,Blue                ,Purple,462,460,444,,,Green,,,,,Minor component in Letrouitia vulpina,"8-Chlorodioxodidymic acid, 8-Chlorooxodidymic acid, Dioxocondidymic acid, Dioxodidymic acid, Letrouitic acid, Oxodidymic acid","Johansson, S/ Søchting, U/ Elix, JA/ Wardlaw, JH 2005: Chemical variation in the lichen genus Letrouitia (Ascomycota, Letrouitiaceae). Mycological Progress 4: 139-148.",,,acetyl-polymalonyl pathway,furans & furanones,Dibenzofurans,
8-chlorodioxodidymic acid,44,,27,35,,,,17,,P,,Green,Blue                ,Purple,434,432,416,,,Green,,,,,Minor component in Letrouitia vulpina,"8-Chlorodioxocondidymic acid, 8-Chlorooxodidymic acid, Dioxocondidymic acid, Dioxodidymic acid, Letrouitic acid, Oxodidymic acid","Johansson, S/ Søchting, U/ Elix, JA/ Wardlaw, JH 2005: Chemical variation in the lichen genus Letrouitia (Ascomycota, Letrouitiaceae). Mycological Progress 4: 139-148.",,,acetyl-polymalonyl pathway,furans & furanones,Dibenzofurans,
"7-chloro-1,6-di-o-methylemodin [1-o-methylfragilin]",57,,36,47,16,,,35,+,O,,x,Yellow              ,Orange,334,332,316,314,Purple,,,,,,Orange pigment. Occurs in Nephroma laevigatum and N. tangeriense,"7-Chloro-1-O-methylemodin, 7-Chloroemodin, Fragilin","Bendz, G/ Bohman, G/ Santesson, J 1967: Chemical studies on lichens 9. Chlorinated anthraquinones from Nephroma laevigatum. Acta Chemica Scandanavica 21: 2889-2891.",Nephroma laevigatum and N,1-o-methylfragilin,acetyl-polymalonyl pathway,quinones,Anthraquinones,
"7-chloro-1,8-di-o-methylemodin [8-o-methylfragilin]",,,,,42,,,37,+,O,,x,Yellow              ,Orange,334,332,316,314,Purple,,,,,,Yellow-orange pigment. Occurs in Nephroma laevigatum and Caloplaca xanthaspis,"7-Chloroemodin, Fragilin","Bohman, G 1968: Chemical studies on lichens 11. Anthraquinones from Nephroma laevigatum. Arkiv för Kemi 30: 217-223.",Nephroma laevigatum and Caloplaca xanthaspis,8-o-methylfragilin,acetyl-polymalonyl pathway,quinones,Anthraquinones,
3-chlorodivaricatic acid,40,,57,46,,,,32,,G,,Orange,P.Yellow            ,Green,442,244,228,226,,,,,,,"Acid Spray: strong-pale yellow, grey halo. Occurs in Thelomma mammosum","3-Chloroperlatolic acid, 3-Chlorostenosporic acid, Divaricatic acid","Huneck, S/ Sundholm, G/ Follmann, G 1980: Chlorodivaricatsäure, ein neues Depsid aus Thelomma mammosum. Phytochemistry 19: 645-649.",Thelomma mammosum,,acetyl-polymalonyl pathway,depsides,Orcinol Depsides,
5-chlorodivaricatic acid,42,,62,46,,,,33,,G,,Orange,P.Yellow       LW UV,Green,,,,,,,,,,,Minor component in Dimelaena cf. radiata,"3-Chlorodivaricatic acid, Divaricatic acid","Elix, JA/ Mayrhofer, H/Wippel, A 1995: 5-Chlorodivaricatic acid, a new depside from the lichen genus Dimelaena. Australasian Lichenological Newsletter 36: 25-26.",,,acetyl-polymalonyl pathway,depsides,Orcinol Depsides,
7-chloroemodic acid,46,,37,36,,,,23,+,Y,,x,Yellow              ,Yellow,336,334,,,Violet,,,,,,Intense yellow-orange pigment. Occurs in Caloplaca spitsbergensis,"7-Chloroemodin, 7-Chloroemodinal, 7-Chlorocitreorosein, Emodin","Elix, JA/ Wardlaw, JH/ Søchting, U 2000: Two new anthraquinones from the lichen Caloplaca spitsbergensis. Herzogia 14: 27-30.",Caloplaca spitsbergensis,,acetyl-polymalonyl pathway,quinones,Anthraquinones,
4-chloroemodin,68,,48,54,49,,,36,+,O,,x,Yellow              ,Orange,306,304,,,Purple,,,,,,"Intense yellow pigment. Acid Spray: Yellow when cold, brown when hot. Occurs in Caloplaca",Emodin,"Kondratyuk, SY/ Kärnefelt, I/ Elix, JA/ Thell, A 2009: Contributions to the Teloschistaceae, with particular reference to the Southern Hemisphere. Bibliotheca Lichenologica 100: 207-282.",Caloplaca michelagoensis,,acetyl-polymalonyl pathway,quinones,Anthraquinones,
5-chloroemodin,,,,56,,,,35,+,O,,x,Yellow              ,Orange,306,304,,,Purple,,,,,,Intense yellow pigment. Occurs in Heterodermia obscurata,"5,7-Dichloroemodin, Emodin","Cohen, PA/ Towers, GHN 1995: The anthraquinones of Heterodermia obscurata. Phytochemistry 40: 911-915.",Heterodermia obscurata,,acetyl-polymalonyl pathway,quinones,Anthraquinones,
7-chloroemodin,55,,56,47,11,,,38,+,O,,x,Yellow              ,Orange,306,304,,,Purple,,,,,,Intense yellow pigment. Occurs in Heterodermia obscurata,"5,7-Dichloroemodin, Emodin, Fragilin, 7-Chloroemodic Acid","Sargent, MV/ Smith, DO’N/ Elix, JA 1970: The minor anthraquinones of Xanthoria parietina (L.) Beltram, the chlorination of parietin and the synthesis of fragilin and 7-chloroemodin (“AO-1”). Journal of the Chemical Society (C): 307-311.",Heterodermia obscurata,,acetyl-polymalonyl pathway,quinones,Anthraquinones,
7-chloroemodinal,32,,,27,10,,,19,+,Y,,x,Yellow              ,Yellow,320,318,289,,Violet,,,,,,Intense yellow-orange pigment. Occurs in Caloplaca spitsbergensis,"7-Chloroemodin, 7-Chloroemodic acid, 7-Chlorocitreorosein, Emodin","Elix, JA/ Wardlaw, JH/ Søchting, U 2000: Two new anthraquinones from the lichen Caloplaca spitsbergensis. Herzogia 14: 27-30.",Caloplaca spitsbergensis,,acetyl-polymalonyl pathway,quinones,Anthraquinones,
7-chlorofallacinal,63,,50,55,20,,,21,+,b,,x,Yellow              ,Orange,334,332,303,289,Violet,,,,,,"Yellow pigment. SW UV: bright orange before spraying. Minor constituent of Caloplaca sp., Letrouitia","7-Chloroparietinic acid, Fallacinal, Fragilin","Nakano, H/ Komiya, T/ Shibata, S 1972: Anthraquinones of the lichens of Xanthoria and Caloplaca and their cultivated mycobionts. Phytochemistry 11: 3505-3508.",,,acetyl-polymalonyl pathway,quinones,Anthraquinones,
3-chloroisosubdivaricatic acid,36,,45,34,,,,29,,G,,Orange,P.Yellow            ,Green,394,229,228,227,,,,,,,Minor component in Dimelaena radiata,"3-Chlorodivaricatic acid, Subdivaricatic acid, 3-Chlorosubdivaricatic acid","Elix, JA/ Giralt, M/Wardlaw, JH 2003: New chloro-depsides from the lichen Dimelaena radiata. Bibliotheca Lichenologica 86: 1-7.",,,acetyl-polymalonyl pathway,depsides,Orcinol Depsides,
3-chlorolecanoric acid,34,,41,30,,,,18,,G,,Orange,P.Yellow            ,Green,352,187,186,185,,Red,,,,,Minor component in Dimelaena radiata,"Lecanoric acid, 5-Chlorolecanoric acid, 3-Chloronordivaricatic acid","Elix, JA/ Giralt, M/Wardlaw, JH 2003: New chloro-depsides from the lichen Dimelaena radiata. Bibliotheca Lichenologica 86: 1-7.",,,acetyl-polymalonyl pathway,depsides,Orcinol Depsides,
5-chlorolecanoric acid,33,,44,29,,,,18,,G,,x,P.Yellow            ,Green,352,187,186,185,,Red,,,,,"Minor constituent of Punctelia pseudocoralloidea, P. subalbicans, P. subflava","Lecanoric acid, 3,5-Dichlorolecanoric acid","Elix, JA/ Wardlaw, JH 2002: 5-Chlorolecanoric acid, a new depside from Punctelia species. Australasian Lichenology 50: 6-9.",,,acetyl-polymalonyl pathway,depsides,Orcinol Depsides,
chlorolecideoidin,58,,45,48,,,,28,,G,,Orange,P.Yellow            ,Green,436,434,432,402,,,,,,,"Minor component in Lecanora sulphurescens, Lecanora leprosa","3'-Dechlorolecideiodin, Lecideoidin, Leoidin","Lumbsch, HT/ Elix, JA 1993: Notes on the circumscription of the lichens Lecanora leprosa and L. sulphurescens. Tropical Bryology 7: 71-75.",,,acetyl-polymalonyl pathway,depsidones,Orcinol Depsidones,
2-chlorolichexanthone,69,,54,70,29,80,,47,+,d,,x,Yellow              ,Green,322,321,320,319,,,,,,,Pale yellow pigment. Acid Spray: sulphur yellow. LW UV: dull green. Occurs in Pertusaria,"2-Chloro-6-O-methylnorlichexanthone, 2,4-Dichlorolichexanthone, 2,5- Dichlorolichexanthone, Lichexanthone","Elix, JA/ Musidlak, HW/ Sala, T/ Sargent, MV 1978: Structure and synthesis of some lichen xanthones. Australian Journal of Chemistry 31: 145-155.",Pertusaria cicatricosa,,acetyl-polymalonyl pathway,xanthones & ergochromes,Xanthones,
4-chlorolichexanthone,75,,68,78,59,88,,50,+,G,,x,Yellow              ,Green,322,321,320,291,,,,,,,Pale yellow pigment. Occurs in Sporopodium citrinum,"2-Chlorolichexanthone, 2,4-Dichlorolichexanthone, Lichexanthone","Elix, JA/ Musidlak, HW/ Sala, T/ Sargent, MV 1978: Structure and synthesis of some lichen xanthones. Australian Journal of Chemistry 31: 145-155.",Sporopodium citrinum,,acetyl-polymalonyl pathway,xanthones & ergochromes,Xanthones,
5-chlorolichexanthone,73,,63,77,53,83,,48,+,G,,x,Yellow              ,Green,322,321,320,291,,,,,,,Pale yellow pigment. Occurs in Lecanora contractula,"5-Chloro-6-O-methylnorlichexanthone, 5-Chloronorlichexanthone, 2,5- Dichlorolichexanthone","Elix, JA/ Crook, CE 1992: The joint occurrence of chloroxanthones in lichens, and a further thirteen new lichen xanthones. Bryologist 95: 52-64.",Lecanora contractula,,acetyl-polymalonyl pathway,xanthones & ergochromes,Xanthones,
7-chlorolichexanthone,73,,61,77,39,,,52,+,B,,x,Orange              ,B.Blue,322,321,320,291,,,,,,,Pale yellow pigment. Minor component in Lecanora contractuloides,"7-Chloro-6-O-methylnorlichexanthone, 2,7-Dichlorolichexanthone, 2,7- Dichloro-6-O-methylnorlichexanthone,","Lumbsch, HT/ Elix, JA 1998: Five new species of Lecanora from Australia (lichenized Ascomycotina, Lecanoraceae). Mycotaxon 67: 391-403.",,,acetyl-polymalonyl pathway,xanthones & ergochromes,Xanthones,
5-chloro-2’-o-methylanziaic acid,39,,38,39,,,,29,,G,,K: No Result      C:,P.Yellow            ,Green,,,,,,P.Red,Red,,,,Minor component in Lecanora lividocinerea.,"3,5-Dichloro-2’-O-methylanziaic acid, 3,5-Dichloro-2’-O- methylnordivaricatic acid, 3,5-Dichloro-2’-O-methylnorstenosporic acid","Elix, JA/ Barclay, CE/Lumbsch, HT/Wardlaw, JH 1997: New chloro depsides from the lichen Lecanora lividocinerea. Australian Journal of Chemistry 50: 971-975.",,,acetyl-polymalonyl pathway,depsides,Orcinol Depsides,
5-chloro-1-o-methylcitreorosein [5-chloro-1-o-methyl-ω-hydroxyemodin],,,,,,,,,+,Y,,x,Yellow-orange       ,Yellow,336,334,,,Purple,,,,,,Intense yellow-orange pigment. Occurs in Lasallia papulosa,"5-Chloroemodin, 5-Chloro-1-O-methylemodin, Emodin, 1-O- Methylemodin","Cohen, PA. 2002. Halogenated anthraquinones from the rare southern Illinois lichen Lasallia papulosa. Lichenologist 34: 521-525.",Lasallia papulosa,5-chloro-1-o-methyl-ω-hydroxyemodin,acetyl-polymalonyl pathway,quinones,Anthraquinones,
7-chloro-1-o-methylcitreorosein [1-o-methyl-7-chlorocitreorosein],,,,9,,,,14,+,O,,x,Yellow              ,Orange,337,335,,,Violet,,,,,,Intense yellow pigment. Occurs in Nephroma laevigatum,7-Chlorocitreorosein,"Reference: Cohen, PA/ Towers, GHN 1995: Anthraquinones and phenanthraperylenequinones from Nephroma laevigatum. Journal of Natural Products 58: 520-526.",Nephroma laevigatum,1-o-methyl-7-chlorocitreorosein,acetyl-polymalonyl pathway,quinones,Anthraquinones,
5-chloro-1-o-methylemodin,,,,,,,,,+,Y,,x,Yellow              ,Yellow,320,318,,,Purple,,,,,,Intense yellow-orange pigment. Occurs in Lasallia papulosa,"5-Chloroemodin, 5-Chloro-1-O-methylcitreorosein, Emodin, 1-O- Methylemodin","Cohen, PA. 2002. Halogenated anthraquinones from the rare southern Illinois lichen Lasallia papulosa. Lichenologist 34: 521-525.",Lasallia papulosa,,acetyl-polymalonyl pathway,quinones,Anthraquinones,
7-chloro-1-o-methylemodin [1-o-methyl-7-chloroemodin],,,,,4,,,35,+,Y,,x,Yellow              ,Yellow,318,300,290,289,Purple,,,,,,Intense yellow pigment. Occurs in Nephroma laevigatum,"7-Chloroemodin, Emodin, 1-O-Methylemodin","Cohen, PA/ Towers, GHN 1995: Anthraquinones and phenanthraperylenequinones from Nephroma laevigatum. Journal of Natural Products 58: 520-526.",Nephroma laevigatum,1-o-methyl-7-chloroemodin,acetyl-polymalonyl pathway,quinones,Anthraquinones,
2-chloro-6-o-methylnorlichexanthone,56,,53,46,20,67,,31,+,G,,x,Yellow              ,Green,308,307,306,305,,Orange,,,,,Pale yellow pigment. Occurs in Pertusaria xanthoplaca,"2-Chlorolichexanthone, 4-Chloro-6-O-methylnorlichexanthone, 2- Chloronorlichexanthone, Lichexanthone, Thiophaninic acid","Elix, JA/ Musidlak, HW/ Sala, T/ Sargent, MV 1978: Structure and synthesis of some lichen xanthones. Australian Journal of Chemistry 31: 145-155.",Pertusaria xanthoplaca,,acetyl-polymalonyl pathway,xanthones & ergochromes,Xanthones,
4-chloro-3-o-methylnorlichexanthone [griseoxanthone b],54,,62,43,36,75,,36,+,G,,x,Yellow              ,Green,308,307,306,305,,Orange,,,,,Occurs in Sporopodium citrinum,"4-Chloro-6-O-methylnorlichexanthone, 4-Chlorolichexanthone, 4,5- Dichlorolichexanthone, 4,5-Dichloro-3-O-methylnorlichexanthone","Elix, JA/ Lumbsch, HT/ Lücking, R 1995: The chemistry of foliicolous lichens 2. Constituents of some Byssoloma and Sporopodium species. Bibliotheca Lichenologica 58: 81-96.",Sporopodium citrinum,griseoxanthone b,acetyl-polymalonyl pathway,xanthones & ergochromes,Xanthones,
4-chloro-6-o-methylnorlichexanthone,56,,55,46,30,72,,34,+,G,,x,P.Yellow            ,Green,308,307,306,305,,Orange,,,,,Yellow pigment. Occurs in Pertusaria xanthoplaca,"4-Chlorolichexanthone, 2-Chloro-6-O-methylnorlichexanthone, 4- Chloronorlichexanthone, Lichexanthone, Thiophaninic acid","Elix, JA/ Musidlak, HW/ Sala, T/ Sargent, MV 1978: Structure and synthesis of some lichen xanthones. Australian Journal of Chemistry 31: 145-155.",Pertusaria xanthoplaca,,acetyl-polymalonyl pathway,xanthones & ergochromes,Xanthones,
5-chloro-3-o-methylnorlichexanthone [vinetorin],52,,57,48,29,69,,35,+,G,,x,P.Yellow            ,Green,308,306,279,277,,Orange,,,,,Yellow pigment. Occurs in Lecanora vinetorum,"5-Chlorolichexanthone, 5-Chloronorlichexanthone, 2,5-Dichloro-3-O- methylnorlichexanthone","Elix, JA/ Crook, CE 1992: The joint occurrence of chloroxanthones in lichens, and a further thirteen new lichen xanthones. Bryologist 95: 52-64.",Lecanora vinetorum,vinetorin,acetyl-polymalonyl pathway,xanthones & ergochromes,Xanthones,
5-chloro-6-o-methylnorlichexanthone,50,,45,46,31,75,,32,+,G,,x,P.Yellow            ,Green,308,306,,,,Orange,,,,,Yellow pigment. Occurs in Lecanora contractula,"5-Chlorolichexanthone, 5-Chloronorlichexanthone, 2,5-Dichloro-6-O- methylnorlichexanthone","Elix, JA/ Crook, CE 1992: The joint occurrence of chloroxanthones in lichens, and a further thirteen new lichen xanthones. Bryologist 95: 52-64.",Lecanora contractula,,acetyl-polymalonyl pathway,xanthones & ergochromes,Xanthones,
7-chloro-6-o-methylnorlichexanthone,54,,56,36,20,61,,40,+,Y,,x,Orange              ,Yellow,308,307,306,263,,Orange,,,,,"Yellow pigment. Occurs in Lecanora populicola, L. salina","7-Chlorolichexanthone, 7-Chloronorlichexanthone, 2,7-Dichloro-6-O- methylnorlichexanthone","Elix, JA/ Crook, CE 1992: The joint occurrence of chloroxanthones in lichens, and a further thirteen new lichen xanthones. Bryologist 95: 52-64.","Lecanora populicola, L",,acetyl-polymalonyl pathway,xanthones & ergochromes,Xanthones,
1'-chloronephroarctin,69,54,52,67,17,,,37,,o,,x,P.Yellow            ,Brown,406,207,202,200,,,,Yellow,,,"Acid Spray: very pale yellow, grey halo. LW UV: orange-brown, fades to orange. Minor component in","Nephroarctin, Phenarctin","Elix, JA/ Wilkins, AL/Wardlaw, JH 1987: Five new fully substituted depsides from the lichen Pseudocyphellaria pickeringii. Australian Journal of Chemistry 40: 2023-2029.",,,acetyl-polymalonyl pathway,depsides,β-Orcinol Depsides,
3-chloronordivaricatic acid,37,,50,36,,,,25,,G,,Orange,P.Yellow            ,Green,,,,,,P.Red,Red,,,,Minor component in Dimelaena radiata,"3-Chlorolecanoric acid, Nordivaricatic acid, 3-Chlorodivaricatic acid","Elix, JA/ Giralt, M/Wardlaw, JH 2003: New chloro-depsides from the lichen Dimelaena radiata. Bibliotheca Lichenologica 86: 1-7.",,,acetyl-polymalonyl pathway,depsides,Orcinol Depsides,
2-chloronorlichexanthone,36,,41,19,7,44,,28,+,B,,x,No Result           ,B.Blue,294,293,292,291,,Orange,,,,,Yellow pigment. Occurs in Lecanora populicola,"2-Chlorolichexanthone, 2-Chloro-6-O-methylnorlichexanthone, 2,7- Dichloronorlichexanthone","Elix, JA/ Crook, CE 1992: The joint occurrence of chloroxanthones in lichens, and a further thirteen new lichen xanthones. Bryologist 95: 52-64.",Lecanora populicola,,acetyl-polymalonyl pathway,xanthones & ergochromes,Xanthones,
4-chloronorlichexanthone,38,,43,23,19,,,21,+,G,,x,Yellow              ,Green,294,293,292,291,,Orange,,,,,Yellow pigment. Occurs in Lecanora straminea,"4-Chlorolichexanthone, 4-Chloro-6-O-methylnorlichexanthone, 2,4- Dichloronorlichexanthone","Elix, JA/ Musidlak, HW/ Sala, T/ Sargent, MV 1978: Structure and synthesis of some lichen xanthones. Australian Journal of Chemistry 31: 145-155.",Lecanora straminea,,acetyl-polymalonyl pathway,xanthones & ergochromes,Xanthones,
5-chloronorlichexanthone,40,,46,25,17,,,19,+,G,,x,P.Yellow            ,Green,294,292,263,257,,Orange,,,,,Yellow pigment. Occurs in Lecanora straminea,"5-Chlorolichexanthone, 5-Chloro-3-O-methylnorlichexanthone, 5-Chloro- 6-O-methylnorlichexanthone, 2,5-Dichloronorlichexanthone","Elix, JA/ Lumbsch, HT/ Lücking, R 1995: The chemistry of foliicolous lichens 2. Constituents of some Byssoloma and Sporopodium species. Bibliotheca Lichenologica 58: 81-96.",Lecanora straminea,,acetyl-polymalonyl pathway,xanthones & ergochromes,Xanthones,
7-chloronorlichexanthone,42,,47,26,42,78,,39,+,B,,x,P.Yellow            ,B.Blue,294,292,257,229,,Red,,,,,Yellow pigment. Occurs in Lecanora populicola,"7-Chlorolichexanthone, 7-Chloro-6-O-methylnorlichexanthone, 2,7- Dichloronorlichexanthone, 5,7-Dichloronorlichexanthone","Elix, JA/ Crook, CE 1992: The joint occurrence of chloroxanthones in lichens, and a further thirteen new lichen xanthones. Bryologist 95: 52-64.",Lecanora populicola,,acetyl-polymalonyl pathway,xanthones & ergochromes,Xanthones,
8-chlorooxodidymic acid,60,,55,48,,,,37,,P,,Green,Blue                ,Purple,420,418,400,,,Green,,,,,Minor component in Letrouitia vulpina,"8-Chlorodioxocondidymic acid, 8-Chlorodioxodidymic acid, Dioxocondidymic acid, Dioxodidymic acid, Letrouitic acid, Oxodidymic acid","Johansson, S/Søchting, U/Elix, JA/ Wardlaw, JH 2005: Chemical variation in the lichen genus Letrouitia (Ascomycota, Letrouitiaceae). Mycological Progress 4: 139-148.",,,acetyl-polymalonyl pathway,furans & furanones,Dibenzofurans,
7-chloroparietinic acid,42,,47,47,0,,,32,+,O,,x,Yellow              ,Orange,350,348,,,Violet,,,,,,Minor component in Letrouitia leprolyta,"7-Chlorofallacinal, 7-Chloroteloschistin, Fragilin","Johansson, S/ Søchting, U/ Elix, JA/ Wardlaw, JH 2005: Chemical variation in the lichen genus Letrouitia (Ascomycota, Letrouitiaceae). Mycological Progress 4: 139-148.",,,acetyl-polymalonyl pathway,quinones,Anthraquinones,
3-chloroperlatolic acid,47,,66,51,,,,45,,s,,Orange,P.Yellow            ,Purple,,,,,,,,,,,"Acid Spray: pale yellow, grey halo. LW UV: strong-purple, green halo. Occurs in Dimelaena californica","3-Chlorodivaricatic acid, 3-Chlorostenosporic acid, Perlatolic acid","Elix, JA/ Evans, JE/ Nash III, TH 1988: New depsides from Dimelaena lichens. Australian Journal of Chemistry 41: 1789-1796.",Dimelaena californica,,acetyl-polymalonyl pathway,depsides,Orcinol Depsides,
chlorophyllopsorin,72,,53,73,15,,,28,,Y,,x,Yellow              ,Yellow,,,,,,,,Yellow,,,Occurs in Phyllopsora africana,,"Elix, JA/ Venables, DA/ Brako, L 1990: New chlorine containing depsidones from the lichen Phyllopsora corallina var. ochroxantha. Australian Journal of Chemistry 43: 1953-1959.",Phyllopsora africana,,acetyl-polymalonyl pathway,depsidones,β-Orcinol Depsidones,
3-chlorostenosporic acid,44,,61,49,,,,39,,s,,Orange,P.Yellow            ,Purple,,,,,,,,,,,"Acid Spray: pale yellow, grey halo. LW UV: strong-purple, green halo. Occurs in Dimelaena californica","3- Chlorodivaricatic acid, 3-Chloroperlatolic acid, Stenosporic acid","Elix, JA/ Evans, JE/ Nash III, TH 1988: New depsides from Dimelaena lichens. Australian Journal of Chemistry 41: 1789-1796.",Dimelaena californica,,acetyl-polymalonyl pathway,depsides,Orcinol Depsides,
3-chlorosubdivaricatic acid,36,,45,34,,,,29,,G,,K: No Result C: No R,P.Yellow            ,Green,394,216,201,200,,,,,,,Minor component in Dimelaena radiata,"3-Chlorodivaricatic acid, Subdivaricatic acid, 3-Chloroisosubdivaricatic acid","Elix, JA/ Giralt, M/Wardlaw, JH 2003: New chloro-depsides from the lichen Dimelaena radiata. Bibliotheca Lichenologica 86: 1-7.",,,acetyl-polymalonyl pathway,depsides,Orcinol Depsides,
7-choroteloschistin,43,,30,33,11,,,18,+,b,,x,Yellow              ,Orange,336,334,,,Violet,,,,,,Orange pigment. SW UV: bright orange before spraying. Minor constituent of Letrouitia leprolyta,"7-Chloroparietinic acid, 7-Chlorofallacinal, Fragilin","Johansson, S/ Søchting, U/ Elix, JA/ Wardlaw, JH 2005: Chemical variation in the lichen genus Letrouitia (Ascomycota, Letrouitiaceae). Mycological Progress 4: 139-148.",,,acetyl-polymalonyl pathway,quinones,Anthraquinones,
2-chlorovirensic acid [5-chlorovirensic acid],30,,58,38,,,,33,,B,,x,Green               ,Brown,394,392,376,374,,,,Orange,,,Minor accessory substance in Pseudocyphellaria faveolata,"Physciosporin, Virensic acid",New report,,5-chlorovirensic acid,acetyl-polymalonyl pathway,depsidones,β-Orcinol Depsidones,
"7-chloro-1,6,8-trihydroxy-3-methyl-9-anthrone [ao1-anthrone]",55,,,45,,,,34,+,Y,,x,P.Yellow            ,Yellow,292,290,,,Violet,,,,,,"Pale yellow pigment. Occurs in Caloplaca spitsbergensis, Heterodermia obscurata","7-Chloroemodin, 5,7-Dichloroemodin, Emodin","Elix, JA/ Wardlaw, JH/ Søchting, U 2000: Two new anthraquinones from the lichen Caloplaca spitsbergensis. Herzogia 14: 27-30.","Caloplaca spitsbergensis, Heterodermia obscurata",ao1-anthrone,acetyl-polymalonyl pathway,quinones,Anthraquinones,
chodatin,66,,64,68,,,,52,+,O,,x,Yellow              ,Orange,408,406,404,393,,Orange,,,,,Occurs in Lecidella granulosula,"Demethylchodatin, Isoarthothelin, 2,5,7-Trichloro-3-O- methylnorlichexanthone","Knoph, J-G 1990: Untersuchungen an gesteinbewohnenden xanthonhaltigen Sippen der Flechtengattung Lecidella (Lecanoraceae, Lecanorales) unter besonderer Berücksichtigung von aussereuropäischen Proben exclusive Amerika. Bibliotheca Lichenologica 36: 1-183.",Lecidella granulosula,,acetyl-polymalonyl pathway,xanthones & ergochromes,Xanthones,
chrysophanal,58,,51,47,10,,,17,+,M,,x,Orange              ,Magenta,268,,,,Red-violet,,,,,,Yellow pigment. Occurs in Caloplaca rheinigera,"Chrysophanol, Rhein","Kondratyuk, SY/ Kärnefelt, I/ Elix, JA/ Thell, A 2007: New species of the genus Caloplaca in Australia. Bibliotheca Lichenologica 95: 341-386.",Caloplaca rheinigera,,acetyl-polymalonyl pathway,quinones,Anthraquinones,
chrysophanol [chrysophanic acid],75,,80,80,80,90,,35,+,Y,,x,Yellow              ,Yellow,254,,,,Red-violet,,,,,,Intense yellow pigment. Occurs in Caloplaca rheinigera,"Chrysophanal, Rhein","Kondratyuk, SY/ Kärnefelt, I/ Elix, JA/ Thell, A 2007: New species of the genus Caloplaca in Australia. Bibliotheca Lichenologica 95: 341-386.",Caloplaca rheinigera,chrysophanic acid,acetyl-polymalonyl pathway,quinones,Anthraquinones,
cinchonaric acid [3-o-methylprotocetraric acid],2,,6,3,,,,10,-,P,,x,Grey                ,Purple,,,,,,,,Red,,,Occurs in Ocellularia cavata,Protocetraric acid,"Frisch, A/ Kalb, K/ Grube, M 2006: Contributions towards a new systematics of the lichen family Thelotemataceae. Bibliotheca Lichenologica 92: 1-556 [as chinconarum unknown].",Ocellularia cavata,3-o-methylprotocetraric acid,acetyl-polymalonyl pathway,depsidones,β-Orcinol Depsidones,
citreorosein,26,,22,11,2,,,14,+,Y,,x,Yellow              ,Yellow,286,257,,,Violet,,,,,,"Yellow pigment. Occurs in Caloplaca stewartensis, Xanthoria parietina","Emodin, Emodinal, Emodic acid","Piatelli, M/ Giudici de Nicola, M 1968: Anthraquinone pigments from Xanthoria parietina (L.) Th. Fr. Phytochemistry 7: 1183-1187.","Caloplaca stewartensis, Xanthoria parietina",,acetyl-polymalonyl pathway,quinones,Anthraquinones,
colensoic acid,41,73,66,47,,,,41,,m,,x,Orange-brown        ,Pink,,,,,,,,,,,"Acid Spray: pale orange-brown, grey halo. LW UV: metallic purple-pink. Occurs in Stereocaulon",,"Fox, CH/ Klein, E/ Huneck, S 1970: Colensoinsäure, ein neues Depsidon aus Stereocaulon colensoi. Phytochemistry 9: 2567-2571.",Stereocaulon colensoi,,acetyl-polymalonyl pathway,depsidones,Orcinol Depsidones,
α-collatolic acid,40,32,35,35,,,,26,,f,,x,P.Yellow            ,D.Blue,508,482,263,262,,,P.Red,,,,SW UV: flouresces bright blue before spraying. Occurs in Tephromela atra,"Alectoronic acid, Dehydrocollatolic acid, 4-O-Methylphysodic acid, Physodic acid References: Culberson, CF 1969: Chemical and botanical guide to lichen products. Univ. North Carolina Press, Chapel Hill: 135. Huneck, S/ Yoshimura, I 1996: Identification of Lichen Substances. Springer-Verlag, Berlin, Heidelberg, New York: 317 Notes: SW UV: flouresces bright blue before spraying. Occurs in Tephromela atra","Culberson, CF 1969: Chemical and botanical guide to lichen products. Univ. North Carolina Press, Chapel Hill: 135. Huneck, S/ Yoshimura, I 1996: Identification of Lichen Substances. Springer-Verlag, Berlin, Heidelberg, New York: 317",Tephromela atra,,acetyl-polymalonyl pathway,depsidones,Orcinol Depsidones,
β-collatolic acid,32,10,,26,,,,22,,B,,x,P.Yellow            ,Blue,,,,,,Red,,,,,Occurs in Asahinea chrysantha,"Alectoronic acid, β-Alectoronic acid, α-Collatolic acid References: Stepanenko, NL/ Krivoshchekova, OA/ Mishchenko, NP 1985: Chemical variations of Asahinea chrysantha. Phytochemistry 24: 254-255. Notes: Occurs in Asahinea chrysantha","Stepanenko, NL/ Krivoshchekova, OA/ Mishchenko, NP 1985: Chemical variations of Asahinea chrysantha. Phytochemistry 24: 254-255.",Asahinea chrysantha,,acetyl-polymalonyl pathway,diphenyl ethers,Diphenyl ethers,
concinchonaric acid,3,,9,5,,,,12,-,G,,x,Yellow              ,Green,,,,,,,,,,,Occurs in Ocellularia cavata,Cinchonaric acid,"Frisch, A/ Kalb, K/ Grube, M 2006: Contributions towards a new systematics of the lichen family Thelotemataceae. Bibliotheca Lichenologica 92: 1-556 [accessory to chinconarum unknown].",Ocellularia cavata,,unknown,unknown,unknown,
condidymic acid,47,77,74,52,,,,40,-,P,,x,Blue-grey           ,Purple,398,380,354,298,,Green,,,,,Occurs in Cladonia floerkeana,"Didymic acid, Isodidymic acid, Subdidymic acid","Chester, DO/ Elix, JA 1981: Condidymic acid, a new dibenzofuran from the lichen Cladonia squamulosa. Australian Journal of Chemistry 34: 1501-1506.",Cladonia floerkeana,,acetyl-polymalonyl pathway,furans & furanones,Dibenzofurans,
conechinocarpic acid,18,38,37,27,,,,27,-,O,,x,Orange              ,Orange,,,,,,,,P.Yellow,,,Occurs in Relicina samoensis,"Echinocarpic acid, Hirtifructic acid","Elix, JA/ Wardlaw, JH 1996: Hypoalectorialic acid and conechinocarpic acid, two new benzyl esters from lichens. Australian Journal of Chemistry 49: 727-729.",Relicina samoensis,,acetyl-polymalonyl pathway,benzyl esters,Benzyl esters,
coneuplectin,55,,17,47,11,,,25,+,P,,x,P.Yellow            ,P.Orange,297,296,,,,,,,,,Yellow-orange pigment. Occurs in Flavoparmelia euplecta,Euplectin,"Ernst-Russell, MA/Chai, CLL/Wardlaw, JH /Elix, JA 2000: Euplectin and coneuplectin, new naphthopyrones from the lichen Flavoparmelia euplecta. Journal of Natural Products 63: 129-131.",Flavoparmelia euplecta,,acetyl-polymalonyl pathway,naphthopyrones,Naphthopyrones,
confluentic acid,48,32,32,46,,,,29,,B,,P.Red,P.Yellow            ,,,,,,,,,,,,"Acid Spray: pale yellow, grey halo. Occurs in Paraporpidia leptocarpa","Hyperconfluentic acid, 2-O-Methylconfluentic acid, 2'-O- Methylmicrophyllinic acid, 2'-O-Methylperlatolic acid References: Culberson, CF 1969: Chemical and botanical guide to lichen products. Univ. North Carolina Press, Chapel Hill: 114. Huneck, S/ Yoshimura, I 1996: Identification of Lichen Substances. Springer-Verlag, Berlin, Heidelberg, New York: 244. Notes: Acid Spray: pale yellow, grey halo. Occurs in Paraporpidia leptocarpa","Culberson, CF 1969: Chemical and botanical guide to lichen products. Univ. North Carolina Press, Chapel Hill: 114. Huneck, S/ Yoshimura, I 1996: Identification of Lichen Substances. Springer-Verlag, Berlin, Heidelberg, New York: 244.",Paraporpidia leptocarpa,,acetyl-polymalonyl pathway,depsides,Orcinol Depsides,
confriesiic acid,12,,23,17,,,,24,,P,,x,P.Yellow            ,Purple,,,,,,,,,,,Occurs in Xylographa isidiosa,Friesiic acid,"Elix, JA 2005: New species of sterile crustose lichens from Australasia. Mycotaxon 94: 219-224.",Xylographa isidiosa,,acetyl-polymalonyl pathway,depsones,Depsido-depsones,
confumarprotocetraric acid,2,,2,2,,,17,15,,O,,x,Orange              ,Orange,,,,,,,,,,,Occurs in Cladonia phyllophora,Fumarprotocetraric acid,"Elix, JA/ Yu, J 1993: New lichen β-orcinol depsidones and their congenors. Journal of the Hattori Botanical Laboratory 74: 317-323.",Cladonia phyllophora,,acetyl-polymalonyl pathway,depsidones,β-Orcinol Depsidones,
congrayanic acid,29,47,45,34,,,,37,,p,,x,P.Orange            ,Pink,432,388,370,344,,Red,,,,,"Acid Spray: pale orange, grey halo. LW UV: purplish pink. Occurs in Neophyllis melacarpa","4-O-Demethylgrayanic acid, Grayanic acid","Chester, DO/ Elix, JA 1980: A new dibenzofuran and diphenyl ether from the lichen Gymnoderma melacarpum. Australian Journal of Chemistry 33: 1153-1156.",Neophyllis melacarpa,,acetyl-polymalonyl pathway,diphenyl ethers,Diphenyl ethers,
conhirtifructic acid,45,,35,33,,,,22,-,O,,x,Orange              ,Orange,,,,,,,,,,,Occurs in Ocellularia diacida,"Hirtifructic acid, Echinocarpic acid","Mangold, A/ Lumbsch, HT/ Elix, JA 2009: Thelotremataceae. Flora of Australia 57: 195-420.",Ocellularia diacida,,unknown,unknown,unknown,
conhypoprotocetraric acid,4,,12,3,,,,12,,B,,x,P.Grey              ,Brown,,,,,,,,,,,Occurs in Lecanora myriocarpoides (major) and Relicina cf. incongrua (minor),"Hypoprotocetraric acid, Conprotocetraric acid","Elix, JA/ Lumbsch, HT/Wardlaw, JH 1995: Conhypoprotocetraric acid, a new lichen β-orcinol depsidone. Australian Journal of Chemistry 48: 1479-1483.",Lecanora myriocarpoides (major) and Relicina cf,,acetyl-polymalonyl pathway,depsidones,β-Orcinol Depsidones,
conhyposalazinic acid,4,,5,1,,,17,0,,P,,x,Pink                ,P.Red,,,,,,,,,,,Minor component in Xanthoparmelia quintaria,"Hypoconstictic acid, Hyposalazinic acid, Hypostictic acid","Culberson, CF/ Culberson, WL/ Johnson, A1981: A standardized TLC analysis of β-orcinol depsidones. Bryologist 84: 16-29 [as unknown Xqn-6].",,,acetyl-polymalonyl pathway,depsidones,β-Orcinol Depsidones,
conloxodin,50,36,31,32,18,,,20,,B,,x,Green               ,B.Blue,428,396,384,370,,,Pink,,,,Occurs in Xanthoparmelia xanthofarinosa,"Conorlobaridone, Loxodin, Norlobaridone","Begg, WR/ Chester, DO/ Elix, JA 1979: The structure of conorlobaridone and conloxodin. New depsidones from the lichen Xanthoparmelia xanthosorediata. Australian Journal of Chemistry 32: 927-929.",Xanthoparmelia xanthofarinosa,,acetyl-polymalonyl pathway,depsidones,Orcinol Depsidones,
connorstictic acid,11,11,11,3,,,26,3,,O,,x,Orange              ,Orange,374,356,181,179,Red,,,,,,Occurs in Ramboldia petraeoides,"Consalazinic acid, Hyposalazinic acid, Norstictic acid, Subnorstictic acid","Elix, JA/ Lajide, L 1981: The structure of connorstictic acid. A depsidone from the lichen Lecidea aspidula. Australian Journal of Chemistry 34: 583-586.",Ramboldia petraeoides,,acetyl-polymalonyl pathway,depsidones,β-Orcinol Depsidones,
conorlobaridone,43,30,33,14,20,,,17,,B,,x,Green               ,B.Blue,370,342,313,286,,,Pink,,,,Acid Spray: Green fades to grey. Occurs in Xanthoparmelia xanthofarinosa,"Conloxodin, Loxodin, Norlobaridone, Subnorlobaridone","Begg, WR/ Chester, DO/ Elix, JA 1979: The structure of conorlobaridone and conloxodin. New depsidones from the lichen Xanthoparmelia xanthosorediata. Australian Journal of Chemistry 32: 927-929.",Xanthoparmelia xanthofarinosa,,acetyl-polymalonyl pathway,depsidones,Orcinol Depsidones,
conphysodalic acid,2,,11,2,,,24,16,,O,,x,Orange              ,Orange,374,356,181,179,,,,,,,Minor component in Flavoparmelia ferax,"Physodalic acid, Protocetraric acid, Virensic acid","Elix, JA/ Gaul, KL/ James, PW/ Purvis, OW 1987: Three new lichen depsidones. Australian Journal of Chemistry 40: 417-423.",,,acetyl-polymalonyl pathway,depsidones,β-Orcinol Depsidones,
conporphyrilic acid,4,,6,3,,,,3,,P,,x,No Result           ,Purple,330,312,,,,Green,,,,,Minor component in Lepraria atlantica,Porphyrilic acid,New report,,,acetyl-polymalonyl pathway,furans & furanones,Dibenzofurans,
conprotocetraric acid,2,,7,2,,,9,12,,O,,x,Orange              ,Orange,,,,,,,,,,,Minor component in Usnea trichodeoides,"Protocetraric acid, Convirensic acid","Elix, JA/ Yu, J 1993: New lichen β-orcinol depsidones and their congenors. Journal of the Hattori Botanical Laboratory 74: 317-323.",,,acetyl-polymalonyl pathway,depsidones,β-Orcinol Depsidones,
consalazinic acid,2,1,1,1,,,6,0,,O,,x,Orange              ,Orange,,,,,P.Red,,,Orange,,,Minor component in Xanthoparmelia tasmanica,"Connorstictic acid, Norstictic acid, Salazinic acid","O’Donovan, DG/ Roberts, G/ Keogh, MF 1980: Structure of β-orcinol depsidones, connorstictic and consalazinic acids. Phytochemistry 19: 2497-2499.",,,acetyl-polymalonyl pathway,depsidones,β-Orcinol Depsidones,
consalazinolide [6α-deoxyconsalazinic acid],3,,4,2,,,,7,,B,,x,Yellow              ,Brown,,,,,D.Red,,,Orange,,,"Acid Spray: blue-grey, yellow on standing. Minor component in Heterodermia queenslandica","Consalazinic acid, Norstictic acid, Salazinic acid","Elix, JA 2010: Two new species, a new combination and new chemical data for Heterodermia (Physciaceae: Ascomycota). Australasian Lichenology 67: 3-7.",,6α-deoxyconsalazinic acid,acetyl-polymalonyl pathway,depsidones,β-Orcinol Depsidones,
constictic acid,7,3,1,2,,,9,1,,B,,x,Orange-brown        ,Brown,402,384,356,193,Yellow,,,Orange,,,Minor component in Xanthoparmelia conspersa,"α-Acetylconstictic acid, Cryptostictic acid, Hypoconstictic acid, Hypostictic acid, Menegazziaic acid, Norstictic acid, Peristictic acid, Stictic acid","Yosioka, I/ Morita, Y/ Ebihara, K 1970: The structure of constictic acid. Chemical and Parmaceutical Bulletin (Tokyo) 18: 2364-2366.",,,acetyl-polymalonyl pathway,depsidones,β-Orcinol Depsidones,
constipatic acid,31,,27,29,,,,33,,L,,x,P.Brown             ,Lilac,368,353,350,324,,,,,,,Occurs in Xanthoparmelia constipata,"Dehydroconstipatic acid, Muronic acid, Protoconstipatic acid","Chester, DO/ Elix, JA 1979: Three new aliphatic acids from lichens of genus Parmelia (subg. Xanthoparmelia). Australian Journal of Chemistry 32: 2566-2569.",Xanthoparmelia constipata,,acetyl-polymalonyl pathway,aliphatic acids & aliphatic compounds,Aliphatic acids,
consuccinoprotocetraric acid,2,,2,2,,,15,15,,Y,,x,Yellow              ,Yellow,,,,,,,,,,,Minor component in Xanthoparmelia succinprotocetrarica,"Conprotocetraric acid, Succinprotocetraric acid","Elix, JA/ Yu, J 1993: New lichen β-orcinol depsidones and their congenors. Journal of the Hattori Botanical Laboratory 74: 317-323.",,,acetyl-polymalonyl pathway,depsidones,β-Orcinol Depsidones,
contortin,67,,41,60,34,,,18,,P,,x,Green               ,Purple,418,403,388,387,,,,,,,Occurs in Pannaria contorta,Usnic acid,"Elix, JA/ Jayanthi, VK/ Jones, AJ/ Lennard, CJ 1984: A novel biphenyl from the lichen Psoroma contortum. Australian Journal of Chemistry 37: 1531-1538.",Pannaria contorta,,shikimic acid pathway,biphenyls,Biphenyls,
convirensic acid [hypovirensic acid],9,,26,7,,,37,16,,Y,,x,Yellow              ,Yellow,,,,,,,,,,,Minor component in Sulcaria virens,"Conprotocetraric acid, Virensic acid","Elix, JA/ Yu, J 1993: New lichen β-orcinol depsidones and their congenors. Journal of the Hattori Botanical Laboratory 74: 317-323.",,hypovirensic acid,acetyl-polymalonyl pathway,depsidones,β-Orcinol Depsidones,
coronatoquinone,38,,11,28,,,,12,+,P,,x,Lilac               ,Pink,320,318,303,302,Red,,,,,,Reddish purple pigment. Occurs in Pseudocyphellaria coronata,"Anhydofusarubin lactol, Fusarubin","Ernst-Russell, MA/ Elix, JA /Chai, CLL/Rive, MJ/Wardlaw, JH 2000: The structure and stereochemistry of coronatoquinone, a new pyranonaphthazarin from the lichen Pseudocyphellaria coronata. Australian Journal of Chemistry 53: 303-306.",Pseudocyphellaria coronata,,acetyl-polymalonyl pathway,quinones,Naphthaquinone,
"cristazarin [2-ethyl-3,5,8-trihydroxy-6-methoxynaphtho-1,4-quinone]",40,,,33,,,,,+,M,,x,Purple              ,Magenta,264,249,,,Red,,,,,,Purple pigment. Occurs in cultures of Cladonia cristatella,"Boryquinone, 6-Methylcristazarin, 7-Demethylcristazarin","Yamamoto, Y/ Matsubara, H/ Kinoshita, Y/ Kinoshita, K/ Koyama, K/ Takahashi, K/ Ahmadjian, V/ Kurokawa, T/ Yoshimura, I 1996: Naphthazarin derivatives from cultures of the lichen Cladonia cristatella. Phytochemistry 43: 1239.",cultures of Cladonia cristatella,"2-ethyl-3, 5, 8-trihydroxy-6-methoxynaphtho-1, 4-quinone",acetyl-polymalonyl pathway,quinones,Naphthaquinones,
crustinic acid,24,18,34,9,,,,19,,B,,x,Black               ,Black,,,,,,Red,,,,,Minor component in Umbilicaria crustulosa,Gyrophoric acid,"Huneck, S/ Porzel, A/ Schmidt, J/ Feige, GB/ Posner, B 1993: Crustinic acid, a new tridepside from Umbilicaria custulosa. Phytochemistry 32: 475-477.",,,,depsides,Orcinol Tridepsides,
cryptochlorophaeic acid,46,46,45,37,,,,23,,P,,Red-brown,P.Brown             ,P.Brown,,,,,Red,Red,,,,,Occurs in Cladonia cryptochlorophaea,"4,4'-Di-O-methylcryptochlorophaeic acid, Merochlorophaeic acid, 4-O- Methylcryptochlorophaeic acid, 4'-O-Methylcryptochlorophaeic acid, Paludosic acid","Reference: Culberson, CF 1969: Chemical and botanical guide to lichen products. Univ. North Carolina Press, Chapel Hill: 129.",Cladonia cryptochlorophaea,,acetyl-polymalonyl pathway,depsides,Orcinol Depsides,
cryptostictinolide,28,,,20,,,,14,,O,,x,Orange              ,Orange,372,354,,,,,,,,,Minor component in Usnea himantodes,"Constictic acid, Cryptostictic acid, Hypostictic acid, Menegazziaic acid, Norstictic acid, Stictic acid","Lohézic-Le Dévéhat, F/ Tomasi, S/ Elix, JA/ Bernard, A/ Rouaud, I/ Uriac, P/ Boustie, J 2007: Stictic acid derivatives from the lichen Usnea articulata and their antioxidant activities. Journal of Natural Products 70: 1218-1220.",,,acetyl-polymalonyl pathway,depsidones,β-Orcinol Depsidones,
cryptostictic acid,14,14,10,10,,,27,4,,O,,x,Orange              ,Orange,388,370,177,,,,,,,,"Minor component in Lobaria oregana, Xanthoparmelia conspersa","Connorstictic acid, Constictic acid, Hypostictic acid, Menegazziaic acid, Norstictic acid, Stictic acid","Shimada, S/ Saitoh, T/ Sankawa, S/ Shibata, S 1980: New depsidones from Lobaria oregana. Phytochemistry 19: 328-330.",,,acetyl-polymalonyl pathway,depsidones,β-Orcinol Depsidones,
cryptothamnolic acid,38,,32,40,,,,25,,B,,x,Brown               ,Brown,,,,,Yellow,,,Yellow,,,Occurs in Pertusaria sp.,"Hypothamnolic acid, Thamnolic acid, Lactothamnolic acid","Elix, JA/ Barclay, CE/ Wardlaw, JH/ Archer, AW/ Sen-hua Yu/ Kantvilas, G 1999: Four new β- orcinol meta-depsides from Pertusaria and Siphula lichens. Australian Journal of Chemistry 52: 837-840.",Pertusaria sp,,acetyl-polymalonyl pathway,depsides,β-Orcinol m-Depsides,
cyclographin,68,,63,70,9,,,25,,G,,x,Grey                ,Grey,408,406,374,346,,,,Yellow,,,Occurs in Catarraphia dictyoplaca,"Methyl virensate, Physciosporin","Elix, JA/ Naidu, R/ Thor, G 1995: Cyclographin, a new depsidone from the lichen Catarraphia dictyoplaca. Australian Journal of Chemistry 48: 635-649.",Catarraphia dictyoplaca,,acetyl-polymalonyl pathway,depsidones,β-Orcinol Depsidones,
cynodontin,78,,85,85,57,90,,12,+,P,,x,Magenta             ,Purple,286,270,257,229,Violet,,,,,,Reddish purple pigment. Occurs in Asahinea chrysantha,"Asahinin, Islandicin","Mishchenko, NP/ Stepanenko, LS/ Kriovshchekova, OE/ Maximov, OB 1980: The anthrquinones from the lichen Asahinea chrysantha. Khimiya Prirodnykh Soedinenii: 160-165.",Asahinea chrysantha,,acetyl-polymalonyl pathway,quinones,Antrhaquinones,
decarboxyalectoronic acid,40,,28,16,,,,25,,B,,x,P.Yellow            ,Blue,468,450,371,370,,,Red,,,,Occurs in Hypotrachyna graciliescens,Alectoronic acid,"Elix, JA/ Adler, MT/ Wardlaw 1996: A further three new depsidones. Australian Journal of Chemistry 49: 1175-1178.",Hypotrachyna graciliescens,,acetyl-polymalonyl pathway,depsidones,Orcinol Depsidones,
decarboxyanziaic acid,48,,46,32,,,,48,,G,,x,P.Yellow            ,Green,448,297,,,,Red,,,,,Occurs in Xanthoparmelia depsidella,"Anziaic acid, Decarboxydivaricatic acid, Decarboxystenosporic acid, Depsidellin A, Depsidellin B, Depsidellin C","Elix, JA/ Wardlaw, JH 1997: New depsides from the lichen Neofuscelia depsidella. Australian Journal of Chemistry 50: 1145-1150.",Xanthoparmelia depsidella,,acetyl-polymalonyl pathway,depsides,Orcinol Depsides,
decarboxydivaricatic acid,60,,56,51,,,,45,,G,,x,P.Yellow            ,Green,344,194,193,192,,,,,,,Minor constitiuent of Xanthoparmelia depsidella,"Decarboxyanziaic acid, Decarboxynorstenosporic acid, Decarboxystenosporic acid, Depsidellin A, Depsidellin B, Depsidellin C, Divaricatic acid","Elix, JA/ Wardlaw, JH 1997: New depsides from the lichen Neofuscelia depsidella. Australian Journal of Chemistry 50: 1145-1150.",,,acetyl-polymalonyl pathway,depsides,Orcinol Depsides,
decarboxyhypothamnolic acid,5,,15,13,,,,15,,B,,x,Brown               ,Brown,362,209,192,191,Purple,P.Red,,,,,Occurs in Pertusaria sp.,"Hypothamnolic acid, Thamnolic acid, Lactothamnolic acid","Elix, JA/ Barclay, CE/ Wardlaw, JH/ Archer, AW/ Sen-hua Yu/ Kantvilas, G 1999: Four new β- orcinol meta-depsides from Pertusaria and Siphula lichens. Australian Journal of Chemistry 52: 837-840.",Pertusaria sp,,acetyl-polymalonyl pathway,depsides,Orcinol Depsides,
decarboxy-2’-o-methyldivaricatic acid,74,,73,88,,,,53,,G,,x,P.Yellow            ,Green,358,194,193,192,,,,,,,Minor constitiuent of Xanthoparmelia depsidella,"Decarboxyanziaic acid, Decarboxynorstenosporic acid, Decarboxystenosporic acid, Depsidellin A, Depsidellin B, Depsidellin C, 2’-O-Methlydivaricatic acid","Elix, JA/ Wardlaw, JH 1997: New depsides from the lichen Neofuscelia depsidella. Australian Journal of Chemistry 50: 1145-1150.",,,acetyl-polymalonyl pathway,depsides,Orcinol Depsides,
decarboxy-2’-o-methylnorimbricaric acid,60,,56,48,,,,51,,G,,x,P.Yellow            ,Green,372,208,207,166,,Red,,,,,Minor constitiuent of Xanthoparmelia depsidella,"Decarboxyanziaic acid, Decarboxynorstenosporic acid, Decarboxystenosporic acid, Depsidellin A, Depsidellin B, Depsidellin C, 2’-O-Methylimbricaric acid","Elix, JA/ Wardlaw, JH 1997: New depsides from the lichen Neofuscelia depsidella. Australian Journal of Chemistry 50: 1145-1150.",,,acetyl-polymalonyl pathway,depsides,Orcinol Depsides,
decarboxynorimbricaric acid,46,,53,29,,,,42,,G,,x,P.Yellow            ,Green,358,208,207,163,,Red,,,,,Minor constitiuent of Xanthoparmelia depsidella,"Decarboxyanziaic acid, Decarboxydivaricatic acid, Decarboxystenosporic acid, Depsidellin A, Depsidellin B, Depsidellin C, Imbricaric acid","Elix, JA/ Wardlaw, JH 1997: New depsides from the lichen Neofuscelia depsidella. Australian Journal of Chemistry 50: 1145-1150.",,,acetyl-polymalonyl pathway,depsides,Orcinol Depsides,
decarboxynorstenosporic acid,45,,45,27,,,,43,,G,,x,P.Yellow            ,Green,358,180,179,178,,Red,,,,,Minor constitiuent of Xanthoparmelia depsidella,"Decarboxyanziaic acid, Decarboxydivaricatic acid, Decarboxystenosporic acid, Depsidellin A, Depsidellin B, Depsidellin C, Stenosporic acid","Elix, JA/ Wardlaw, JH 1997: New depsides from the lichen Neofuscelia depsidella. Australian Journal of Chemistry 50: 1145-1150.",,,acetyl-polymalonyl pathway,depsides,Orcinol Depsides,
decarboxyperlatolic acid,63,,60,56,,,,55,,G,,x,P.Yellow            ,Green,400,222,221,180,,,,,,,Minor constitiuent of Xanthoparmelia depsidella,"Decarboxyanziaic acid, Decarboxynorstenosporic acid, Decarboxystenosporic acid, Depsidellin A, Depsidellin B, Depsidellin C, Perlatolic acid","Elix, JA/ Wardlaw, JH 1997: New depsides from the lichen Neofuscelia depsidella. Australian Journal of Chemistry 50: 1145-1150.",,,acetyl-polymalonyl pathway,depsides,Orcinol Depsides,
decarboxystenosporic acid,63,,57,55,,,,51,,G,,x,P.Yellow            ,Green,372,194,193,124,,,,,,,Minor constitiuent of Xanthoparmelia depsidella,"Decarboxyanziaic acid, Decarboxynorstenosporic acid, Stenosporic acid, Depsidellin A, Depsidellin B, Depsidellin C","Elix, JA/ Wardlaw, JH 1997: New depsides from the lichen Neofuscelia depsidella. Australian Journal of Chemistry 50: 1145-1150.",,,acetyl-polymalonyl pathway,depsides,Orcinol Depsides,
decarboxythamnolic acid,5,25,18,18,,,38,7,,B,,P.Red,Brown               ,Brown,376,332,226,209,Yellow,,,Orange,,,Occurs in chemotypes of Thamnolia vermicularis,Thamnolic acid,"Culberson, CF 1969: Chemical and botanical guide to lichen products. Univ. North Carolina Press, Chapel Hill: 150.",chemotypes of Thamnolia vermicularis,,acetyl-polymalonyl pathway,depsides,β-Orcinol Depsides,
3-dechlorodiploicin,58,,53,62,28,,,37,,P,,x,Grey                ,Purple,390,388,355,353,,,,,,,Occurs in Diploicia canescens,"3-Dechloro-4-O-methyldiploicin, Diploicin, Scensidin","Sala, T/ Sargent, MV/ Elix, JA 1981: Depsidone Synthesis. Part 15. New Metabolites of the Lichen Buellia canescens (Dicks.) De Not: Novel Phthalide Catabolites of Depsidones. Journal of the Chemical Society, Perkin Transactions I: 849-854.",Diploicia canescens,,acetyl-polymalonyl pathway,depsidones,Orcinol Depsidones,
4-dechlorogangaleoidin [3-dechlorogangaleoidin],53,,31,40,,,,23,,P,,x,Orange              ,Purple,416,414,412,,,,,,,,Minor component in Lecanora argentata,"Norgangaleoidin, Gangaleoidin","Elix, JA/ Venables, DA/ Lumbsch, HT/ Brako, L 1994: Further new metabolites from lichens. Australian Journal of Chemistry 47: 1619-1623.",Lecanora griseofulva,3-dechlorogangaleoidin,acetyl-polymalonyl pathway,depsidones,Orcinol Depsidones,
3'-dechlorolecideiodin,56,47,40,42,17,,,17,,P,,x,Orange              ,Purple,366,364,334,332,,,,,,,"Acid Spray: orange, grey halo. Minor component in Tylothalia pahiensis","Gangaleoidin, Lecideoidin","Chester, DO/ Elix, JA/ Jones, AJ 1979: Lecideoidin and 3'-dechlorolecideoidin, new depsidones from an Australian Lecidea (lichen). Australian Journal of Chemistry 32: 1857-1861.",,,acetyl-polymalonyl pathway,depsidones,Orcinol Depsidones,
"2-dechloro-8-o-methylthiomelin [1-hydroxy-4-chloro-5,8-dimethoxy-6-methylxanthone]",65,,45,53,35,,,64,+,O,,x,Orange              ,Orange,322,320,307,305,,,,,,,Pale yellow pigment. Minor component in Rinodina thiomela,"4-Dechloro-8-O-methylthiomelin, 4-Dechlorothiomelin, 8-O- Methylthiomelin, Thiomelin","Elix, JA/ Jiang, H/ Gaul, KL 1993: The structure and synthesis of some minor xanthones from the lichen Rinodina thiomela. Australian Journal of Chemistry 46: 95-110.",,"1-hydroxy-4-chloro-5, 8-dimethoxy-6-methylxanthone",acetyl-polymalonyl pathway,xanthones & ergochromes,Xanthones,
"4-dechloro-8-o-methylthiomelin [1-hydroxy-2-chloro-5,8-dimethoxy-6-methylxanthone]",64,,39,51,29,,,66,+,O,,x,Orange              ,Orange,322,320,305,302,,,,,,,Pale yellow pigment. Minor component in Rinodina thiomela,"2-Dechloro-8-O-methylthiomelin, 4-Dechlorothiomelin, 8-O- Methylthiomelin, Thiomelin","Elix, JA/ Jiang, H/ Gaul, KL 1993: The structure and synthesis of some minor xanthones from the lichen Rinodina thiomela. Australian Journal of Chemistry 46: 95-110.",,"1-hydroxy-2-chloro-5, 8-dimethoxy-6-methylxanthone",acetyl-polymalonyl pathway,xanthones & ergochromes,Xanthones,
3-dechloro-4-o-methyldiploicin [dechloro-o-methyldiploicin],74,,58,83,55,,,44,,P,,x,P.Grey              ,Purple,404,402,369,367,,,,,,,Best seen under SW UV before spraying. Minor component in Diploicia canescens,"3-Dechlorodiploicin, Diploicin, Scensidin","Sala, T/ Sargent, MV/ Elix, JA 1981: Depsidone Synthesis. Part 15. New Metabolites of the Lichen Buellia canescens (Dicks.) De Not: Novel Phthalide Catabolites of Depsidones. Journal of the Chemical Society, Perkin Transactions I: 849-854.",,dechloro-o-methyldiploicin,acetyl-polymalonyl pathway,depsidones,Orcinol Depsidones,
dechloropannarin,73,73,61,75,55,,,29,,O,,x,Brown               ,Orange,328,300,285,284,,,,Orange,,,"Acid Spray: orange, fades to brown-grey. Occurs in Phyllopsora beuttneri","Nordechloropannarin, Norpannarin, Pannarin","Elix, JA/ Lajide, L/ Galloway, DJ 1982: Metabolites from the Lichen Genus Psoroma. Australian Journal of Chemistry. 35: 2325-2333.",Phyllopsora beuttneri,,acetyl-polymalonyl pathway,depsidones,β-Orcinol Depsidones,
"2-dechlorothiomelin [1,8-dihydroxy-4-chloro-5-methoxy-6-methylxanthone]",79,,80,85,64,,,44,+,P,,x,No Result           ,Purple,308,306,293,292,,,,,,,Pale yellow pigment. Minor component in Rinodina thiomela,"2-Dechloro-8-O-methylthiomelin, 4-Dechlorothiomelin, 8-O- Methylthiomelin, Thiomelin","Elix, JA/ Jiang, H/ Gaul, KL 1993: The structure and synthesis of some minor xanthones from the lichen Rinodina thiomela. Australian Journal of Chemistry 46: 95-110.",,"1, 8-dihydroxy-4-chloro-5-methoxy-6-methylxanthone",acetyl-polymalonyl pathway,xanthones & ergochromes,Xanthones,
"4-dechlorothiomelin [1,8-dihydroxy-2-chloro-5-methoxy-6-methylxanthone]",78,,86,83,61,,,46,+,P,,x,No Result           ,Purple,308,306,293,292,,,,,,,Pale yellow pigment. Minor component in Rinodina thiomela,"4-Dechloro-8-O-methylthiomelin, 2-Dechlorothiomelin, 8-O- Methylthiomelin, Thiomelin","Elix, JA/ Gaul, KL/ Sterns, M/ Samsudun, MW 1987: The structure of the novel lichen xanthone, thiomelin and its congenors. Australian Journal of Chemistry 40: 1169-1178.",,"1, 8-dihydroxy-2-chloro-5-methoxy-6-methylxanthone",acetyl-polymalonyl pathway,xanthones & ergochromes,Xanthones,
2-dechlorovicanicin,52,,48,40,22,,,34,,P,,x,Blue                ,Purple,364,362,,,,,,,,,"Acid Spray: pale light blue, fades to blue-grey. Minor constituent in chemical race of Pannaria","Dechloropannarin, 7-dechlorovicanicin, Hypopannarin, 4-O- Methylvicanicin, Norvicanicin, Pannarin, Vicanicin",New report,,,acetyl-polymalonyl pathway,depsidones,β-Orcinol Depsidones,
7-dechlorovicanicin,,,64,68,61,,,36,,P,,x,Blue                ,Purple,364,362,,,,,,,,,Minor constituent in Lecanora margarodes,"Dechloropannarin, 7-dechlorovicanicin, Hypopannarin, 4-O- Methylvicanicin, Norvicanicin, Pannarin, Vicanicin",New report,,,acetyl-polymalonyl pathway,depsidones,β-Orcinol Depsidones,
dehydrocollatolic acid,54,,35,48,,,,33,,D,,x,P.Yellow            ,D.Blue,524,506,488,480,,,P.Red,,,,Minor component in Parmotrema nilgherrense,"Alectoronic acid, α-Collatolic acid, Dehydroalectoronic acid","Kharel, MK/ Rai, NP/ Manandhar, MD/ Elix, JA/ Wadrlaw, JH 2000: Dehydrocollatolic acid, a new depsidone from the lichen Parmotrema nilgherrense. Australian Journal of Chemistry 53: 891-892.",,,acetyl-polymalonyl pathway,depsidones,Orcinol Depsidones,
"dehydroconstipatic acid [isomuronic acid, neuropogonic acid]",40,,35,35,,,,33,,L,,x,P.Brown             ,Lilac,366,348,322,309,,,,,,,Occurs in Neuropogon trachycarpus,"Constipatic acid, Muronic acid, Protoconstipatic acid","Chester, DO/ Elix, JA 1979: Three new aliphatic acids from lichens of genus Parmelia (subg. Xanthoparmelia). Australian Journal of Chemistry 32: 2566-2569.",Neuropogon trachycarpus,"isomuronic acid, neuropogonic acid",acetyl-polymalonyl pathway,aliphatic acids & aliphatic compounds,Aliphatic acids,
4-o-demethylbarbatic acid,39,60,54,36,,,,24,,p,,Orange,P.Yellow            ,P.Yellow,346,182,165,164,Red,,,,,,"Acid Spray: pale yellow, grey halo. LW UV: purple, pale yellow halo. Minor component in Cladia","Barbatic acid, Norobtusatic acid, Obtusatic acid","Huneck, S/ Follmann, G/ Santesson, J 1968: 4-O-Desmethylbarbatinsäure, ein neues Depsid aus Ramalina subdecipiens Stein. Zeitschrift für Naturforschung 23b: 856-860.",,,acetyl-polymalonyl pathway,depsides,β-Orcinol Depsides,
demethylchodatin,46,,40,34,,,,44,+,O,,,Yellow              ,Orange,394,392,390,377,,Orange,,,,,Occurs in Lecidella granulosula,"Chodatin, Isoarthothelin, 2,5,7-Trichloro-3-O-methylnorlichexanthone","Elix, JA/ Robertson, F/ Wardlaw, JH/ Wllis, AC 1994: Isolation and structure determination of demethylchodatin - a new lichen xanthone. Australian Journal of Chemistry 47: 2291-2295.",Lecidella granulosula,,acetyl-polymalonyl pathway,xanthones & ergochromes,Xanthones,
"7-demethylcristazarin [2-ethyl-3,5,6,8-tetrahydroxynaphtho-1,4-quinone, norcristazarin]",32,,48,10,,,,,+,M,,,Purple              ,Magenta,250,235,232,217,Red,,,,,,Occurs in Flavocetraria cucullata,"6-Methylcristazarin, Cristazarin","Krivoshchekova, OE/ Maximov, OB/ Stepanenko, LS/ Mishchenko, NP 1982: Quinones of the lichen Cetraria cucullata. Phytochemistry 21: 193-196.",Flavocetraria cucullata,"2-ethyl-3, 5, 6, 8-tetrahydroxynaphtho-1, 4-quinone, norcristazarin",acetyl-polymalonyl pathway,quinones,Naphthaquinones,
4-o-demethyldiffractaic acid,34,,44,31,,,,17,,s,,x,P.Yellow            ,P.Yellow,360,316,269,179,,,,,,,"Acid Spray: pale yellow, grey halo. LW UV: strong-purple, pale yellow halo. Minor component in",Diffractaic acid,"Elix, JA/ Chester, DO/ Gaul, KL/ Parker, JL/ Wardlaw, JH 1989: The identification of further lichen β-orcinol para-depsides, Australian Journal of Chemistry 42: 1191-1199.",,,acetyl-polymalonyl pathway,depsides,β-Orcinol Depsides,
4-o-demethylglomellic acid,22,,20,11,,,48,12,,B,,x,Orange              ,B.Blue,,,,,,Red,,,,,Minor component in Xanthoparmelia loxodella,"4-O-Demethylglomelliferic acid, Glomellic acid, Glomelliferic acid","Elix, JA/ Whitton, AA 1989: Synthesis of the Lichen depsides, glomelliferic acid, loxodellic acid, glomellic acid, their 4-O-demethyl analogues and oxostenosporic acid. Australian Journal of Chemistry 42: 1969-1981.",,,acetyl-polymalonyl pathway,depsides,Orcinol Depsides,
4-o-demethylglomelliferic acid,29,,36,21,,,52,20,,B,,x,Orange              ,B.Blue,,,,,,Red,,,,,Minor component in Xanthoparmelia loxodes,"4-O-Demethylglomellic acid, Glomellic acid, Glomelliferic acid","Elix, JA/ Whitton, AA 1989: Synthesis of the Lichen depsides, glomelliferic acid, loxodellic acid, glomellic acid, their 4-O-demethyl analogues and oxostenosporic acid. Australian Journal of Chemistry 42: 1969-1981.",,,acetyl-polymalonyl pathway,depsides,Orcinol Depsides,
4-o-demethylgrayanic acid,41,,21,18,,,,41,,s,,x,P.Brown             ,P.Brown,,,,,,,,,,,"Acid Spray: pale orange brown, fades to pale orange. LW UV: strong-pale brown, bluish halo.","Congrayanic acid, Grayanic acid, Melacarpic acid","Culberson, CF/ Culberson, WL/ Johnson, A 1985: Orcinol-type depsides and depsidones in the lichens of the Cladonia chlorophea group (Ascomycotina, Cladoniaceae). Bryologist 88: 380-387.",,,acetyl-polymalonyl pathway,depsidones,Orcinol Depsidones,
4-o-demethylimbricaric acid,35,,57,32,,,,29,,G,,x,P.Yellow            ,Green,,,,,,Red,,,,,"Acid Spray: strong-pale yellow, grey halo. Minor component in Cetrelia sanguinea","Anziaic acid, Imbricaric acid","Culberson, CF/ Culberson, WL 1976: Chemosyndromic variation in lichens. Systematic Botany 1: 325-329.",,,acetyl-polymalonyl pathway,depsides,Orcinol Depsides,
demethylleprapinic acid,,,,7,9,,,,+,O,,x,P.Yellow            ,Orange,435,290,145,,,,,,,,Intense yellow pigment. Occurs in Lepraria sp.,Leprapinic acid,"Appa Rao, AVN/ Rao, PS/ Huneck, S 1984: Isolation of demethylleprapinic acid from Lepraria spec. Fitoterapia: 242-243.",Lepraria sp,,shikimic acid pathway,pulvinic acid derivatives,Pulvinic acid derivatives,
4-o-demethylloxodellic acid,23,,34,18,,,49,14,,B,,x,Orange              ,B.Blue,,,,,,Red,,,,,Minor component in Xanthoparmelia loxodes,"4-O-Demethylglomelliferic acid, Glomellic acid, Glomelliferic acid, Loxodellic acid","Elix, JA/ Whitton, AA 1989: Synthesis of the Lichen depsides, glomelliferic acid, loxodellic acid, glomellic acid, their 4-O-demethyl analogues and oxostenosporic acid. Australian Journal of Chemistry 42: 1969-1981.",,,acetyl-polymalonyl pathway,depsides,Orcinol Depsides,
4-o-demethylmicrophyllinic acid,32,,31,16,,,49,23,,f,,x,Orange              ,B.Blue,478,426,338,248,,Red,,,,,"Acid Spray: pale orange, grey halo. SW UV: fluorescence bright blue before spraying.","Anziaic acid, Microphyllinic acid, Olivetoric acid","Elix, JA/ Jayanthi, VK 1987: The isolation and synthesis of the lichen depside, 4-O- demethylmicrophyllinic acid. Australian Journal of Chemistry 40: 1851-1859.",Parmotrema demethylmicrophyllinicum,,acetyl-polymalonyl pathway,depsides,Orcinol Depsides,
4-o-demethylnotatic acid [nornotatic acid],16,38,35,14,,,46,11,,D,,x,Orange              ,D.Blue,330,312,286,284,,Red,,,,,"Acid Spray: pale orange, grey halo. Occurs in Ocellularia actinota","Hypoprotocetraric acid, Norisonotatic acid, Notatic acid","Culberson, CF/ Hale, ME 1973: 4-O-Demethylnotatic acid, a new depsidone in some lichens producing hypoprotocetraric acid. Bryologist 76: 77-84.",Ocellularia actinota,nornotatic acid,acetyl-polymalonyl pathway,depsidones,Orcinol β-Orcinol Depsidones,
"4-o-demethylplanaic acid [2,2'-di-o-methylanziaic acid]",42,32,29,33,,,,24,,p,,D.Red,Orange              ,Green,,,,,,,,,,,"Acid Spray: pale orange, grey halo. LW UV: pale brown, green halo. Occurs in Lecidea plana","2'-O-Methylperlatolic acid, Planaic acid","Huneck, S/ Schmidt, J 1995: Neue Flechtenanalysen aus verschiedenen Verwandsschaftskreisen. In ""Flechten Follmann"", Geobotanical and Phytotaxonomical Study Group, University of Cologne, Germany: 24-41.",Lecidea plana,"2, 2'-di-o-methylanziaic acid",acetyl-polymalonyl pathway,depsides,Orcinol Depsides,
"2’-o-demethylpsoromic acid [conpsoromic acid, neopsoromic acid]",15,36,39,12,,,46,13,,B,,Red-violet,Brown               ,Brown,344,300,272,179,,,,Yellow,,,Minor component in Usnea inermis,"Psoromic acid, Subpsoromic acid","Keogh, MF 1976: 2’-O-Demethylpsoromic acid from Usnea sp. Phytochemistry 15: 1801.",,"conpsoromic acid, neopsoromic acid",acetyl-polymalonyl pathway,depsidones,β-Orcinol Depsidones,
3-o-demethylscensidin,60,,52,53,28,,,23,,D,,x,No Result           ,D.Purple,358,356,354,328,,,,,,,Best seen under SW UV before spraying. Minor component in Diploicia canescens,"3-Dechloro-4-O-methyldiploicin, Diploicin, Isofulgidin, Scensidin","Elix, JA/ Jenkins, GA/ Venables, DA 1990: New chlorine-containing depsidones from lichens. Australian Journal of Chemistry 43: 197-201.",,,acetyl-polymalonyl pathway,depsidones,Orcinol Depsidones,
3-o-demethylschizopeltic acid,34,,29,41,,,,14,,D,,x,Blue-grey           ,D.Purple,344,312,284,156,,,,,,,Occurs in Roccella hypomecha,"Pannaric acid, Schizopeltic acid","Huneck, S/ Elix, JA/ Naidu, R/ Follmann, G 1993: 3-O-Demethylschizopeltic acid, a new dibenzofuran from the lichen Roccella hypomecha. Australian Journal of Chemistry 46: 407-410.",Roccella hypomecha,,acetyl-polymalonyl pathway,furans & furanones,Dibenzofurans,
4'-o-demethylsekikaic acid,40,41,52,36,,,,21,,G,,x,Orange-grey         ,Green,,,,,P.Red,Red,,,,,"Acid Spray: strong-pale yellow-orange, grey halo. Occurs in Ramalina americana","Homosekikaic acid, Ramalinolic acid, Sekikaic acid","Culberson, CF/ Culberson, WL/ Johnson, A 1990: The Ramalina americana complex (Ascomycotina, Ramalinaceae): chemical and geographical correlations. Bryologist 93: 167-186.",Ramalina americana,,acetyl-polymalonyl pathway,depsides,Orcinol m-Depsides,
4-o-demethylsphaerophorin,38,,57,33,,,,33,,p,,x,Orange              ,Green,,,,,,Red,,,,,"Acid Spray: pale orange, grey halo. LW UV: purple, green halo. Occurs in Bunodophoron melacarpum","Isosphaeric acid, Sphaerophorin","Elix, JA/ Wardlaw, JH 1987: Synthesis of lichen para-sphaerophorol depsides. Australian Journal of Chemistry 40: 425-429.",Bunodophoron melacarpum,,acetyl-polymalonyl pathway,depsides,Orcinol Depsides,
4-o-demethylsquamatic acid [consquamatic acid],3,,1,3,,,,,,G,,Red,Grey                ,Green,,,,,,Red,,,,,Occurs in Cladonia capitellata var. squamatica,Squamatic acid,"Archer, AW 1992: Cladoniaceae. Flora of Australia 54: 107-151.",Cladonia capitellata var,consquamatic acid,acetyl-polymalonyl pathway,depsides,β-Orcinol Depsides,
4-o-demethylstenosporic acid,44,54,,32,,,,28,,G,,x,P.Yellow            ,Green,,,,,,Red,,,,,Occurs in Xanthoparmelia pokornyi,"Anziaic acid, Divaricatic acid, Nordivaricatic acid, Stenosporic acid","Culberson, CK/ Culberson, WL/ Esslinger, TL 1977: Chemosyndromic variation in the Parmelia pulla group. Bryologist 80: 125-135.",Xanthoparmelia pokornyi,,acetyl-polymalonyl pathway,depsides,Orcinol Depsides,
4-o-demethylsuperconfluentic acid,41,,37,30,,,,38,,B,,x,Yellow              ,B.Blue,,,,,,Pink,Red,,,,"Occurs in Stirtonia ramosa, Porpidia glaucophaea","Glaucophaeic acid, 2’-O-Methylnorsuperphyllinic acid, Insignin, Superconfluentic acid","Elix, JA/Wardlaw, JH 1996: Synthesis of depsides present in the lichen Porpidia glaucophaea. Australian Journal of Chemistry 49: 817-924.","Stirtonia ramosa, Porpidia glaucophaea",,acetyl-polymalonyl pathway,depsides,Orcinol Depsides,
demethylvioxanthin,25,,4,18,,,,17,+,Y,,x,Green-brown         ,Yellow,,,,,Red,,,,,,Yellow-green pigment. Occurs in Buellia vioxanthina,"Pigmentosin A, Vioxanthin",New Report,Buellia vioxanthina,,acetyl-polymalonyl pathway,naphthopyrones,Naphthopyrone,
deoxylichesterinic acid,55,,50,57,,,,38,,L,,x,P.Brown             ,Lilac,308,290,264,,,,,,,,Occurs in Rinodina intermedia,Lichesterinic acid,"Mayrhofer, H/ Sheard, JW/ Grassier, MC/ Elix, JA 2001: Rinodina intermedia Bagl. (Physciaceae, lichenized Ascomycetes): A well characterised species with submuriform ascospores. Bryologist 104: 456-463.",Rinodina intermedia,,acetyl-polymalonyl pathway,aliphatic acids & aliphatic compounds,Aliphatic acids,
deoxystictic acid [stictinolide],,,,33,,,,14,,G,,x,Orange              ,Orange,370,342,,,Yellow,,,Orange,,,reported to occur in Hypotrachyna revoluta [but possibly a misdetermination of Parmotrema perlatum],"Connorstictic acid, Constictic acid, Cryptostictic acid, Menegazziaic acid, Methyl stictic acid, Norstictic acid, Stictic acid","Papadopoulou, P/ Tzakou, O/ Vagias, C/ Kefalas, P/ Roussis, V 2007: β-Orcinol metabolites from the lichen Hypotrachyna revoluta. Molecules 12: 997-1005.",Xanthoparmelia depsidella Depsidellin B A: 47 B: x B': 42 C: 32 E: x F: x G: x HPLC: 60 V: − UV: + Acid Spray: P,stictinolide,acetyl-polymalonyl pathway,depsidones,β-Orcinol Depsidones,
desmethylhybocarpone [norhybocarpone],6,,35,5,,,,22,+,B,,x,Brown               ,Brown,516,250,,,Red,,,,,,Orange pigment. Occurs in Heterodermia hybocarponica,"Hybocarpone, 7-Demethylcristazarin","Ernst-Russell, MA/ Elix, JA/ Chai, CLL/ Willis, AC/ Nash, TH III 1999: Hybocarpone, a novel cytotoxic naphthazarin derivative from mycobiont cultures of the lichen Lecanora hybocarpa. Tetrahedron Letters 40: 6321-6324.",Heterodermia hybocarponica,norhybocarpone,acetyl-polymalonyl pathway,quinones,Naphthaquinone,
"3β,25-diacetoxy-20,24-epoxydammarane [diacetyl-12-deoxypyxinol]",,,,85,70,,90,,,G,,x,Purple              ,Green,,,,,,,,,,,Occurs in Pyxine endochrysina,"3β,25-Diacetoxy-20,24-epoxydammarane, 3β,25-Diacetoxy-20,24- epoxydammarane-12β-ol, 20,24-Epoxydammarane-3β,12β,25-triol, Methyl 3-O-acetoxypyxinate, Methyl pyxinate","Yosioka, I/ Yamauichi, H/ Kitagawa, I 1972: Lichen triterpenoids. V. On the neutral triterpenes of Pyxine endochrysina Nyl., Chemical and Parmaceutical Bulletin (Tokyo) 20: 502-513",Pyxine endochrysina,diacetyl-12-deoxypyxinol,mevalonic acid pathway,terpenoids & steroids,Terpenoids,
"3β,25-diacetoxy-20,24-epoxydammarane-12β-ol [diactylpyxinol]",,,,45,19,,48,,,G,,x,Purple              ,Green,,,,,,,,,,,"Occurs in Pyxine endochrysina, P. sorediata","3β-Acetoxy-20,24-epoxydammarane-12β,25-diol, 3β,25-Diacetoxy-20,24- epoxydammarane, 20,24-Epoxydammarane-3β,12β,25-triol, Methyl 3-O-acetoxypyxinate, Methyl pyxinate","Yosioka, I/ Yamauichi, H/ Kitagawa, I 1972: Lichen triterpenoids. V. On the neutral triterpenes of Pyxine endochrysina Nyl., Chemical and Parmaceutical Bulletin (Tokyo) 20: 502-513","Pyxine endochrysina, P",diactylpyxinol,mevalonic acid pathway,terpenoids & steroids,Terpenoids,
"6α,16β-diacetoxyhopane-22-ol",50,,37,40,4,,45,,,P,,x,P.Brown             ,P.Yellow,,,,,,,,,,,"Occurs in Heterodermia tremulans, Myelochroa entotheiochroa","6α-Acetoxyhopane-16β,22-diol, 16β-Acetoxyhopan-6α,22-diol Hopane- 6α,22-diol [Zeorin], Hopane-6α,16β,22-triol [Leucotylin]","Elix, JA/ Whitton, AA/ Jones, AJ 1982: Triterpenes from the lichen genus Physcia, Austrlian Journal of Chemistry 35: 641-647.","Heterodermia tremulans, Myelochroa entotheiochroa",,mevalonic acid pathway,terpenoids & steroids,Terpenoids,
"3β,22α-diacetoxystictane",,,,85,,,,,,O,,x,P.Brown             ,Orange,,,,,,,,,,,Occurs in Pseudocyphellaria coronata,"3β-Acetoxystictane-22α-ol, Stictane-3β,22α-diol","Chin, WJ/ Corbett, RE/ Heng, CK/ Wilkins, AL 1973: Lichen and fungi. Part XI. triterpenoids. IV. Isolation and structural elucidation of a new group of triterpenes from Sticta coronata, S. colensoi, and S. flavicans, Journal of the Chemical Society, Perkin Transactions I: 1437-1446.",Pseudocyphellaria coronata,,mevalonic acid pathway,terpenoids & steroids,Terpenoids,
"2α,3β-diacetoxystictane-22α-ol",,,,,,,,,,O,,x,P.Brown             ,Orange,,,,,,,,,,,Occurs in Pseudocyphellaria coronata,"2α-Acetoxystictane-3β,22α-diol, 3β-Acetoxystictane-22α-ol, 2α,3β- Diacetoxystictane-22-one, Stictane-2α,3β,22α-triol, 2α,3β,22α-Triacetoxystictane","Chin, WJ/ Corbett, RE/ Heng, CK/ Wilkins, AL 1973: Lichen and fungi. Part XI. triterpenoids. IV. Isolation and structural elucidation of a new group of triterpenes from Sticta coronata, S. colensoi, and S. flavicans, Journal of the Chemical Society, Perkin Transactions I: 1437-1446.",Pseudocyphellaria coronata,,mevalonic acid pathway,terpenoids & steroids,Terpenoids,
"2α,3β-diacetoxystictane-22-one",,,,,,,,,,O,,x,P.Brown             ,Orange,,,,,,,,,,,Occurs in Pseudocyphellaria coronata,"2α-Acetoxystictane-3β,22α-diol, 3β-Acetoxystictane-22α-ol, 2α,3β- Diacetoxystictane-22α-ol, Stictane-2α,3β,22α-triol, 2α,3β,22α-Triacetoxystictane","Chin, WJ/ Corbett, RE/ Heng, CK/ Wilkins, AL 1973: Lichen and fungi. Part XI. triterpenoids. IV. Isolation and structural elucidation of a new group of triterpenes from Sticta coronata, S. colensoi, and S. flavicans, Journal of the Chemical Society, Perkin Transactions I: 1437-1446.",Pseudocyphellaria coronata,,mevalonic acid pathway,terpenoids & steroids,Terpenoids,
diacetylgraciliformin,40,,34,25,1,,,37,+,G,,x,Green               ,Grey,626,566,506,254,Red,,,,,,Yellow pigment. Acid Spray: colour like skyrin. Occurs in Cladonia graciliformis,"Graciliformin, Monoacetylgraciliformin, Skyrin","Ejiri, H/ Sankawa, U/ Shibata, S 1975: Graciliformin and its acetates in Cladonia graciliformis. Phytochemistry 14: 277-279.",Cladonia graciliformis,,acetyl-polymalonyl pathway,quinones,Anthraquinones,
"5,7-dichloro-2,8-dihydroxy-1,3-dimethylxanthone",62,,70,65,46,83,,58,+,O,,x,Orange              ,Orange,328,326,324,295,,,,,,,Pale yellow pigment. Occurs in Rinodina thiomela,"2-Dechloro-8-O-methylthiomelin, 4-Dechloro-8-O-methylthiomelin, 2- Dechlorothiomelin, 4-Dechlorothiomelin, 8-O-Methylthiomelin, Thiomelin","Elix, JA/ Jiang, H/ Gaul, KL 1993: The structure and synthesis of some minor xanthones from the lichen Rinodina thiomela. Australian Journal of Chemistry 46: 95-110.",Rinodina thiomela,,acetyl-polymalonyl pathway,xanthones & ergochromes,Xanthones,
"5,7-dichloroemodin",50,,63,65,,,,37,+,O,,x,Orange              ,Orange,342,340,338,,Violet,,,,,,Yellow-orange pigment. Minor pigment in Heterodermia obscurata,"5-Chloroemodin, 7-Chloroemodin, Emodin","Cohen, PA/ Towers, GHN 1995: The anthraquinones of Heterodermia obscurata. Phytochemistry 40: 911-915.",,,acetyl-polymalonyl pathway,quinones,Anthraquinones,
"5,7-dichloro-8-hydroxy-2-methoxy-1,3-dimethylxanthone",79,,88,86,72,90,,70,+,O,,x,Orange              ,Orange,342,340,338,325,,,,,,,Pale yellow pigment. Minor component in Rinodina thiomela,"2-Dechloro-8-O-methylthiomelin, 4-Dechloro-8-O-methylthiomelin, 2- Dechlorothiomelin, 4-Dechlorothiomelin, 5,7-Dichloro-2,8-dihydroxy-1,3-dimethylxanthone, 8-O- Methylthiomelin, Thiomelin","Elix, JA/ Jiang, H/ Gaul, KL 1993: The structure and synthesis of some minor xanthones from the lichen Rinodina thiomela. Australian Journal of Chemistry 46: 95-110.",,,acetyl-polymalonyl pathway,xanthones & ergochromes,Xanthones,
"7,7'-dichlorohypericin",,,,,,,,,+,B,,x,Blue-purple         ,Blue-purple,575,573,571,,Violet,,,,,,Indigo pigment. Minor pigment in Nephroma laevigatum,"2,2',7,7'-Tetrachlorohypericin","Cohen, PA/ Towers, GHN 1995: The anthraquinones and phenanthroperylenequinones from Nephroma laevigatum. Journal of Natural Products 58: 520-526.",,,acetyl-polymalonyl pathway,quinones,Phenanthroperylenequinones,
"2,4-dichlorolichexanthone",78,,76,75,55,85,,57,+,O,,x,Orange              ,Orange,358,356,354,315,,,,,,,Pale yellow pigment. Minor component in Pertusaria aleianta,"2-Chlorolichexanthone, 4-Chlorolichexanthone, 2,5- Dichlorolichexanthone, Thiophaninic acid, 2,4,5-Trichlorolichexanthone","Huneck, S/ Höfle, G 1978: Struktur und 13C-NMR-Spektroskopie von chlorhältigen Flechtenxanthonen. Tetrahedron 34: 2491-2502.",,,acetyl-polymalonyl pathway,xanthones & ergochromes,Xanthones,
"2,5-dichlorolichexanthone",73,,59,76,43,80,,50,+,B,,x,Orange              ,B.Blue,358,356,354,213,,,,,,,Pale yellow pigment. Minor component in Pertusaria aleianta,"2-Chlorolichexanthone, 5-Chlorolichexanthone, 2,4- Dichlorolichexanthone, 4,5-Dichlorolichexanthone, 2,4,5-Trichlorolichexanthone","Huneck, S/ Höfle, G 1978: Struktur und 13C-NMR-Spektroskopie von chlorhältigen Flechtenxanthonen. Tetrahedron 34: 2491-2502.",,,acetyl-polymalonyl pathway,xanthones & ergochromes,Xanthones,
"2,7-dichlorolichexanthone",77,,70,80,24,57,,53,+,G,,x,P.Yellow            ,Green,358,356,354,213,,,,,,,"Pale yellow pigment. Occurs in Lecanora salina, L. populicola, L. behringii","2-Chlorolichexanthone, 7-Chlorolichexanthone, 2,7-Dichloro-3-O- methylnorlichexanthone, 2,7-Dichloro-6-O-methylnorlichexanthone, 2,5,7-Trichlorolichexanthone","Elix, JA/ Crook, CE 1992: The joint occurrence of chloroxanthones in lichens, and a further thirteen new lichen xanthones. Bryologist 95: 52-64.","Lecanora salina, L",,acetyl-polymalonyl pathway,xanthones & ergochromes,Xanthones,
"4,5-dichlorolichexanthone",72,,60,76,43,77,,55,+,G,,x,P.Yellow            ,Green,358,356,354,313,,,,,,,"Pale yellow pigment. Occurs in Buellia glaziouana, Pertusaria coronata","2-Chlorolichexanthone, 7-Chlorolichexanthone, 2,4- Dichlorolichexanthone, 2,5-Dichlorolichexanthone, 4,5-Dichloro-3-O-methylnorlichexanthone, 4,5-Dichloro-6- O-methylnorlichexanthone, 2,4,5-Trichlorolichexanthone","Elix, JA/ Crook, CE 1992: The joint occurrence of chloroxanthones in lichens, and a further thirteen new lichen xanthones. Bryologist 95: 52-64.","Buellia glaziouana, Pertusaria coronata",,acetyl-polymalonyl pathway,xanthones & ergochromes,Xanthones,
"5,7-dichlorolichexanthone",80,,81,90,72,77,,55,+,G,,x,P.Yellow            ,Green,358,356,354,329,,,,,,,Pale yellow pigment. Occurs in Sporopodium flavescens,"5-Chlorolichexanthone, 7-Chlorolichexanthone, 2,4- Dichlorolichexanthone, 5,7-Dichloro-3-O-methylnorlichexanthone, Isoarthothelin, 2,5,7-Trichlorolichexanthone, 2,5,7-Trichloro-3-O-methylnorlichexanthone","Elix, JA/ Crook, CE/ Lumbsch, HT 1992: The chemistry of foliicolous lichens. 1. Constituents of Sporopodium vezdeanum and S. xantholeucum. Mycotaxon 44: 409-415.",Sporopodium flavescens,,acetyl-polymalonyl pathway,xanthones & ergochromes,Xanthones,
"3,5-dichloro-2'-o-methylanziaic acid",43,,46,45,,,,32,,G,,x,P.Yellow            ,Green,,,,,,P.Red,,,,,"Acid Spray: yellow, grey halo. Occurs in Lecanora sulphurella","3,5-Dichloro-2’-O-methylnordivaricatic acid, 3,5-Dichloro-2’-O- methylnorhypertolic acid, 3,5-Dichloro-2’-O-methylnorstenosporic acid, 5-Chloro-2’-O-methylanziaic acid","Huneck, S/Höfle, G/ Culberson, CF 1985: 3,5-Dichlor-2’-O-methylanziasäure, ein neus Depsid aus Lecanora sulphurella. Phytochemistry 16: 995-998.",Lecanora sulphurella,,acetyl-polymalonyl pathway,depsides,Orcinol Depsides,
"3,5-dichloro-2’-o-methylnordivaricatic acid",40,,35,43,,,,22,,G,,K: No Result      C:,P.Yellow            ,Green,,,,,,P.Red,Red,,,,Minor component in Lecanora sorediomarginata,"3,5-Dichloro-2’-O-methylanziaic acid, 3,5-Dichloro-2’-O- methylnorstenosporic acid, 5-Chloro-2’-O-methylanziaic acid References: Elix, JA/ Barclay, CE/Lumbsch, HT/Wardlaw, JH 1997: New chloro depsides from the lichen Lecanora lividocinerea. Lichenologist 50: 971-975. Rodrigues, SA/Terrón-Alfonso, A/Elix, JA/Pérez-Ortega, S/Tønsberg, T/Fernández-Salegui, AB/Soares, AMVM 2011: Lecanora sorediomarginata a new epiphytic lichen species discovered along the Portuguese coast. Lichenologist 43: 99-111. Notes: Minor component in Lecanora sorediomarginata","Elix, JA/ Barclay, CE/Lumbsch, HT/Wardlaw, JH 1997: New chloro depsides from the lichen Lecanora lividocinerea. Lichenologist 50: 971-975. Rodrigues, SA/Terrón-Alfonso, A/Elix, JA/Pérez-Ortega, S/Tønsberg, T/Fernández-Salegui, AB/Soares, AMVM 2011: Lecanora sorediomarginata a new epiphytic lichen species discovered along the Portuguese coast. Lichenologist 43: 99-111.",,,acetyl-polymalonyl pathway,depsides,Orcinol Depsides,
"3,5-dichloro-2’-o-methylnorhypertolic acid",44,,51,46,,,,39,,G,,K: No Result       C,P.Yellow            ,Green,,,,,,P.Red,Red,,,,Minor component in Lecanora lividocinerea,"3,5-Dichloro-2’-O-methylanziaic acid, 3,5-Dichloro-2’-O- methylnordivaricatic acid, 3,5-Dichloro-2’-O-methylnorstenosporic acid, 5-Chloro-2’-O-methylanziaic acid","Elix, JA/ Barclay, CE/Lumbsch, HT/Wardlaw, JH 1997: New chloro depsides from the lichen Lecanora lividocinerea. Australian Journal of Chemistry 50: 971-975.",,,acetyl-polymalonyl pathway,depsides,Orcinol Depsides,
"2,5-dichloro-6-o-methylnorlichexanthone",64,,51,51,32,67,,36,+,G,,x,Yellow              ,Green,344,342,340,311,,,,,,,Pale yellow pigment. Minor component in Dimelaena elevata,"2-Chloro-6-O-methylnorlichexanthone, 5-Chloro-6-O- methylnorlichexanthone, 2,5-Dichlorolichexanthone, 2,5-Dichloronorlichexanthone, 4,5-Dichloro-6-O- methylnorlichexanthone, 6-O-Methylarthothelin, Thiophaninic acid, 2,4,5-Trichlorolichexanthone","Elix, JA/ Crook, CE 1992: The joint occurrence of chloroxanthones in lichens, and a further thirteen new lichen xanthones. Bryologist 95: 52-64.",,,acetyl-polymalonyl pathway,xanthones & ergochromes,Xanthones,
"2,7-dichloro-3-o-methylnorlichexanthone [aotearone]",53,,51,42,11,41,,48,+,Y,,x,Orange              ,Yellow,344,342,340,306,,,,,,,"Pale yellow pigment. Occurs in Lecanora behringii, L. salina","2-Chloronorlichexanthone, 7-Chloronorlichexanthone, 2,7- Dichlorolichexanthone, 2,7-Dichloronorlichexanthone, 2,7-Dichloro-6-O-methylnorlichexanthone","Elix, JA/ Crook, CE 1992: The joint occurrence of chloroxanthones in lichens, and a further thirteen new lichen xanthones. Bryologist 95: 52-64.","Lecanora behringii, L",aotearone,acetyl-polymalonyl pathway,xanthones & ergochromes,Xanthones,
"2,7-dichloro-6-o-methylnorlichexanthone",52,,46,46,12,44,,46,+,Y,,x,Orange              ,Yellow,344,342,340,306,,,,,,,"Pale yellow pigment. Occurs in Lecanora behringii, L. populicola, L. salina","2-Chloro-6-O-methylnorlichexanthone, 7-Chloro-6-O- methylnorlichexanthone, 2-Chloronorlichexanthone, 7-Chloronorlichexanthone, 2,7-Dichlorolichexanthone, 2,7- Dichloronorlichexanthone, 2,7-Dichloro-3-O-methylnorlichexanthone","Elix, JA/ Crook, CE 1992: The joint occurrence of chloroxanthones in lichens, and a further thirteen new lichen xanthones. Bryologist 95: 52-64.","Lecanora behringii, L",,acetyl-polymalonyl pathway,xanthones & ergochromes,Xanthones,
"4,5-dichloro-3-o-methylnorlichexanthone",57,,52,58,24,50,,37,+,G,,x,P.Yellow            ,Green,344,342,340,,,,,,,,Pale yellow pigment. Occurs in Lecidella carpathica,"Arthothelin, Asemone, 4,5-Dichlorolichexanthone, 4,5- Dichloronorlichexanthone, 3-O-Methylasemone, Thuringione","Sundholm, EG 1978: Total synthesis of lichen xanthones. Revision of structures. Tetrahedron 34: 577-586.",Lecidella carpathica,,acetyl-polymalonyl pathway,xanthones & ergochromes,Xanthones,
"4,5-dichloro-6-o-methylnorlichexanthone",60,,51,48,30,65,,38,+,G,,x,Yellow              ,Green,344,342,340,309,,,,,,,Pale yellow pigment. Minor component in Dimelaena elevata,"Arthothelin, Asemone, 4,5-Dichlorolichexanthone, 4,5- Dichloronorlichexanthone, 6-O-Methylarthothelin, 6-O-Methylasemone","Elix, JA/ Crook, CE 1992: The joint occurrence of chloroxanthones in lichens, and a further thirteen new lichen xanthones. Bryologist 95: 52-64.",,,acetyl-polymalonyl pathway,xanthones & ergochromes,Xanthones,
"5,7-dichloro-3-o-methylnorlichexanthone",67,,67,59,16,40,,46,+,G,,x,Yellow              ,Green,344,342,340,314,,,,,,,Pale yellow pigment. Occurs in Lecanora epibryon ssp. broccha,"5,7-Dichlorolichexanthone, 5,7-Dichloronorlichexanthone, Isoarthothelin, 2,5,7-Trichloro-3-O-methylnorlichexanthone","Elix, JA/ Crook, CE 1992: The joint occurrence of chloroxanthones in lichens, and a further thirteen new lichen xanthones. Bryologist 95: 52-64.",Lecanora epibryon ssp,,acetyl-polymalonyl pathway,xanthones & ergochromes,Xanthones,
"5,7-dichloro-6-o-methylnorlichexanthone",57,,73,46,38,79,,45,+,G,,x,Yellow              ,Green,344,342,340,,,,,,,,Pale yellow pigment. Occurs in Byssoloma subdiscordans,"5,7-Dichlorolichexanthone, 5,7-Dichloronorlichexanthone, Isoarthothelin, 2,5,7-Trichloro-3-O-methylnorlichexanthone","Elix, JA/ Lumbsch, HT/ Lücking, R 1995: The chemistry of foliicolous lichens 2. Constituents of some Byssoloma and Sporopodium species. Bibliotheca Lichenologica 58: 81-96.",Byssoloma subdiscordans,,acetyl-polymalonyl pathway,xanthones & ergochromes,Xanthones,
"3,5-dichloro-2’-o-methylnorstenosporic acid",42,,40,45,,,,24,,G,,x,P.Yellow            ,Green,,,,,,P.Red,Red,,,,Occurs in Lecanora lividocinerea and L. sorediomarginata,"3,5-Dichloro-2’-O-methylanziaic acid, 3,5-Dichloro-2’-O- methylnordivaricatic acid, 3,5-Dichloro-2’-O-methylnorhypertolic acid, 5-Chloro-2’-O-methylanziaic acid","Elix, JA/ Barclay, CE/ Lumbsch, HT/Wardlaw, JH 1997: New chloro depsides from the lichen Lecanora lividocinerea. Australian Journal of Chemistry 50: 971-975.",Lecanora lividocinerea and L,,acetyl-polymalonyl pathway,depsides,Orcinol Depsides,
"3,5-dichloro-4-o-demethylplanaic acid [2-o-methylsulphurellin]",44,,49,46,,,,34,,G,,x,P.Yellow            ,Green,,,,,,,,,,,Occurs in Lecanora jamesii,"5-Chloro-2’-O-methylanziaic acid, 3,5-Dichloro-2’-O-methylanziaic acid, 3,5-Dichloro-2’-O-methylnordivaricatic acid, 3,5-Dichloro-2’-O-methylnorhypertolic acid, 3,5-Dichloro-2'-O- methylnorstenosporic acid","Brodo, IW/ Elix, JA 1993: Lecanora jamesii and the relationship between Lecanora s. str. and L. straminella. Bibliotheca Lichenologica 53: 19-26.",Lecanora jamesii,2-o-methylsulphurellin,acetyl-polymalonyl pathway,depsides,Orcinol Depsides,
"2,4-dichloronorlichexanthone",49,,43,30,8,30,,29,+,G,,x,Yellow              ,Green,330,328,326,306,,Orange,,,,,Pale yellow pigment. Occurs in Lecanora straminea,"Arthothelin, 2-Chloronorlichexanthone, 4-Chloronorlichexanthone, Thiophanic acid, Thiophaninic acid","Elix, JA/ Crook, CE 1992: The joint occurrence of chloroxanthones in lichens, and a further thirteen new lichen xanthones. Bryologist 95: 52-64.",Lecanora straminea,,acetyl-polymalonyl pathway,xanthones & ergochromes,Xanthones,
"2,5-dichloronorlichexanthone",42,,40,32,9,42,,27,+,G,,x,Yellow              ,Green,328,326,294,292,,Red-orange,,,,,Pale yellow pigment. Occurs in Lecanora epibryon subsp. broccha,"Arthothelin, 2-Chloronorlichexanthone, 5-Chloronorlichexanthone, 2,5- Dichloro-6-O-methylnorlichexanthone, Isoarthothelin","Elix, JA/ Crook, CE 1992: The joint occurrence of chloroxanthones in lichens, and a further thirteen new lichen xanthones. Bryologist 95: 52-64.",Lecanora epibryon subsp,,acetyl-polymalonyl pathway,xanthones & ergochromes,Xanthones,
"2,7-dichloronorlichexanthone",40,,38,27,5,26,,28,+,G,,x,Yellow              ,Green,328,326,294,292,,Red-orange,,,,,Pale yellow pigment. Occurs in Lecanora dispersa,"2-Chloronorlichexanthone, 7-Chloronorlichexanthone, 2,7-Dichloro-3-O- methylnorlichexanthone, 2,7-Dichloro-6-O-methylnorlichexanthone, 5,7-Dichloronorlichexanthone, Isoarthothelin","Elix, JA/ Crook, CE 1992: The joint occurrence of chloroxanthones in lichens, and a further thirteen new lichen xanthones. Bryologist 95: 52-64.",Lecanora dispersa,,acetyl-polymalonyl pathway,xanthones & ergochromes,Xanthones,
"4,5-dichloronorlichexanthone",44,,48,33,14,49,,26,+,G,,x,Orange              ,Green,330,328,326,,,Red-orange,,,,,"Pale yellow pigment. Occurs in Lecanora straminea, Micarea isabellina","Arthothelin, Asemone, 4-Chloronorlichexanthone, 5- Chloronorlichexanthone, 4,5-Dichloro-3-O-methylnorlichexanthone, Thiophanic acid","Elix, JA/ Crook, CE 1992: The joint occurrence of chloroxanthones in lichens, and a further thirteen new lichen xanthones. Bryologist 95: 52-64.","Lecanora straminea, Micarea isabellina",,acetyl-polymalonyl pathway,xanthones & ergochromes,Xanthones,
"4,7-dichloronorlichexanthone",43,,47,32,17,52,,30,+,G,,x,Yellow              ,Green,330,328,326,292,,Red-orange,,,,,Pale yellow pigment. Occurs in Lecanora epibryon subsp. broccha,"4-Chloronorlichexanthone, 7-Chloronorlichexanthone, 4,5- Dichloronorlichexanthone, Thiophanic acid","Elix, JA/ Crook, CE 1992: The joint occurrence of chloroxanthones in lichens, and a further thirteen new lichen xanthones. Bryologist 95: 52-64.",Lecanora epibryon subsp,,acetyl-polymalonyl pathway,xanthones & ergochromes,Xanthones,
"5,7-dichloronorlichexanthone",44,,48,33,11,43,,30,+,G,,x,P.Yellow            ,Green,330,328,326,292,,Red-orange,,,,,Pale yellow pigment. Occurs in Lecanora epibryon subsp. broccha,"Asemone, 5-Chloronorlichexanthone, 7-Chloronorlichexanthone, 5,7- Dichloro-3-O-methylnorlichexanthone, 4,7-Dichloronorlichexanthone, Isoarthothelin, Thiophanic acid","Elix, JA/ Crook, CE 1992: The joint occurrence of chloroxanthones in lichens, and a further thirteen new lichen xanthones. Bryologist 95: 52-64.",Lecanora epibryon subsp,,acetyl-polymalonyl pathway,xanthones & ergochromes,Xanthones,
"5,7-dichloro-1,6,8-trihydroxy-3-methyl-9-anthrone [ao2-anthrone]",,,,40,,,,35,+,P,,x,P.Yellow            ,P.Yellow,326,324,,,Violet,,,,,,Pale yellow pigment. Occurs in Heterodermia obscurata,"7-Chloroemodin, 7-Chloro-1,6,8-trihydroxy-3-methyl-9-anthrone, 5,7- Dichloroemodin, Emodin","Yosioka, Y/ Morimoto, K/ Kitagawa, I 1968: The pigment constituents of some Anaptychia species. Journal of Japanese Botany 43: 343-348.",Heterodermia obscurata,ao2-anthrone,acetyl-polymalonyl pathway,quinones,Anthraquinones,
3’-didechlorolecideoidin,44,,29,29,,,,22,,D,,x,P.Orange            ,D.Blue,330,298,270,,,,,,,,Minor component in Lecanora californica and Tylothallia verrucosa,"Norgangaleoidin, 3’-Dechlorolecideoidin, Lecideoidin","Elix, JA/ Venables, DA/Lumbsch, HT/Brako, L 1994: Further new metabolites from lichens. Australian Journal of Chemistry 47: 1619-1623.",,,acetyl-polymalonyl pathway,depsidones,Orcinol Depsidones,
didymic acid,44,77,68,52,,,,35,,P,,Green,Blue                ,Purple,370,353,352,326,,Green,,,,,Acid Spray: strong-purple with bright blue halo. Minor component in Cladonia floerkeana,"Condidymic acid, Isodidymic acid, Subdidymic acid References: Culberson, CF 1969: Chemical and botanical guide to lichen products. Univ. North Carolina Press, Chapel Hill: 167. Huneck, S/ Yoshimura, I 1996: Identification of Lichen Substances. Springer-Verlag, Berlin, Heidelberg, New York: 219. Notes: Acid Spray: strong-purple with bright blue halo. Minor component in Cladonia floerkeana","Culberson, CF 1969: Chemical and botanical guide to lichen products. Univ. North Carolina Press, Chapel Hill: 167. Huneck, S/ Yoshimura, I 1996: Identification of Lichen Substances. Springer-Verlag, Berlin, Heidelberg, New York: 219.",,,acetyl-polymalonyl pathway,furans & furanones,Dibenzofurans,
diffractaic acid,44,64,55,51,,,,30,,L,,D.Red,P.Yellow            ,P.Yellow,374,193,182,164,,,,,,,"Acid Spray: pale yellow, grey halo. LW UV: deep purple, pale yellow halo. Occurs in Cladia muelleri","Barbatic acid, 4-O-Demethyldiffractaic acid, 2-O-Methylobtusatic acid References: Culberson, CF 1969: Chemical and botanical guide to lichen products. Univ. North Carolina Press, Chapel Hill: 148. Huneck, S/ Yoshimura, I 1996: Identification of Lichen Substances. Springer-Verlag, Berlin, Heidelberg, New York: 251. Notes: Acid Spray: pale yellow, grey halo. LW UV: deep purple, pale yellow halo. Occurs in Cladia muelleri (-)-Dihydropertusaric acid A: 42 B: 36 B': 36 C: 35 E: x F: x G: x HPLC: x V: − UV: − Acid Spray: No Result LW UV: Lilac Archers: x K: No Result C: No Result KC: No Result PD: No Result Mass spectrum: 368, 353, 326, 293 Substance Class: Aliphatic acids Biosynthetically Related Compounds: allo-Pertusaric acid References: Huneck, S/ Tønsberg, T/ Bohlmann, F, I 1986: (-)-allo-Pertusaric acid and (-)-dihydropertusaric acid from the lichen Pertusaria albescens. Phytochemistry 25: 453-459. Notes: Occurs in Pertusaria albescens","Culberson, CF 1969: Chemical and botanical guide to lichen products. Univ. North Carolina Press, Chapel Hill: 148. Huneck, S/ Yoshimura, I 1996: Identification of Lichen Substances. Springer-Verlag, Berlin, Heidelberg, New York: 251.","Cladia muelleri (-)-Dihydropertusaric acid A: 42 B: 36 B': 36 C: 35 E: x F: x G: x HPLC: x V: − UV: − Acid Spray: No Result LW UV: Lilac Archers: x K: No Result C: No Result KC: No Result PD: No Result Mass spectrum: 368, 353, 326, 293 Substance Class: Aliphatic acids Biosynthetically Related Compounds: allo-Pertusaric acid References: Huneck, S/ Tønsberg, T/ Bohlmann, F, I 1986: (-)-allo-Pertusaric acid and (-)-dihydropertusaric acid from the lichen Pertusaria albescens",,acetyl-polymalonyl pathway,depsides,β-Orcinol Depsides,
dihydropicrolichenic acid [2-o-methylanziaic acid],44,,38,33,,,,,,G,,x,Yellow              ,Green,,,,,,,,,,,Occurs in Ramalina americana s. lat.,"Anziaic acid, 4-O-Demethylplanaic acid, Picrolichenic acid","Culberson, CK/ Culberson, WL/ Johnson, A 1990: The Ramalina americana complex (Ascomycotina, Ramalinaceae): chemical and geographical correlations. Bryologist 93: 167-186.",Ramalina americana s,2-o-methylanziaic acid,acetyl-polymalonyl pathway,depsides,Orcinol Depsides,
"1,7-dihydroxy-2,4-dichloro-6,8-dimethylxanthone",62,,70,65,46,83,,58,+,G,,x,P.Yellow            ,Green,328,326,324,295,,,,,,,Pale yellow pigment. Minor component in Rinodina thiomela,"2-Dechlorothiomelin, 4-Dechlorothiomelin, Thiomelin","Elix, JA/ Jiang, H/ Gaul, KL 1993: The structure and synthesis of some minor xanthones from the lichen Rinodina thiomela. Australian Journal of Chemistry 46: 95-110.",,,acetyl-polymalonyl pathway,xanthones & ergochromes,Xanthones,
"1,8-dihydroxy-3,6-dimethoxyxanthone",75,,73,78,,,,48,+,G,,x,P.Yellow            ,Green,288,259,245,230,,,,,,,Pale yellow pigment. Occurs in Laurera meritospora,x,"Elix, JA/ Gaul, KL/ Lumbsch, HT 1987: Isolation of a novel lichen xanthone from the genus Diploschistes s. lat. Australian Journal of Chemistry 40: 1031-1033.",Laurera meritospora,,acetyl-polymalonyl pathway,xanthones & ergochromes,Xanthones,
"3β,22-dihydroxyhopane-29-oic acid [pyxinic acid]",,,,38,,,,,,O,,x,Pink                ,Orange,,,,,,,,,,,Occurs in Pyxine endochrysina,"Methyl 3-O-acetoxypyxinate, Methyl pyxinate","Yosioka, I/ Matsuda, A/ Kitagawa, I 1966: Pyxinic acid, a novel lichen triterpene with a 3β-hydroxyl function. Tetrahedron Letters 613-616.",Pyxine endochrysina,pyxinic acid,mevalonic acid pathway,terpenoids & steroids,Terpenoids,
"6α,22-dihydroxyhopan-23-oic acid",18,,31,14,7,,32,,,P,,x,Brown               ,Pink,,,,,,,,,,,Occurs in Pseudocyphellaria billardieri,"Hopane-6α,22-diol [Zeorin]","Wilkins, AL/ James, PW 1979: The chemistry of Pseudocyphellaria impressa s. lat. in New Zealand. Lichenologist 11: 271-281.",Pseudocyphellaria billardieri,,mevalonic acid pathway,terpenoids & steroids,Terpenoids,
"16β, 22-dihydroxyhopan-4α-oic acid [leucotylic acid]",,,,37,2,,32,,,Y,,x,P.Brown             ,Yellow,488,470,452,428,,,,,,,Occurs in Myelochroa aurulenta,"16β-Acetoxy-22-hydroxyhopane-4α-oic acid, Hopane-6α,22-diol [Zeorin], Hopane-6α,16β,22-triol [Leucotylin]","Yosioka, I/ Yamaki, M/ Kitagawa, I 1966: On the triterpenic constituents of a lichen Parmelia entotheiochroa Hue; zeorin, leucotylin, leucotylic acid, and five new related triterpenoids, Chemical and Parmaceutical Bulletin (Tokyo) 14: 804-807.",Myelochroa aurulenta,leucotylic acid,mevalonic acid pathway,terpenoids & steroids,Terpenoids,
"2,4-dihydroxy-6-pentylbenzoic acid [olivetolcarboxylic acid]",45,58,,35,,,,12,,G,,x,Yellow              ,Grey,224,207,206,180,,Red,,,,,"Possibly an artefact, reported to occur in Cladonia macaronesica","2-Hydroxy-4-methoxy-6-pentylbenzoic acid, Perlatolic acid","Gonzáles, AG/ Barrera, JB/ Rodrigues Pérez, EM/ Hernández Padrón, CE 1991: Chemical constituents of the lichen Cladina macronesica. Zeitschrift für Naturforschung 46c: 12-18.",,olivetolcarboxylic acid,shikimic acid pathway,monocyclic aromatic derivatives & compounds,Monocyclic aromatic compounds,
"5,7-dihydroxy-6-methylphthalide",43,,25,15,11,,43,,,P,,x,No Result           ,P.Yellow,180,162,,,,,,,,,Occurs in Anamylopsora pulcherrima,"Alectorialic acid, Alectorialin, Hypoalectorialic acid","Huneck, S/ Elix, JA 1993: The chemistry of the lichens Anamylopsora pulcherrima and Tephromela armeniaca. Herzogia 9: 647-651.",Anamylopsora pulcherrima,,shikimic acid pathway,monocyclic aromatic derivatives & compounds,Monocyclic aromatic compounds,
"4,4'-di-o-methylcryptochlorophaeic acid",50,35,44,51,,,,42,,P,,x,P.Brown             ,Purple,,,,,,,,,,,Acid Spray: fades to pink. Occurs in Ramalina asahinae,"Boninic acid, 2,4'-Di-O-methylnorsekikaic acid, 4'-O- Methylcryptochlorophaeic acid, 4'-O-Methylpaludosic acid, 2-O-Methylsekikaic acid","Chester, DO/ Elix, JA 1978: The identification of four new meta-depsides in the lichen Ramalina asahinae. Australian Journal of Chemistry 31: 2745-2749.",Ramalina asahinae,,acetyl-polymalonyl pathway,depsides,Orcinol Depsides,
"2,2'-di-o-methyldivaricatic acid",39,35,24,44,,,,22,,G,,x,Yellow              ,Green,,,,,,,,,,,Occurs in Pertusaria subplanaica,"2,2'-Di-O-Methylstenosporic acid, Planaic acid","Elix, JA/ Barclay, CE/ David, F/ Griffin, FK/ Hill, AM/ McConnell, DB/ Wardlaw, JH 1993: Synthesis of further lichen depsides. Australian Journal of Chemistry 46: 301-313.",Pertusaria subplanaica,,acetyl-polymalonyl pathway,depsides,Orcinol Depsides,
"2,4-di-o-methylgyrophoric acid",44,37,35,48,,,,29,,G,,x,Yellow              ,Green,,,,,,,,,,,"Acid Spray: strong yellow, grey halo. Occurs in Hypotrachyna neodamaziana","Gyrophoric acid, 3-Methoxy-2,4-di-O-methylgyrophoric acid, 5-O- Methylhiascic acid, 2,4,5-Tri-O-methylhiascic acid","Elix, JA/ Jayanthi, VK/ Leznoff, CC 1981: 2,4-Di-O-methylgyrophoric acid and 2,4,5-tri-O- methylhiascic acid. New tridepsides from Parmelia damaziana. Australian Journal of Chemistry 34: 1757-1761.",Hypotrachyna neodamaziana,,,depsides,Orcinol Tridepsides,
"4,2""-di-o-methylgyrophoric acid [2"",4-di-o-methylgyrophoric acid]",45,,65,51,,,,,,G,,x,P.Yellow            ,Green,,,,,,,,,,,"Acid Spray: strong yellow, grey halo. Occurs in Evernia prunastri","Evernic acid, Lecanoric acid, 2'-O-Methylevernic acid","Nicollier, G/ Rebetez, M/ Tabacchi, R 1979: Identification et synthése de nouveaux depsides isoles de la mousse de chêne. Hevetica Chimica Acta 62: 711-717.",Evernia prunastri,"2"", 4-di-o-methylgyrophoric acid",,depsides,Orcinol Tridepsides,
"2,4-di-o-methylhiascic acid",28,,22,30,,,,23,,G,,x,P.Yellow            ,Green,,,,,,,Pink,,,,Minor component in Hypotrachyna spumosa,"Gyrophoric acid, Umbilicaric acid, Lecanoric acid, Hiascic acid, 4-O- Methylhiascic acid, 2,4,5-Tri-O-Methylhiascic acid","Elix, JA/ Wardlaw, JH 2000: Four new tridedsides from Hypotrachyna species. Australasian Lichenology 47: 8-13.",,,,depsides,Orcinol Tridepsides,
"2,5-di-o-methylhiascic acid",30,,24,28,,,,23,,G,,x,Yellow              ,Green,,,,,,,,,,,Minor component in Hypotrachyna neodamaziana,"Gyrophoric acid, Umbilicaric acid, Lecanoric acid, Hiascic acid, 5-O- Methylhiascic acid, 2,4,5-Tri-O-Methylhiascic acid","Elix, JA/ Wardlaw, JH 2000: Four new tridedsides from Hypotrachyna species. Australasian Lichenology 47: 8-13.",,,,depsides,Orcinol Tridepsides,
"4,5-di-o-methylhiascic acid",33,36,41,40,,,,31,,G,,x,Yellow              ,Green,,,,,,,Pink,,,,"Acid Spray: bright blue initially; quickly fades to pale yellow, grey halo. Minor component in","Gyrophoric acid, Hiascic acid, Lecanoric acid, 5-O-Methylhiascic acid, 2,4,5-Tri-O-Methylhiascic acid","Elix, JA/ Engkaninan, U 1976: 4,5-Di-O-methylhiascic acid, a new tridepside from the lichens Parmelia pseudofatiscens and Parmelia horrescens. Australian Journal of Chemistry 29: 2701-2705.",,,,depsides,Orcinol Tridepsides,
"2,2'-di-o-methylimbricaric acid",42,36,29,46,,,,,,G,,x,Yellow              ,Green,,,,,,,,,,,Minor component in Pertusaria subplanaica,"2,2'-Di-O-Methyldivaricatic acid, 2,2'-Di-O-Methylstenosporic acid, Planaic acid","Elix, JA/ Barclay, CE/ David, F/ Griffin, FK/ Hill, AM/ McConnell, DB/ Wardlaw, JH 1993: Synthesis of further lichen depsides. Australian Journal of Chemistry 46: 301-313.",,,acetyl-polymalonyl pathway,depsides,Orcinol Depsides,
"2,4'-di-o-methylnorsekikaic acid",32,29,27,18,,,,16,,s,,x,Orange              ,Green,,,,,,,,,,,"Acid Spray: strong orange, grey halo. LW UV: strong purple, green halo. Minor component in Ramalina","Boninic acid, 4'-O-Methylcryptochlorophaeic acid, 4'-O-Methylpaludosic acid, 2-O-Methylsekikaic acid","Chester, DO/ Elix, JA 1978: The identification of four new meta-depsides in the lichen Ramalina asahinae. Australian Journal of Chemistry 31: 2745-2749.",,,acetyl-polymalonyl pathway,depsides,Orcinol Depsides,
"2,4-di-o-methylolivetoric acid",49,,57,46,,,,36,,B,,x,Yellow              ,Blue,,,,,,,x No Result,,,,Occurs in Pertusaria georgeana var. goonooensis,"4-O-Methylolivetoric acid, 2-O-Methylperlatolic acid, Olivetoric acid","Elix, JA/ Archer, AW 2007. A new variety of Pertusaria georgeana (lichenized Ascomycota) containing a new depside. Australasian Lichenology 61: 26-29.",Pertusaria georgeana var,,acetyl-polymalonyl pathway,depsides,Orcinol Depsides,
"2’,4-di-o-methylphysodic acid",70,29,33,45,,,,25,,P,,x,P.Yellow            ,Purple,,,,,,,x No Result,,,,Minor component in Pseudevernia furfuracea,"Physodic acid, 2’-O-Methylphysodic acid, 4-O-methylphysodic acid","Elix, JA/ Adler, MT/ Wardlaw 1996: A further three new depsidones. Australian Journal of Chemistry 49: 1175-1178.",,,acetyl-polymalonyl pathway,depsidones,Orcinol Depsidones,
"6α,9α-di-o-methylsalazinic acid",48,,24,40,,,51,27,,O,,x,Orange              ,Orange,416,385,384,370,P.Red,,,Yellow,,,"Minor component in Cetreliopsis rhytidocarpa, Hypotrachyna quaesita, Xanthoparmelia subnuda",", Salazinic acid, Quaesitic acid, 9α-O-Methylsalazinic acid","Elix, JA/ Wardlaw, JH/ Liu, X-W 2002: A new depsidone from the lichen family Parmeliaceae. Australasian Lichenology 51: 4-6.",,,acetyl-polymalonyl pathway,depsidones,β-Orcinol Depsidones,
"2,2'-di-o-methylstenosporic acid",44,,29,48,,,,30,,G,,x,Yellow              ,Green,,,,,,,,,,,Minor component in Pertusaria subplanaica,"2,2'-Di-O-Methyldivaricatic acid, 2,2'-Di-O-Methylimbricaric acid, Planaic acid","Elix, JA/ Barclay, CE/ David, F/ Griffin, FK/ Hill, AM/ McConnell, DB/ Wardlaw, JH 1993: Synthesis of further lichen depsides. Australian Journal of Chemistry 46: 301-313.",,,acetyl-polymalonyl pathway,depsides,Orcinol Depsides,
"2',2""-di-o-methyltenuiorin",70,44,29,63,19,,,31,,G,,x,P.Yellow            ,Green,,,,,,,x No Result,,,,Minor component in Pseudocyphellaria faveolata,"Gyrophoric acid, Methyl gyrophorate, 2'-O-Methyltenuiorin, 2''-O- Methyltenuiorin, Tenuiorin","Lajide, L/ Elix, JA 1981: 2'-O-Methyltenuiorin 2""-O-methyltenuiorin and 2',2""-Di-O- methyltenuiorin. Three new tridepsides from the lichen Pseudocyphellaria faveolata. Australian Journal of Chemistry 34: 2005-2011.",,,,depsides,Orcinol Tridepsides,
"3,6-di-o-methylthiophanic acid",65,,71,60,3,8,,53,+,O,,x,Orange              ,Orange,,,,,,,,,,,Yellow pigment. Occurs in Buellia polyxanthonica,"3-O-Methylthiophanic acid, 6-O-Methylthiophanic acid, Thiophanic acid, Thuringione","Elix, JA/ Crook, CE/ Jiang, H/ Zhu, Z-n 1992: Synthesis of new lichen xanthones. Australian Journal of Chemistry. 45: 845-855.",Buellia polyxanthonica,,acetyl-polymalonyl pathway,xanthones & ergochromes,Xanthones,
dioxocondidymic acid,56,,37,44,,,,22,,P,,Green,Blue                ,Purple,426,409,408,,,Green,,,,,Minor component in Letrouitia vulpina,"8-Chlorodioxodidymic acid, 8-Chlorooxodidymic acid, 8- Chlorodioxocondidymic acid, Dioxodidymic acid, Letrouitic acid, Oxodidymic acid","Johansson, S/ Søchting, U/ Elix, JA/ Wardlaw, JH 2005: Chemical variation in the lichen genus Letrouitia (Ascomycota, Letrouitiaceae). Mycological Progress 4: 139-148.",,,acetyl-polymalonyl pathway,furans & furanones,Dibenzofurans,
dioxodidymic acid,44,,27,35,,,,17,,P,,Green,Blue                ,Purple,398,380,354,,,Green,,,,,Minor component in Letrouitia vulpina,"8-Chlorodioxocondidymic acid, 8-Chlorodioxodidymic acid, 8- Chlorooxodidymic acid, Dioxocondidymic acid, Letrouitic acid, Oxodidymic acid","Johansson, S/ Søchting, U/ Elix, JA/ Wardlaw, JH 2005: Chemical variation in the lichen genus Letrouitia (Ascomycota, Letrouitiaceae). Mycological Progress 4: 139-148.",,,acetyl-polymalonyl pathway,furans & furanones,Dibenzofurans,
diploicin,65,79,65,57,23,65,,43,,P,,x,,Purple,,,,,,,,,,,"Occurs in Buellia tetrapla, Diploicia canescens","Buellolide, 3-Dechlorodiploicin, 3-Dechloro-O-methyldiploicin, Fulgidin, Fulgoicin, Isofulgidin,3-O-Methyldiploicin, Scensidin References: Culberson, CF 1969: Chemical and botanical guide to lichen products. Univ. North Carolina Press, Chapel Hill: 135. Huneck, S/ Yoshimura, I 1996: Identification of Lichen Substances. Springer-Verlag, Berlin, Heidelberg, New York: 325. Notes: Occurs in Buellia tetrapla, Diploicia canescens","Culberson, CF 1969: Chemical and botanical guide to lichen products. Univ. North Carolina Press, Chapel Hill: 135. Huneck, S/ Yoshimura, I 1996: Identification of Lichen Substances. Springer-Verlag, Berlin, Heidelberg, New York: 325.","Buellia tetrapla, Diploicia canescens",,acetyl-polymalonyl pathway,depsidones,Orcinol Depsidones,
diploschistesic acid,21,39,37,13,,,,10,,G,,x,P.Yellow            ,Green,,,,,Yellow,Red,,,,,"Acid Spray: pale yellow, grey halo. Occurs in Diploschistes scruposus","Lecanoric acid, Orsellinic acid References: Culberson, CF 1969: Chemical and botanical guide to lichen products. Univ. North Carolina Press, Chapel Hill: 115. Huneck, S/ Yoshimura, I 1996: Identification of Lichen Substances. Springer-Verlag, Berlin, Heidelberg, New York: 254. Notes: Acid Spray: pale yellow, grey halo. Occurs in Diploschistes scruposus","Culberson, CF 1969: Chemical and botanical guide to lichen products. Univ. North Carolina Press, Chapel Hill: 115. Huneck, S/ Yoshimura, I 1996: Identification of Lichen Substances. Springer-Verlag, Berlin, Heidelberg, New York: 254.",Diploschistes scruposus,,acetyl-polymalonyl pathway,depsides,Orcinol Depsides,
"4,4'-disolorinic acid",,,,,,,,59,+,O,,x,Orange              ,Orange,766,,,,Violet,,,,,,Orange-red pigment. Minor component in Solorina crocea,"Averantin, Averythrin, 6-O-Methylaverythrin, Norsolorinic acid, Solorinic acid","Steglich, W/ Jedtke, K-F 1976: Neue Anthrchinonfarbstoffe aus Solorina crocea. Zeitschrift für Naturforschung 31c: 197-198.",,,acetyl-polymalonyl pathway,quinones,Anthraquinones,
dissectic acid,59,,51,45,29,,,22,,B,,x,P.Brown             ,Brown,,,,,Yellow,Red,,Yellow,,,Occurs in Heterodermia dissecta,Atranorin,"Elix, JA/ Wardlaw, JH 1996: The structure of dissectic acid, a β-orcinol meta-depside from the lichen Heterodermia dissecta. Australian Journal of Chemistry 49: 539-540.",Heterodermia dissecta,,acetyl-polymalonyl pathway,depsides,β-Orcinol Depsides,
divaricatic acid,39,75,68,51,,,,33,,s,,Orange,P.Yellow            ,Green,,,,,,,,,,,"Acid Spray: strong yellow, grey halo. LW UV: strong purple, green halo. Occurs in Canoparmelia texana, Evernia divaricata","Nordivaricatic acid, Perlatolic acid, Stenosporic acid, Subdivaricatic acid References: Culberson, CF 1969: Chemical and botanical guide to lichen products. Univ. North Carolina Press, Chapel Hill: 115. Huneck, S/ Yoshimura, I 1996: Identification of Lichen Substances. Springer-Verlag, Berlin, Heidelberg, New York: 254. Notes: Acid Spray: strong yellow, grey halo. LW UV: strong purple, green halo. Occurs in Canoparmelia texana, Evernia divaricata","Culberson, CF 1969: Chemical and botanical guide to lichen products. Univ. North Carolina Press, Chapel Hill: 115. Huneck, S/ Yoshimura, I 1996: Identification of Lichen Substances. Springer-Verlag, Berlin, Heidelberg, New York: 254.","Canoparmelia texana, Evernia divaricata",,acetyl-polymalonyl pathway,depsides,Orcinol Depsides,
divaronic acid,35,,54,42,,,,30,,p,,x,Pink                ,Pink,,,,,,,,,,,"LW UV: purplish pink, like colensoic acid. Occurs in Cladonia grayi","Colensoic acid, Grayanic acid, Stenosporonic acid","Culberson, CF/ Culberson, WL/ Johnson, A 1985: Orcinol-type depsides and depsidones in the lichens of the Cladonia chlorophaea group (Ascomycotina, Cladoniaceae). Bryologist 88: 380-387.",Cladonia grayi,,acetyl-polymalonyl pathway,depsidones,Orcinol Depsidones,
echinocarpic acid,11,33,27,11,,,32,16,,O,,x,Orange              ,Orange,,,,,Yellow,,,Orange,,,"Occurs in Parmelia norcrambidiocarpa, Relicina echinocarpa","Conechinocarpic acid, Hirtifructic acid","Elix, JA/ Lajide, L/ Wardlaw, JH 1995: The structure of echinocarpic acid. A benzyl ester from the lichen Parmelia norcrambidiocarpa. Australian Journal of Chemistry 48: 1213-1216.","Parmelia norcrambidiocarpa, Relicina echinocarpa",,acetyl-polymalonyl pathway,benzyl esters,Benzyl Esters,
elatinic acid,32,27,25,43,,,52,25,,b,,x,P.Yellow            ,Green,,,,,,,,,,,"SW UV: bright blue before spraying. Occurs in Loxospora elatina, Pertusaria tropica","Methyl barbatate, 2-O-Methylsquamatic acid, Squamatic acid","Culberson, CF/ Culberson, WL/ Johnson, A 1986: Two new lichen products, elatinic acid and methyl barbatate, from the genus Haematomma (Ascomycotina, Haematommaceae). Mycologia 78: 888- 891.","Loxospora elatina, Pertusaria tropica",,acetyl-polymalonyl pathway,depsides,β-Orcinol Depsides,
emodic acid,46,,40,33,,,,20,+,O,,x,Orange              ,Orange,300,283,255,,Violet,,,,,,Orange pigment. Occurs in Xanthoria calcicola,"Emodin, Emodinal, Citreorosein","Steiner, M/ Hauschild, G 1970: Die Anthrachinone von Caloplacaceae und Teloschistaceae (Lichenes). Vorträge aus dem Gesamtgebiet der Botanik, N.F. 4: 23-34.",Xanthoria calcicola,,acetyl-polymalonyl pathway,quinones,Anthraquinones,
emodin,52,61,58,38,27,,,32,+,O,,x,Orange              ,Orange,270,242,214,,Purple,,,,,,"Acid Spray: bright orange, fades to dark yellow.Orange pigment. Occurs in Nephroma laevigatum","Emodic acid, Emodinal, 7-Chloroemodin, Citreorosein, Skyrin References: Culberson, CF 1969: Chemical and botanical guide to lichen products. Univ. North Carolina Press, Chapel Hill: 182. Huneck, S/ Yoshimura, I 1996: Identification of Lichen Substances. Springer-Verlag, Berlin, Heidelberg, New York: 172. Notes: Acid Spray: bright orange, fades to dark yellow.Orange pigment. Occurs in Nephroma laevigatum","Culberson, CF 1969: Chemical and botanical guide to lichen products. Univ. North Carolina Press, Chapel Hill: 182. Huneck, S/ Yoshimura, I 1996: Identification of Lichen Substances. Springer-Verlag, Berlin, Heidelberg, New York: 172.",Nephroma laevigatum,,acetyl-polymalonyl pathway,quinones,Anthraquinones,
emodinal [emodinaldehyde],32,,37,25,3,,,28,+,O,,x,Orange              ,Orange,300,283,255,,Purple,,,,,,"Orange pigment. Occurs in Xanthoria calcicola, Xanthoria karrooensis","Emodic acid, Emodin, Citreorosein","Hauschild, G/ Steiner, M/ Glombitza, K-W 1971: Emodinaldehyd und Erythroglaucin in Flechten. Planta Medica 19: 363-367.","Xanthoria calcicola, Xanthoria karrooensis",emodinaldehyde,acetyl-polymalonyl pathway,quinones,Anthraquinones,
endocrocin,8,33,31,6,,,,,+,D,,x,Orange              ,D.Red,314,296,270,,Purple,,,,,,Red-orange pigment. Occurs in Nephromopsis endocrocea,Emodin,"Culberson, CF 1969: Chemical and botanical guide to lichen products. Univ. North Carolina Press, Chapel Hill: 183.",Nephromopsis endocrocea,,acetyl-polymalonyl pathway,quinones,Anthraquinones,
epanorin,68,52,47,58,34,,83,36,+,O,,x,P.Yellow            ,Orange,435,290,145,,,,,,,,Intense yellow pigment. Occurs in Lecanora epanora,Pulvinic acid,"Culberson, CF 1969: Chemical and botanical guide to lichen products. Univ. North Carolina Press, Chapel Hill: 213. Huneck, S/ Yoshimura, I 1996: Identification of Lichen Substances. Springer-Verlag, Berlin, Heidelberg, New York: 400.",Lecanora epanora,,shikimic acid pathway,pulvinic acid derivatives,Pulvinic acid derivatives,
epiphorellic acid 1,44,,46,35,,,,40,,P,,x,Orange              ,Purple,474,456,430,399,,,,,,,"Occurs in Coelopogon abraxas, Coelopogon epiphorellus","Epiphorellic acid 2, Epiphorellic acid 3","Elix, JA/McCaffery, LF 1997: Epiphorellic acid 3, a new lichen diphenyl ether. Australian Journal of Chemistry 50: 1101-1103.","Coelopogon abraxas, Coelopogon epiphorellus",,acetyl-polymalonyl pathway,diphenyl ethers,Diphenyl ethers,
epiphorellic acid 2,35,,26,23,,,,13,,B,,x,Brown               ,Brown,,,,,,,,,,,Occurs in Coelopogon epiphorellus,"Epiphorellic acid 1, Epiphorellic acid 3","Fiedler, P/ Gambaro, P/ Garbarino, JA/ Quilhot, W 1986: Epiphorellic acids 1 and 2, two diaryl ethers from the lichen Cornicularia epiphorella. Phytochemistry 25: 461-465.",Coelopogon epiphorellus,,acetyl-polymalonyl pathway,diphenyl ethers,Diphenyl ethers,
epiphorellic acid 3,41,,43,32,,,,32,,P,,x,Orange              ,Purple,446,428,402,371,,,,,,,Minor component in Coelopogon abraxas,"Epiphorellic acid 1, Epiphorellic acid 2","Elix, JA/McCaffery, LF 1997: Epiphorellic acid 3, a new lichen diphenyl ether. Australian Journal of Chemistry 50: 1101-1103.",,,acetyl-polymalonyl pathway,diphenyl ethers,Diphenyl ethers,
"20,24-epoxydammarane-3β,12β,25-triol [pyxinol]",37,,,33,6,,32,,,G,,x,Purple              ,Green,,,,,,,,,,,"Occurs in Pyxine endochrysina, P. sorediata","3β-Acetoxy-20,24-epoxydammarane-12β,25-diol, 3β,25-Diacetoxy-20,24- epoxydammarane, 3β,25-Diacetoxy-20,24-epoxydammarane-12β-ol, Methyl 3-O-acetoxypyxinate, Methyl pyxinate","Yosioka, I/ Yamauichi, H/ Kitagawa, I 1972: Lichen triterpenoids. V. On the neutral triterpenes of Pyxine endochrysina Nyl., Chemical and Parmaceutical Bulletin (Tokyo) 20: 502-513.","Pyxine endochrysina, P",pyxinol,mevalonic acid pathway,terpenoids & steroids,Terpenoids,
"ergochrome aa [entothein, secalonic acid a]",39,16,13,28,,,37,34,+,P,,Brown,P.Brown             ,Purple,,,,,,,,,,,Yellow pigment. Visible: pale yellowish orange streak on plate; best seen by holding plate before strong,"Ergochrome AB, Ergochrome BB, Eumitrin A1, Eumitrin A2, Eumitrin B","Huneck, S/ Yoshimura, I 1996: Identification of Lichen Substances. Springer-Verlag, Berlin, Heidelberg, New York: 206.",Myelochroa entotheiochroa,"entothein, secalonic acid a",acetyl-polymalonyl pathway,xanthones & ergochromes,Ergochromes,
ergochrome ab [secalonic acid c],42,,17,32,,,45,33,+,P,,Brown,P.Brown             ,Purple,,,,,,,,,,,Yellow pigment. Visible: pale yellowish orange streak on plate; best seen by holding plate before strong,"Ergochrome AA, Ergochrome BB, Eumitrin A1, Eumitrin A2, Eumitrin B","Huneck, S/ Yoshimura, I 1996: Identification of Lichen Substances. Springer-Verlag, Berlin, Heidelberg, New York: 206.",Nephromopsis ornata,secalonic acid c,acetyl-polymalonyl pathway,xanthones & ergochromes,Ergochromes,
ergochrome bb [secalonic acid b ],44,,21,37,,,53,32,+,P,,Brown,P.Brown             ,Purple,,,,,,,,,,,Yellow pigment. Visible: pale yellowish orange streak on plate; best seen by holding plate before strong,"Ergochrome AA, Ergochrome AB, Eumitrin A1, Eumitrin A2, Eumitrin B","Elix, JA/ Jenkins, GA/ Lumbsch, HT 1988: Chemical variation in the lichen genus Diploicia (Ascomycotina). Mycotaxon 33: 357-466.",Diploicia canescens subsp,secalonic acid b,acetyl-polymalonyl pathway,xanthones & ergochromes,Ergochromes,
ergosterol,56,66,66,43,41,,59,,,P,,x,Purple              ,Pink,,,,,,,,,,,Occurs in Cladonia rangiferina,Ergosterol peroxide,"Culberson, CF 1969: Chemical and botanical guide to lichen products. Univ. North Carolina Press, Chapel Hill: 193. Huneck, S/ Yoshimura, I 1996: Identification of Lichen Substances. Springer- Verlag, Berlin, Heidelberg, New York: 391.",Cladonia rangiferina,,mevalonic acid pathway,terpenoids & steroids,Steroids,
ergosterol peroxide,56,66,66,43,38,,59,,,P,,x,Purple              ,Pink,,,,,,,,,,,Occurs in Peltigera aphthosa,Ergosterol peroxide,"Huneck, S/ Yoshimura, I 1996: Identification of Lichen Substances. Springer-Verlag, Berlin, Heidelberg, New York: 392.",Peltigera aphthosa,,mevalonic acid pathway,terpenoids & steroids,Steroids,
eriodermin,51,66,64,82,57,,,35,,P,,x,P.Yellow            ,P.Yellow,,,,,,,,Orange,,,Occurs in Erioderma sorediatum,"Argopsin, Pannarin, Vicanicin","Connolly, JD/ Freer, AA/ Kalb, K/ Huneck, S 1984: Eriodermin, a dichlorodepsidone from the lichen Erioderma physcioides – crystal structure analysis. Phytochemistry 23: 857-858.",Erioderma sorediatum,,acetyl-polymalonyl pathway,depsidones,Orcinol β–Orcinol Depsidones,
erythrin,4,5,2,1,,,,7,,G,,x,P.Yellow            ,Green,,,,,,Red,,,,,"Acid Spray: pale yellow, grey halo. Occurs in Roccella physcopsis",Lecanoric acid,"Culberson, CF 1969: Chemical and botanical guide to lichen products. Univ. North Carolina Press, Chapel Hill: 116.",Roccella physcopsis,,acetyl-polymalonyl pathway,depsides,Orcinol Depsides,
erythroglaucin,82,,,87,60,,,72,+,R,,x,Orange              ,Red,,,,,Violet,,,,,,Red pigment. Occurs in Xanthoria elegans,"Erythroglaucinic acid, Parietin, Xanthorin","Hauschild, G/ Steiner, M/ Glombitza, K-W 1971: Emodinaldehyd und Erythroglaucin in Flechten. Planta Medica 19: 363-367.",Xanthoria elegans,,acetyl-polymalonyl pathway,quinones,Anthraquinones,
erythroglaucinic acid [erythroglaucincarboxylic acid],,,,,32,,,,+,R,,x,Orange              ,Red,,,,,Violet,,,,,,Red pigment. Occurs in Xanthoria fallax,"Erythroglaucin, Parietin","Nakano, H/ Komiya, T/ Shibata, S 1972: Anthraquinones of the lichens of Xanthoria and Caloplaca and their cultivated mycobionts. Phytochemistry 11: 3505-3508.",Xanthoria fallax,erythroglaucincarboxylic acid,acetyl-polymalonyl pathway,quinones,Anthraquinones,
"erythrommone [3,6-di-o-acetyl-2,4,5-trichlorolichexanthone]",,,,,,,,,+,Y,,x,P.Yellow            ,Yellow,,,,,,,,,,,Pale yellow pigment. Reported to occur in Haematomma erythromma,Arthothelin,"Huneck, S/ Follmann, G 1972: Mitteilung über Flechteninhaltstoffe LXXIV. Zur Phytochemie und Chemotaxonomie der Lecanoraceengattung Haematomma. Journal of the Hattori Botanical Laboratory 35: 319- 324.",,"3, 6-di-o-acetyl-2, 4, 5-trichlorolichexanthone",acetyl-polymalonyl pathway,xanthones & ergochromes,Xanthones,
ethyl everninate,,,,77,50,,,,,G,,x,Yellow              ,Green,,,,,,,,,,,Possibly an artefact. Reported to occur in Evernia prunastri,"Evernic acid, Everninic acid","Huneck, S/ Yoshimura, I 1996: Identification of Lichen Substances. Springer-Verlag, Berlin, Heidelberg, New York: 157.",,,shikimic acid pathway,monocyclic aromatic derivatives & compounds,Monocyclic aromatic derivatives,
ethyl haematommate,78,,,77,85,,,,,O,,x,Yellow              ,Orange,,,,,,Red,,Yellow,,,Possibly an artefact. Reported to occur in Pseudevernia furfuracea,"Atranorin, Haematommic acid","Huneck, S/ Yoshimura, I 1996: Identification of Lichen Substances. Springer-Verlag, Berlin, Heidelberg, New York: 158.",,,shikimic acid pathway,monocyclic aromatic derivatives & compounds,Monocyclic aromatic derivatives,
ethyl 2-hydroxy-4-methoxy-6-pentylbenzoate [ethyl 4-o-methylolivetolcarboxylate],,,,75,,,,,,G,,x,P.Yellow            ,Green,,,,,,,,,,,Possibly an artefact. Reported to occur in Cladonia macaronesica,"2-Hydroxy-4-methoxy-6-pentylbenzoic acid, Perlatolic acid","Huneck, S/ Yoshimura, I 1996: Identification of Lichen Substances. Springer-Verlag, Berlin, Heidelberg, New York: 158.",,ethyl 4-o-methylolivetolcarboxylate,shikimic acid pathway,monocyclic aromatic derivatives & compounds,Monocyclic aromatic derivatives,
ethyl orsellinate,62,66,,44,,,,,,G,,Orange,P.Yellow            ,Green,,,,,,Red,,,,,"Acid Spray: pale yellow, grey halo. Possibly an artefact. Reported to occur in Roccella fuciformis","Lecanoric acid, Orsellinic acid","Huneck, S/ Yoshimura, I 1996: Identification of Lichen Substances. Springer-Verlag, Berlin, Heidelberg, New York: 158.",,,shikimic acid pathway,monocyclic aromatic derivatives & compounds,Monocyclic aromatic derivatives,
eugenitin,,,,,,,,19,,Y,,x,P.Yellow            ,Yellow,,,,,,,,,,,Occurs in Lecanora rupicola sens. lat.,"Eugenitol, 6-Hydroxyeugenitol, Sordidone","Fox, CH/ Huneck, S 1969: The formation of roccellic acid, eugenitol, eugenitin and rupicolon by the mycobiont Lecanora rupicola. Phytochemistry 8: 1301-1304.",Lecanora rupicola sens,,acetyl-polymalonyl pathway,chromones,Chromones,
eugenitol,,,,,,,,8,+,P,,x,P.Yellow            ,Yellow,,,,,,Orange,,,,,Occurs in Lecanora rupicola sens. lat.,"Eugenitin, 6-Hydroxyeugenitol, Sordidone","Fox, CH/ Huneck, S 1969: The formation of roccellic acid, eugenitol, eugenitin and rupicolon by the mycobiont Lecanora rupicola. Phytochemistry 8: 1301-1304.",Lecanora rupicola sens,,acetyl-polymalonyl pathway,chromones,Chromones,
euplectin,53,,17,48,15,,,26,+,P,,x,P.Yellow            ,P.Orange,295,294,266,254,,,,,,,Red-orange pigment. Occurs in Flavoparmelia euplecta,Coneuplectin,"Ernst-Russell, MA/ Chai, CLL/ Wardlaw, JH / Elix, JA 2000: Euplectin and coneuplectin, new naphthopyrones from the lichen Flavoparmelia euplecta. Journal of Natural Products 63: 129-131.",Flavoparmelia euplecta,,acetyl-polymalonyl pathway,naphthopyrones,Naphthopyrones,
evernic acid,38,61,60,43,,,,26,,G,,x,Orange              ,Green,,,,,,,,,,,Occurs in Evernia prunastri,"Lecanoric acid, Methyl evernate References: Culberson, CF 1969: Chemical and botanical guide to lichen products. Univ. North Carolina Press, Chapel Hill: 117. Huneck, S/ Yoshimura, I 1996: Identification of Lichen Substances. Springer-Verlag, Berlin, Heidelberg, New York: 255. Notes: Occurs in Evernia prunastri","Culberson, CF 1969: Chemical and botanical guide to lichen products. Univ. North Carolina Press, Chapel Hill: 117. Huneck, S/ Yoshimura, I 1996: Identification of Lichen Substances. Springer-Verlag, Berlin, Heidelberg, New York: 255.",Evernia prunastri,,acetyl-polymalonyl pathway,depsides,Orcinol Depsides,
evernin [evernine],74,,71,81,60,,,39,,p,,x,Orange              ,Green,,,,,,,,,,,"Acid Spray: pale orange, grey halo. LW UV: purple, green halo. Occurs in Evernia prunastri","Atranorin, Evernic acid","Nicollier, G/ Tabacchi, R 1976: Isolement et identification de l’ évernine dans la “mousse de chêne” [Evernia prunastri (L.) Ach.]. Hevetica Chimica Acta 59: 2979-2982.",Evernia prunastri,evernine,acetyl-polymalonyl pathway,depsides,Orcinol β-Orcinol Depsides,
exuviatic acid a,53,,42,44,,,,46,,O,,x,Green               ,Orange,,,,,,,,,,,Occurs in Xanthoparmelia exuviata,Exuviatic acid B,"Elix, JA/ Johnston, J/ Armstrong, PM 1986: A revision of the lichen genus Xanthoparmelia in Australasia. Bulletin of the British Museum (Natural History), Botany series 15: 163-362.",Xanthoparmelia exuviata,,acetyl-polymalonyl pathway,aliphatic acids & aliphatic compounds,Aliphatic acids [unknown structure],
exuviatic acid b,50,,35,40,,,,44,,O,,x,Green               ,Orange,,,,,,,,,,,Occurs in Xanthoparmelia exuviata,Exuviatic acid A,"Elix, JA/ Johnston, J/ Armstrong, PM 1986: A revision of the lichen genus Xanthoparmelia in Australasia. Bulletin of the British Museum (Natural History), Botany series 15: 163-362.",Xanthoparmelia exuviata,,acetyl-polymalonyl pathway,aliphatic acids & aliphatic compounds,Aliphatic acids [unknown structure],
fallacinal,62,,55,57,24,,65,23,+,O,,x,Pink                ,Orange,298,284,270,252,Violet,,,,,,Orange-yellow pigment. Occurs in Xanthoria fallax,"Parietin, Parietinic acid, Teloschistin References: Culberson, CF 1969: Chemical and botanical guide to lichen products. Univ. North Carolina Press, Chapel Hill: 183. Huneck, S/ Yoshimura, I 1996: Identification of Lichen Substances. Springer-Verlag, Berlin, Heidelberg, New York: 173. Notes: Orange-yellow pigment. Occurs in Xanthoria fallax","Culberson, CF 1969: Chemical and botanical guide to lichen products. Univ. North Carolina Press, Chapel Hill: 183. Huneck, S/ Yoshimura, I 1996: Identification of Lichen Substances. Springer-Verlag, Berlin, Heidelberg, New York: 173.",Xanthoria fallax,,acetyl-polymalonyl pathway,quinones,Anthraquinones,
"fern-9(11)-ene-3β,12α-diol",40,,36,35,7,,91,,,b,,x,Brown               ,Orange,,,,,,,,,,,"Acid Spray: fades to purple. LW UV: brown, orange halo. Occurs in Xanthoria resendei","3β-Acetoxyfern-9(11)-ene-12-one, 3β-Acetoxy-12β-hydroxyfern- 9(11)-ene, 3β-Acetoxy-19β-hydroxyfern-9(11)-ene, 12α-Acetoxy-3β-hydroxyfern-9(11)-ene, Fern-9(11)- ene-3β,12β-diol, Fern-9(11)-ene-3,12-dione, Fern-9(11)-ene-3,19-dione","Gonzales, AG/ Martin, LD, Pérez, C 1974: Three new triterpenes from the lichen Xanthoria resendei: Phytochemistry 13: 1547-1549.",Xanthoria resendei,,mevalonic acid pathway,terpenoids & steroids,Terpenoids,
"fern-9(11)-ene-3β,12β-diol",45,,41,40,15,,50,,,b,,x,Brown               ,Orange,,,,,,,,,,,"Acid Spray: fades to purple. LW UV: brown, orange halo. Occurs in Pseudocyphellaria aurata","3β-Acetoxyfern-9(11)-ene-12-one, 3β-Acetoxy-12β-hydroxyfern- 9(11)-ene, 3β-Acetoxy-19β-hydroxyfern-9(11)-ene, 12α-Acetoxy-3β-hydroxyfern-9(11)-ene, Fern-9(11)- ene-3β,12α-diol, Fern-9(11)-ene-3,12-dione, Fern-9(11)-ene-3,19-dione","Wilkins, AL/ Elix, JA 1990: New fernene triterpenes from the lichen Pseudocyphellaria aurata: Australian Journal of Chemistry 43: 623-627.",Pseudocyphellaria aurata,,mevalonic acid pathway,terpenoids & steroids,Terpenoids,
"fern-9(11)-ene-3,12-dione",55,,48,53,48,,78,,,b,,x,Orange              ,Orange,,,,,,,,,,,"Acid Spray: fades to pink. LW UV: brown, orange halo. Occurs in Xanthoria resendei","3β-Acetoxyfern-9(11)-ene-12-one, 3β-Acetoxy-12β-hydroxyfern-9(11)- ene, 3β-Acetoxy-19β-hydroxyfern-9(11)-ene, 12α-Acetoxy-3β-hydroxyfern-9(11)-ene, Fern-9(11)-ene-3β,12α- diol, Fern-9(11)-ene-3β,12β-diol, Fern-9(11)-ene-3,19-dione","Gonzales, AG/ Martin, LD, Pérez, C 1974: Three new triterpenes from the lichen Xanthoria resendei: Phytochemistry 13: 1547-1549.",Xanthoria resendei,,mevalonic acid pathway,terpenoids & steroids,Terpenoids,
"fern-9(11)-ene-3,19-dione",80,,,65,,,,,+,Y,,x,Brown               ,B.Yellow,,,,,,,,,,,Occurs in Pyxine berteriana,"3β-Acetoxyfern-9(11)-ene-12-one, 3β-Acetoxy-12β-hydroxyfern-9(11)- ene, 3β-Acetoxy-19β-hydroxyfern-9(11)-ene, 12α-Acetoxy-3β-hydroxyfern-9(11)-ene, Fern-9(11)-ene-3β,12α- diol, Fern-9(11)-ene-3β,12β-diol, Fern-9(11)-ene-3,12-dione","Maier, MS/ Rosso, ML/ Fazio, AT/ Adler, MT/ Bertoni, MD 2009. Fernene triterpenoids from the lichen Pyxine berteriana. Journal of Natural Products 72: 1902-1904.","Pyxine berteriana Flavo-obscurin A A: x B: x B': x C: x E: x F: x G: x HPLC: 51 TLC: Rf 42 [chloroform/methanol, 4/1] V: + UV: + Acid Spray: Yellow LW UV: Yellow Archers: x K: x C: No Result KC: x PD: No Result Mass spectrum: -1, 326, 324, 292 Substance Class: Anthraquinones Biosynthetically Related Compounds: 7-Chloroemodin, 7-Chloro-1,6,8-trihydroxy-3-methyl-9-anthrone, 5,7- Dichloroemodin, Flavo-obscurin B1, Flavo-obscurin B2 Reference: Yosioka, I/ Yamauchi, H/ Morimoto, K/ Kitagawa, I 1968: Three new chlorine-containing bisanthronyls from a lichen, Anaptychia obscurata",,mevalonic acid pathway,terpenoids & steroids,Terpenoids,
"6-formyl-5,7-dihydroxyphthalide",29,,13,26,2,,37,0,,p,,x,Brown               ,Purple,,,,,,,,,,,"LW UV: purple, pale yellow halo. Occurs in Bryoria nadvornikiana","Barbatolic acid, Barbatolin","Elix, JA/ Jayanthi, VK 1987: Synthetic confirmation of the structure of the lichen benzyl esters alectorialic and barbatolic acids. Australian Journal of Chemistry 40: 1841-1850.",Bryoria nadvornikiana,,shikimic acid pathway,monocyclic aromatic derivatives & compounds,Monocyclic aromatic derivatives,
fragilin,75,82,67,82,54,,,50,+,b,,x,Yellow              ,Orange,318,284,277,275,Violet,,,,,,Orange pigment. SW UV: bright orange. Occurs in Nephroma laevigatum,"7-Chlorocitreorosein, 7-Chloroemodin, 7-Chlorofallacinal, 7-Chloro- 1,6-di-O-methylemodin, 7-Chloro-1,8-di-O-methylemodin, Parietin References: Culberson, CF 1969: Chemical and botanical guide to lichen products. Univ. North Carolina Press, Chapel Hill: 184. Huneck, S/ Yoshimura, I 1996: Identification of Lichen Substances. Springer-Verlag, Berlin, Heidelberg, New York: 175. Notes: Orange pigment. SW UV: bright orange. Occurs in Nephroma laevigatum","Culberson, CF 1969: Chemical and botanical guide to lichen products. Univ. North Carolina Press, Chapel Hill: 184. Huneck, S/ Yoshimura, I 1996: Identification of Lichen Substances. Springer-Verlag, Berlin, Heidelberg, New York: 175.",Nephroma laevigatum,,acetyl-polymalonyl pathway,quinones,Anthraquinones,
fragilin 9-anthrone,73,,,75,,,,52,+,B,,x,Yellow              ,Brown,,,,,,,,,,,Pale yellow pigment. Occurs in Letrouitia hafellneri,"Fragilin, Parietin, Physcion Bisanthrone","Johansson, S/Søchting, U/Elix, JA/ Wardlaw, JH 2005: Chemical variation in the lichen genus Letrouitia (Ascomycota, Letrouitiaceae). Mycological Progress 4: 139-148.",Letrouitia hafellneri,,acetyl-polymalonyl pathway,quinones,Anthraquinones,
fragilin bisanthrone,67,,47,65,,,,55,+,B,,x,Yellow              ,Brown,,,,,,,,,,,Pale yellow pigment. Occurs in Letrouitia hafellneri,"Fragilin, Parietin, Physcion Bisanthrone","Johansson, S/Søchting, U/Elix, JA/ Wardlaw, JH 2005: Chemical variation in the lichen genus Letrouitia (Ascomycota, Letrouitiaceae). Mycological Progress 4: 139-148.",Letrouitia hafellneri,,acetyl-polymalonyl pathway,quinones,Anthraquinones,
friedelan-3β-ol [epifriedelinol],,,,,,,,,,x,,x,x                   ,x,,,,,,,,,,,Occurs in Flavocetraria nivalis,Friedelin,"Huneck, S/ Yoshimura, I 1996: Identification of Lichen Substances. Springer-Verlag, Berlin, Heidelberg, New York: 375.",Flavocetraria nivalis,epifriedelinol,mevalonic acid pathway,terpenoids & steroids,Terpenoids,
friedelin,,,,,,,,,,x,,x,x                   ,x,426,411,302,273,,,,,,,Occurs in Flavocetraria nivalis,"Friedelan-3β-ol References: Culberson, CF 1969: Chemical and botanical guide to lichen products. Univ. North Carolina Press, Chapel Hill: 201. Huneck, S/ Yoshimura, I 1996: Identification of Lichen Substances. Springer-Verlag, Berlin, Heidelberg, New York: 375. Notes: Occurs in Flavocetraria nivalis","Culberson, CF 1969: Chemical and botanical guide to lichen products. Univ. North Carolina Press, Chapel Hill: 201. Huneck, S/ Yoshimura, I 1996: Identification of Lichen Substances. Springer-Verlag, Berlin, Heidelberg, New York: 375.",Flavocetraria nivalis,,mevalonic acid pathway,terpenoids & steroids,Terpenoids,
friesiic acid,19,,28,11,,,,17,,P,,x,Yellow              ,Purple,,,,,,,,,,,Occurs in Hypocenomyce friesii,Confriesiic acid,"Elix, JA/ Tønsberg, T/ Wardlaw, JH 2004: The structure of friesiic acid, a novel lichen substance from Hypocenomyce friesii. Bibliotheca Lichenologica 88: 103-104.",Hypocenomyce friesii,,acetyl-polymalonyl pathway,depsones,Depsido-depsones,
fulgidin,61,,49,54,11,,,30,,B,,x,P.Yellow            ,Brown,392,390,388,357,,,,,,,Best seen under SW UV before spraying. Occurs in Fulgensia fulgida,"Caloploicin, Diploicin, Fulgoicin, Isofulgidin","Birkbeck, AA/ Sargent, MV/ Elix, JA 1990: The structure of the lichen depsidones fulgidin and isofulgidin. Australian Journal of Chemistry 43: 419-425.",Fulgensia fulgida,,acetyl-polymalonyl pathway,depsidones,Orcinol Depsidones,
fulgoicin,66,,60,63,14,,,53,,P,,x,P.Yellow            ,Purple,370,368,333,325,,,,,,,Best seen under SW UV before spraying. Occurs in Fulgensia fulgida,"Caloploicin, Diploicin, Fulgidin, Isofulgidin","Mahandru, MM/ Tajbakhsh, A 1983: Fulgoicin, a new depsidone from the lichen Fulgensia fulgida. Journal of the Chemical Society, Perkin Transactions I: 2249-2251.",Fulgensia fulgida,,acetyl-polymalonyl pathway,depsidones,Orcinol β-Orcinol Depsidones,
fumarprotocetraric acid,1,25,26,7,,,31,17,,P,,x,Grey                ,Purple,,,,,P.Brown,,,D.Red,,,Occurs in Cladonia phyllophora,"Confumarprotocetraric acid, Physodalic acid, Protocetraric acid, Subvirensic acid, Succinprotocetraric acid, Virensic acid References: Culberson, CF 1969: Chemical and botanical guide to lichen products. Univ. North Carolina Press, Chapel Hill: 153. Huneck, S/ Yoshimura, I 1996: Identification of Lichen Substances. Springer-Verlag, Berlin, Heidelberg, New York: 427. Notes: Occurs in Cladonia phyllophora","Culberson, CF 1969: Chemical and botanical guide to lichen products. Univ. North Carolina Press, Chapel Hill: 153. Huneck, S/ Yoshimura, I 1996: Identification of Lichen Substances. Springer-Verlag, Berlin, Heidelberg, New York: 427.",Cladonia phyllophora,,acetyl-polymalonyl pathway,depsidones,β-Orcinol Depsidones,
furfuraceic acid [haemophaein],46,,35,24,,,,30,,B,,Green,Brown               ,B.Blue,468,450,352,,,Green,,,,,Occurs in Phyllopsora furfuracea,"Oxodidymic acid, Letrouitic acid, Dioxodidymic acid","Elix, JA/ Venables, DA/ Lumbsch, HT/ Brako, L 1994: Further new metabolites from lichens. Australian Journal of Chemistry 47: 1619-1623.",Phyllopsora furfuracea,haemophaein,acetyl-polymalonyl pathway,furans & furanones,Dibenzofurans,
furfuric acid,12,,42,28,,,51,17,,P,,x,P.Brown             ,Purple,552,196,164,136,,,,Yellow,,,"Acid Spray: initially orange, quickly fades to grey-brown as plate cools. Probably an artefact.",Fumarprotocetraric acid,"Elix, JA/ Evans, JE/ Parker, JL 1987: A one-step synthesis of the depsidone furfuric acid. Evidence for an artifact in the isolation from a lichen. Australian Journal of Chemistry 40: 2129-2131.",,,acetyl-polymalonyl pathway,depsidones,β-Orcinol Depsidones,
fusarubin,36,,9,28,,,,11,+,P,,x,Grey                ,Pink,306,288,273,246,Red,,,,,,Red pigment. Occurs in Xanthoparmelia endomiltoides,"Anhydrofusarubin lactol, Anhydrofusarubin lactol methyl ketal","Elix, JA/ Wardlaw, JH 2002: Fusarubin from a lichen source. Australasian Lichenology 51: 2-3.",Xanthoparmelia endomiltoides,,acetyl-polymalonyl pathway,quinones,Naphthaquinones,
galapagin,,,,,,,,5,+,x,,x,x                   ,x,466,452,424,220,Yellow,,,,,,Pale yellow pigment. Occurs in Roccella galapagoensis,"Mollin, Roccellin","Huneck, S/ Jakupovic, J/ Follmann, G 1992: The final structures of the lichen chromones galapagin, lobodirin, mollin and roccellin. Zeitschrift für Naturforschung 47B: 449-451.",Roccella galapagoensis,,acetyl-polymalonyl pathway,chromones,Chromones,
galbinic acid [α-acetylsalazinic acid],29,12,17,19,,,40,9,,B,,x,Orange              ,Brown,,,,,D.Red,,,Orange,,,Spot test: K+ yellow then red. Occurs in Usnea dasaea,"Consalazinic acid, Norstictic acid, Salazinic acid","Elix, JA/ Engkaninan, U 1975: The structure of galbinic acid. A depsidone from the lichen Usnea undulata Stirt. Australian Journal of Chemistry 28: 1793-1797.",Usnea dasaea,α-acetylsalazinic acid,acetyl-polymalonyl pathway,depsidones,β-Orcinol Depsidones,
gangaleoidin,64,43,40,54,11,,,21,,O,,x,P.Yellow            ,Orange,414,412,397,220,,,,,,,Occurs in Lecanora gangaleoides,"3-Dechlorogangaleodin, Lecideoidin, Leoidin, Norgangaleoidin References: Culberson, CF 1969: Chemical and botanical guide to lichen products. Univ. North Carolina Press, Chapel Hill: 154. Huneck, S/ Yoshimura, I 1996: Identification of Lichen Substances. Springer- Verlag, Berlin, Heidelberg, New York: 328. Notes: Occurs in Lecanora gangaleoides","Culberson, CF 1969: Chemical and botanical guide to lichen products. Univ. North Carolina Press, Chapel Hill: 154. Huneck, S/ Yoshimura, I 1996: Identification of Lichen Substances. Springer- Verlag, Berlin, Heidelberg, New York: 328.",Lecanora gangaleoides,,acetyl-polymalonyl pathway,depsidones,Orcinol Depsidones,
glaucophaeic acid,15,,10,9,,,,35,,B,,x,Pink                ,B.Blue,,,,,,,,,,,Occurs in Porpidia glaucophaea,"2’-O-Methylhyperphyllinic acid, 2’-O-Methylmicrophyllinic acid, 2’-O- Methylsuperphyllinic acid","Elix, JA/ Wardlaw, JH 1996: Synthesis of depsides present in the lichen Porpidia glaucophaea. Australian Journal of Chemistry 49: 817-924.",Porpidia glaucophaea,,acetyl-polymalonyl pathway,depsides,Orcinol Depsides,
glomellic acid,34,30,27,33,,,,18,,B,,x,Orange              ,B.Blue,,,,,,,,,,,"Acid Spray: pale orange, grey halo. Occurs in Xanthoparmelia verruculifera","4-O-Demethylglomellic acid, Glomelliferic acid, Loxodellic acid, Oxostenosporic acid, Perlatolic acid, Stenosporic acid","Huneck, S/ Follmann, G 1973: Struktur der Glomellsäure. Phytochemistry 12: 2993-2994.",Xanthoparmelia verruculifera,,acetyl-polymalonyl pathway,depsides,Orcinol Depsides,
glomelliferic acid,43,47,47,50,,,,27,,B,,x,Orange              ,B.Blue,,,,,,,Pink,P.Red,,,"Acid Spray: pale orange, grey halo. Occurs in Xanthoparmelia verruculifera","4-O-Demethylglomelliferic acid, Glomellic acid, Loxodellic acid, Oxostenosporic acid, Perlatolic acid, Stenosporic acid References: Culberson, CF 1969: Chemical and botanical guide to lichen products. Univ. North Carolina Press, Chapel Hill: 118. Huneck, S/ Yoshimura, I 1996: Identification of Lichen Substances. Springer- Verlag, Berlin, Heidelberg, New York: 257. Notes: Acid Spray: pale orange, grey halo. Occurs in Xanthoparmelia verruculifera","Culberson, CF 1969: Chemical and botanical guide to lichen products. Univ. North Carolina Press, Chapel Hill: 118. Huneck, S/ Yoshimura, I 1996: Identification of Lichen Substances. Springer- Verlag, Berlin, Heidelberg, New York: 257.",Xanthoparmelia verruculifera,,acetyl-polymalonyl pathway,depsides,Orcinol Depsides,
glomelliferonic acid,43,,40,36,,,,26,,s,,x,P.Yellow            ,Purple,456,412,235,234,,,,,,,"Acid Spray: pale yellow, grey halo. LW UV: strong-dark blue, purple halo. Occurs in Xanthoparmelia","Glomellonic acid, Loxodellonic acid","Elix, JA/ Jenie, UA/ Jenkins, GA 1987: Three new depsidones from the lichen Neofuscelia subincerta. Australian Journal of Chemistry 40: 2031-2036..",Xanthoparmelia subincerta,,acetyl-polymalonyl pathway,depsidones,Orcinol Depsidones,
glomellonic acid,34,,24,28,,,,18,,P,,x,P.Yellow            ,Purple,,,,,,,,,,,"Acid Spray: pale yellow, grey halo. Occurs in Xanthoparmelia subincerta","Glomelliferonic acid, Loxodellonic acid","Elix, JA/ Jenie, UA/ Jenkins, GA 1987: Three new depsidones from the lichen Neofuscelia subincerta. Australian Journal of Chemistry 40: 2031-2036..",Xanthoparmelia subincerta,,acetyl-polymalonyl pathway,depsidones,Orcinol Depsidones,
graciliformin,35,,10,15,,,,22,+,G,,x,Green               ,Grey,542,270,254,,,,,,,,Bright yellow pigment. Acid Spray: colour like skyrin. Occurs in Cladonia graciliformis,"Diacetylgraciliformin, Monoacetylgraciliformin, Skyrin","Ejiri, H/ Sankawa, U/ Shibata, S 1975: Graciliformin and its acetates in Cladonia graciliformis. Phytochemistry 14: 277-279.",Cladonia graciliformis,,acetyl-polymalonyl pathway,quinones,Anthraquinones,
graphislactone a,47,,26,32,,,,18,,P,,x,P.Yellow            ,Purple,,,,,,,,,,,Occurs in mycobiont culture of Graphis scripta var. pulverulenta,"Alternariol, Graphislactone B","Tanahashi, T/ Kuroishi, M/ Kuwahara, A/ Nagukura, N/ Hamada, N 1997: Four phenolics from the cultured mycobiont of Graphis scripta var. pulverulenta. Chemical and Pharmaceutical Bulletin (Tokyo) 45: 1183.",mycobiont culture of Graphis scripta var,,acetyl-polymalonyl pathway,coumarins,"3,4-Benzocoumarins",
graphislactone b,18,,4,8,,,,11,,P,,x,P.Yellow            ,Purple,,,,,,,,,,,Occurs in mycobiont culture of Graphis scripta var. pulverulenta,Graphislactone A,"Tanahashi, T/ Kuroishi, M/ Kuwahara, A/ Nagukura, N/ Hamada, N 1997: Four phenolics from the cultured mycobiont of Graphis scripta var. pulverulenta. Chemical and Pharmaceutical Bulletin (Tokyo) 45: 1183.",mycobiont culture of Graphis scripta var,,acetyl-polymalonyl pathway,coumarins,"3,4-Benzocoumarins",
graphisquinone,,,,,,,,,+,x,,x,x                   ,x,,,,,,,,,,,Red pigment. Occurs in mycobiont of Graphis desquamescens,x,"Miyagawa, H/ Hamada, N/ Sato, M/ Ueno, T 1994: Pigments from the cultured lichen mycobionts of Graphis scripta and Graphis desquamescens. Phytochemistry 36: 1319-1322.",mycobiont of Graphis desquamescens,,acetyl-polymalonyl pathway,quinones,Furoquinones,
grayanic acid,38,62,59,44,,,,37,,P,,Purple,Orange-brown        ,Pink,414,396,370,165,,,Yellow,,,,"LW UV: purplish-pink, same as colensoic acid. Occurs in Cladonia grayi, Neophyllis melacarpa","Colensoic acid, Congrayanic acid, 4-O-Demethylgrayanic acid, Melacarpic acid","Chester, DO/ Elix, JA 1980: A new dibenzofuran and diphenyl ether from the lichen Gymnoderma melacarpum. Australian Journal of Chemistry 33: 1153-1156.","Cladonia grayi, Neophyllis melacarpa (+)-Griseofulvin A: 30 B: x B': 6 C: 18 E: x F: x G: x HPLC: 8 V: − UV: + Acid Spray: Yellow LW UV: Purple Archers: x K: No Result C: No Result KC: No Result PD: No Result Mass spectrum: 354, 352, 214, 138 Substance Class: Spirobenzofuranones Biosynthetically Related Compounds: (+)-Dechlorogriseofulvin Elix, JA/ Øvstedal, DO 2004: A new Lecanora species from the Arctic with a remarkable chemistry",,acetyl-polymalonyl pathway,depsidones,Orcinol Depsidones,
griseoxanthone-c [3-o-methylnorlichexanthone],56,,55,35,29,75,,53,+,Y,,x,Yellow              ,Yellow,,,,,,,,,,,Pale yellow pigment. Occurs in Lecanora vinetorum,"4-Chloro-3-O-methylnorlichexanthone, Norlichexanthone","Elix, JA/ Crook, CE 1992: The joint occurrence of chloroxanthones in lichens, and a further thirteen new lichen xanthones. Bryologist 95: 52-64.",Lecanora vinetorum,3-o-methylnorlichexanthone,acetyl-polymalonyl pathway,xanthones & ergochromes,Xanthones,
gyrophoric acid,24,42,42,24,,,,25,,G,,Orange,Yellow              ,Green,,,,,,P.Red,,,,,"Acid Spray: strong-pale yellow, grey halo. Occurs in Punctelia borreri","2,4-Di-O-methylgyrophoric acid, Lecanoric acid, Methyl gyrophorate, 4-O-Methylgyrophoric acid, 5-O-Methylhiascic acid, Orcinyl lecanorate, Ovoic acid, Umbilicaric acid References: Culberson, CF 1969: Chemical and botanical guide to lichen products. Univ. North Carolina Press, Chapel Hill: 114. Huneck, S/ Yoshimura, I 1996: Identification of Lichen Substances. Springer- Verlag, Berlin, Heidelberg, New York: 304. Notes: Acid Spray: strong-pale yellow, grey halo. Occurs in Punctelia borreri","Culberson, CF 1969: Chemical and botanical guide to lichen products. Univ. North Carolina Press, Chapel Hill: 114. Huneck, S/ Yoshimura, I 1996: Identification of Lichen Substances. Springer- Verlag, Berlin, Heidelberg, New York: 304.",Punctelia borreri,,,depsides,Orcinol Tridepsides,
haemathamnolic acid,18,35,34,32,,,49,26,,b,,x,Brown               ,Brown,,,,,Yellow,,,Yellow,,,"LW UV: brown, purple halo. Occurs in Pertusaria moreliensis","Cryptothamnolic acid, Hypothamnolic acid, Thamnolic acid References: Culberson, CF 1969: Chemical and botanical guide to lichen products. Univ. North Carolina Press, Chapel Hill: 151. Huneck, S/ Yoshimura, I 1996: Identification of Lichen Substances. Springer- Verlag, Berlin, Heidelberg, New York: 257. Notes: LW UV: brown, purple halo. Occurs in Pertusaria moreliensis","Culberson, CF 1969: Chemical and botanical guide to lichen products. Univ. North Carolina Press, Chapel Hill: 151. Huneck, S/ Yoshimura, I 1996: Identification of Lichen Substances. Springer- Verlag, Berlin, Heidelberg, New York: 257.",Pertusaria moreliensis,,acetyl-polymalonyl pathway,depsides,β-Orcinol Depsides,
haematommic acid,40,,67,43,,,,15,,O,,x,Orange              ,Orange,,,,,Yellow,,,Yellow,,,"Possibly artefact, described from Asahinea chrysantha","Atranorin, Methyl haematommate","Huneck, S/ Yoshimura, I 1996: Identification of Lichen Substances. Springer-Verlag, Berlin, Heidelberg, New York: 158.",,,shikimic acid pathway,monocyclic aromatic derivatives & compounds,Monocyclic aromatic derivatives,
haematommone,50,,60,40,,,,38,+,P,,x,Orange              ,Pink,,,,,Violet,,,,,,Red pigment. Occurs in Haematomma africanum,Russulone,"Huneck, S/ Culberson, CF/ Culberson, WL/ Elix, JA 1991: Haematommone, the red pigment from the apothecia of Haematomma puniceum. Phytochemistry 30: 706-707.",Haematomma africanum,,acetyl-polymalonyl pathway,quinones,Anthraquinones,
haemoventosin,38,2,2,20,0,,,5,+,P,,x,Purple              ,Pink,,,,,Violet,,,,,,Red pigment. Occurs in Ophioparma ventosa,Coronatoquinone,"Huneck, S/ Yoshimura, I 1996: Identification of Lichen Substances. Springer-Verlag, Berlin, Heidelberg, New York: 166.",Ophioparma ventosa,,acetyl-polymalonyl pathway,quinones,Naphthaquinones,
hafellic acid,50,,32,33,,,,19,,S,,x,P.Yellow            ,Sky Blue,500,,,,,,,,,,Occurs in Cratiria subtropica,x,"Elix, JA/ Liao, L/Barrow, RA 2019: The structure of hafellic acid, a new diphenyl ether from the lichen Cratiria subtropica. Australasian Lichenology 85: 28–33.",Cratiria subtropica,,acetyl-polymalonyl pathway,diphenyl ethers,Diphenyl Ethers,
hiascic acid,18,,8,12,,,,19,,G,,x,P.Yellow            ,Green,,,,,Red,Red,,,,,"Acid Spray: pale yellow, grey halo. Occurs in Cetrariella delisei","4,5-Di-O-methylhiascic acid, Gyrophoric acid, 5-O-Methylhiascic acid, 2,4,5-Tri-O-methylhiascic acid References: Culberson, CF 1969: Chemical and botanical guide to lichen products. Univ. North Carolina Press, Chapel Hill: 120. Huneck, S/ Yoshimura, I 1996: Identification of Lichen Substances. Springer-Verlag, Berlin, Heidelberg, New York: 305. Notes: Acid Spray: pale yellow, grey halo. Occurs in Cetrariella delisei","Culberson, CF 1969: Chemical and botanical guide to lichen products. Univ. North Carolina Press, Chapel Hill: 120. Huneck, S/ Yoshimura, I 1996: Identification of Lichen Substances. Springer-Verlag, Berlin, Heidelberg, New York: 305.",Cetrariella delisei,,,depsides,Orcinol Tridepsides,
hierridin,86,,,90,,,,84,,P,,x,Yellow-brown        ,Purple,,,,,,,,,,,Occurs in Ramalina hierrensis,x,"Gonzáles, AG/ Barrera, JB/ Rodrigues Pérez, EM 1992: Synthesis of hierridin, a phenol from the lichen Ramalina hierrensis. Phytochemistry 31: 1436-1439.",Ramalina hierrensis,,shikimic acid pathway,monocyclic aromatic derivatives & compounds,Monocyclic aromatic derivatives,
hirtifructic acid,52,,38,44,,,,26,,O,,x,Orange              ,Orange,,,,,,,,,,,Occurs in Relicina hirtifructa,"Conechinocarpic acid, Conhirtifructic acid, Echinocarpic acid","Elix, JA 1995: A revision of the lichen genus Relicina. Bibliotheca Lichenologica 62: 1-150.",Relicina hirtifructa,,unknown,unknown,[structure not known],
homoheveadride,77,51,52,76,,,,26,,N,,x,No Result           ,No Result,,,,,,,,,,,Occurs in Cladonia polycarpoides,Heveadride,"Archer, AW/ Taylor, WC 1987: Homoheviadride, a cyclononadiene bis-anhydride from Cladonia polycarpoides. Phytochemistry 26: 2117-2119.",Cladonia polycarpoides,,acetyl-polymalonyl pathway,aliphatic acids & aliphatic compounds,Aliphatic acids,
homosekikaic acid,45,69,65,56,,,,35,,G,,P.Red,Orange              ,Green,,,,,,,,,,,"Acid Spray: orange, yellow halo, darker orange on standing. Occurs in Relicina hirtifructa","Hyperhomosekikaic acid, 4'-O-Methylnorhomosekikaic acid, Paludosic acid, Ramalinolic acid, Sekikaic acid References: Culberson, CF 1969: Chemical and botanical guide to lichen products. Univ. North Carolina Press, Chapel Hill: 130. Huneck, S/ Yoshimura, I 1996: Identification of Lichen Substances. Springer-Verlag, Berlin, Heidelberg, New York: 258. Notes: Acid Spray: orange, yellow halo, darker orange on standing. Occurs in Relicina hirtifructa","Culberson, CF 1969: Chemical and botanical guide to lichen products. Univ. North Carolina Press, Chapel Hill: 130. Huneck, S/ Yoshimura, I 1996: Identification of Lichen Substances. Springer-Verlag, Berlin, Heidelberg, New York: 258.",Relicina hirtifructa,,acetyl-polymalonyl pathway,depsides,Orcinol Depsides,
"hopane-6α,22-diol [zeorin]",52,42,43,43,19,44,50,,,O,,x,P.Brown             ,Orange,,,,,,,,,,,Acid Spray: brown fades to purple on standing. Occurs in Heterodermia speciosa,"6α-Acetoxyhopane-16β,22-diol, 6α-Acetoxyhopane-22-ol, Hopane- 6α,16β,22-triol, 22-Hydroxyhopane-6-one References: Culberson, CF 1969: Chemical and botanical guide to lichen products. Univ. North Carolina Press, Chapel Hill: 206. Huneck, S/ Yoshimura, I 1996: Identification of Lichen Substances. Springer-Verlag, Berlin, Heidelberg, New York: 387. Notes: Acid Spray: brown fades to purple on standing. Occurs in Heterodermia speciosa","Culberson, CF 1969: Chemical and botanical guide to lichen products. Univ. North Carolina Press, Chapel Hill: 206. Huneck, S/ Yoshimura, I 1996: Identification of Lichen Substances. Springer-Verlag, Berlin, Heidelberg, New York: 387.",Heterodermia speciosa,zeorin,mevalonic acid pathway,terpenoids & steroids,Terpenoids,
"hopane-7β,22-diol",,,,43,15,,,,,Y,,x,Purple              ,Yellow,,,,,,,,,,,Occurs in Pseudocyphellaria crocata,"7β-Acetoxyhopan-22-ol, Hopane-6α,7β,22-triol","Corbett, RE/ Wilkins, AL 1977: Lichens and fungi. XV. Revised structure for hopane triterpenoids isolated from the lichen Pseudocyphellaria mougeotiana. Australian Journal of Chemistry 30: 2329-2332.",Pseudocyphellaria crocata,,mevalonic acid pathway,terpenoids & steroids,Terpenoids,
"hopane-11β,22-diol",,,,40,,,,,,Y,,x,Purple              ,Yellow,,,,,,,,,,,Occurs in Pseudocyphellaria crocata,x,"Corbett, RE/ Cumming, SD 1971: Lichens and fungi. Part VII. Extractives from the lichen Sticta mougeotiana var. dissecta Del. Journal of the Chemistry Society (C): 955-960.",Pseudocyphellaria crocata,,mevalonic acid pathway,terpenoids & steroids,Terpenoids,
"hopane-15α,22-diol",40,,39,36,8,,42,,,Y,,x,Purple              ,Yellow,,,,,,,,,,,Occurs in Pseudocyphellaria billiardieri,15α-Acetoxyhopan-22-ol,"Corbett, RE/ Young, H 1966: Lichens and fungi. Part III. Structural elucidation of Hopane- 15α,22-diol from Sticta billiardieri Del. Journal of the Chemistry Society (C): 1564-1567.",Pseudocyphellaria billiardieri,,mevalonic acid pathway,terpenoids & steroids,Terpenoids,
"hopane-16β,22-diol",,,,36,12,,,,,O,,x,Brown               ,Orange,,,,,,,,,,,"Occurs in Myelochroa entotheiochroa, Septotrapelia usnica","16β-Acetoxy-22-hydroxyhopane-4α-oic acid, 16β,22-Dihydroxyhopan- 4α-oic acid, Hopane-6α,16β,22-triol","Yosioka, I/ Yamaki, M/ Kitagawa, I 1966: On the triterpenic constituents of a lichen Parmelia entotheiochroa Hue; zeorin, leucotylin, leucotylic acid, and five new related triterpenoids, Chemical and Parmaceutical Bulletin (Tokyo) 14: 804-807.","Myelochroa entotheiochroa, Septotrapelia usnica",,mevalonic acid pathway,terpenoids & steroids,Terpenoids,
"hopane-6α,7β,22-triol",38,,58,36,6,,38,,,O,,x,Brown               ,Orange,,,,,,,,,,,Acid Spray: fades to purple. Occurs in Pseudocyphellaria neglecta,"7β-Acetoxyhopane-6α,22-diol","Corbett, RE/ Cumming, SD 1971: Lichens and fungi. Part VII. Extractives from the lichen Sticta mougeotiana var. dissecta Del. Journal of the Chemistry Society (C): 955-960.",Pseudocyphellaria neglecta,,mevalonic acid pathway,terpenoids & steroids,Terpenoids,
"hopane-6α,16β,22-triol [leucotylin]",17,,28,21,4,,30,,,O,,x,Brown               ,Orange,,,,,,,,,,,Acid Spray: fades to purple. Occurs in Heterodermia tremulans,"6α-Acetoxyhopane-16β,22-diol, 16β-Acetoxyhopan-6α,22-diol, 6α,16β- Diacetoxyhopan-22-ol References: Culberson, CF 1969: Chemical and botanical guide to lichen products. Univ. North Carolina Press, Chapel Hill: 202. Huneck, S/ Yoshimura, I 1996: Identification of Lichen Substances. Springer-Verlag, Berlin, Heidelberg, New York: 380. Notes: Acid Spray: fades to purple. Occurs in Heterodermia tremulans","Culberson, CF 1969: Chemical and botanical guide to lichen products. Univ. North Carolina Press, Chapel Hill: 202. Huneck, S/ Yoshimura, I 1996: Identification of Lichen Substances. Springer-Verlag, Berlin, Heidelberg, New York: 380.",Heterodermia tremulans,leucotylin,mevalonic acid pathway,terpenoids & steroids,Terpenoids,
hybocarpone,16,,44,14,,,,11,+,B,,x,Brown               ,Brown,544,264,,,Red,,,,,,Orange pigment. Occurs in Heterodermia hybocarponica,"Boryquinone, Desmethylhybocarpone","Ernst-Russell, MA/Elix, JA/Chai, CLL/Willis, AC/Nash, TH III 1999: Hybocarpone, a novel cytotoxic naphthazarin derivative from mycobiont cultures of the lichen Lecanora hybocarpa. Tetrahedron Letters 40: 6321-6324.",Heterodermia hybocarponica,,acetyl-polymalonyl pathway,quinones,Naphthaquinones,
3α-hydroxybarbatic acid [8-hydroxybarbatic acid],20,29,28,24,,,,20,,p,,x,Yellow              ,Purple,,,,,,,Yellow,,,,"Acid Spray: yellow, grey halo. LW UV: purple, pale yellow halo. Occurs in Xanthoparmelia","Baeomycesic acid, Barbatic acid, 4-O-Demethylbarbatic acid, Squamatic acid References: Culberson, CF/ Nash, TH/ Johnson, A 1979: 3α-Hydroxybarbatic acid, a new depside in chemosyndromes of some xanthoparmeliae with β-orcinol depsides. Bryologist 82: 154-156. Notes: Acid Spray: yellow, grey halo. LW UV: purple, pale yellow halo. Occurs in Xanthoparmelia moctezumensis","Culberson, CF/ Nash, TH/ Johnson, A 1979: 3α-Hydroxybarbatic acid, a new depside in chemosyndromes of some xanthoparmeliae with β-orcinol depsides. Bryologist 82: 154-156.",Xanthoparmelia moctezumensis,8-hydroxybarbatic acid,acetyl-polymalonyl pathway,depsides,β-Orcinol Depsides,
3-hydroxycolensoic acid,39,50,50,42,,,,26,,P,,x,P.Brown             ,Purple,,,,,,,Yellow,,,,Occurs in Hypotrachyna osseoalba,"Colensoic acid, Lividic acid, 3-Methoxycolensoic acid, 4-O- Methylphysodic acid, Norcolensoic acid, Physodic acid","Djura, P/ Sargent, MV/ Elix, JA/ Engkaninan, U/ Huneck, S/ Culberson, CF 1977: Depsidone synthesis VIII. Isolation and structure determination of hydroxy- and methoxycolensoic acids. Synthesis of Methyl methoxy-O-methylcolensoate. Australian Journal of Chemistry 30: 599-607.",Hypotrachyna osseoalba,,acetyl-polymalonyl pathway,depsidones,Orcinol Depsidones,
2-hydroxyconvirensic acid,5,,22,4,,,28,12,,P,,x,Orange              ,Purple,,,,,,,,,,,Minor component in Sulcaria sulcata,"Virensic acid, 2-Hydroxyvirensic acid","Elix, JA/ Wardlaw, JH/ Obermayer, W 2003: 2-Hydroxyconvirensic acid, a new depsidone from the lichen Sulcaria sulcata. Australasian Lichenology 52: 6-8.",,,acetyl-polymalonyl pathway,depsidones,β-Orcinol Depsidones,
3α-hydroxydiffractaic acid [8-hydroxydiffractaic acid],18,,,20,,,,,,P,,x,Yellow              ,Purple,,,,,,,,,,,Occurs in Usnea longissima,"Diffractaic acid References: Nishitoba, Y/ Nishimura, H/ Nishiyama, T/ Mizutani, J 1987: Lichen acids, plant growth inhibitors from Usnea longissima. Phytochemistry 26: 3181-3185. Notes: Occurs in Usnea longissima","Nishitoba, Y/ Nishimura, H/ Nishiyama, T/ Mizutani, J 1987: Lichen acids, plant growth inhibitors from Usnea longissima. Phytochemistry 26: 3181-3185.",Usnea longissima,8-hydroxydiffractaic acid,acetyl-polymalonyl pathway,depsides,β-Orcinol Depsides,
3β-hydroxyfern-9(11)-ene-12-one,50,,39,38,19,,51,,,b,,x,Brown               ,Orange,,,,,,,,,,,"Acid Spray: fades to purple. LW UV: brown, orange halo. Occurs in Pseudocyphellaria aurata","3β-Acetoxyfern-9(11)-ene-12β-ol, 3β-Acetoxyfern-9(11)-ene-12- one, Fern-9(11)-ene-3β,12β-diol, Fern-9(11)-ene-3,12-dione","Wilkins, AL/ Elix, JA 1990: New fernene triterpenes from the lichen Pseudocyphellaria aurata: Australian Journal of Chemistry 43: 623-627.",Pseudocyphellaria aurata,,mevalonic acid pathway,terpenoids & steroids,Terpenoids,
3-hydroxygyrophoric acid,13,,32,16,,,,20,,G,,x,P.Yellow            ,Green,,,,,,,,,,,Minor component in Hypotrachyna subfatiscens,"Gyrophoric acid, Lecanoric acid, 3-Hydroxy-4-O-methylumbilicaric acid, 3-Methoxy-2,4-di-O-methylgyrophoric acid","Elix, JA/ Wardlaw, JH 2000: Four new tridedsides from Hypotrachyna species. Australasian Lichenology 47: 8-13.",,,,depsides,Orcinol Tridepsides,
22-hydroxyhopane-6-one [zeorinone],54,,53,49,40,,64,,,P,,x,P.Yellow-brown      ,P.Yellow,,,,,,,,,,,Occurs in Rinodina thiomela,"6α-Acetoxyhopane-22-ol, Hopane-6α,22-diol","Wilkins, AL/ Elix, JA/ Gaul, KL/ Moberg, R 1989: New hopane triterpenoids from the lichen in the family Physciaceae, Austrlian Journal of Chemistry 42: 1415-1422.",Rinodina thiomela,zeorinone,mevalonic acid pathway,terpenoids & steroids,Terpenoids,
2-hydroxyhypoprotocetraric acid,15,,29,10,,,,15,,D,,x,D.Blue-grey         ,D.Blue,,,,,,,,,,,Quenches in visible light like oxyphysodic acid. Occurs in Ocellularia arecae,"2-Hydroxynotatic acid, Hypoprotocetraric acid, Notatic acid","Mangold, A 2008. Taxonomic studies on members of thelotremoid Ostropales (lichenized Ascomycota) in Australia. Univ. Duisburg-Essen, p28.",Ocellularia arecae,,acetyl-polymalonyl pathway,depsidones,β-Orcinol depsidones,
5-hydroxylecanoric acid,21,36,33,11,,,,8,,s,,x,Yellow              ,Green,334,184,168,150,,Red,,,,,"Acid Spray: yellow, grey halo. LW UV: strong-purple, green halo. Minor component in Hypotrachyna",Lecanoric acid,"Elix, JA/ Jayanthi, VK1977: 5-O-Methylhiascic acid, a new tridepside from Australian lichens. Australian Journal of Chemistry 30: 2695-2704.",,,acetyl-polymalonyl pathway,depsides,Orcinol Depsides,
9α-hydroxymenegazziaic acid [8'-hydroxymenegazziaic acid ],2,,2,1,,,13,2,,P,,x,Grey                ,Purple,,,,,,,,Orange,,,Minor component in Parmotrema crinitum,"α-Acetylconstictic acid, Constictic acid, Cryptostictic acid, Menegazziaic acid, Norstictic acid, Stictic acid","Culberson, CF/ Culberson, WL/ Johnson, A1981: A standardized TLC analysis of β-orcinol depsidones. Bryologist 84: 16-29 [as unknown Pcr-2].",,8'-hydroxymenegazziaic acid,acetyl-polymalonyl pathway,depsidones,β-Orcinol Depsidones,
2-hydroxy-4-methoxy-6-pentylbenzoic acid [4-o-methylolivetolcarboxylic acid],56,78,,60,,,,12,,G,,x,Yellow              ,Green,238,221,220,194,,,,,,,"Possibly an artefact, reported from Cladonia macaronesica","2,4-Dihydroxy-6-pentylbenzoic acid, Perlatolic acid","Gonzáles, AG/ Barrera, JB/ Rodrigues Pérez, EM/ Hernández Padrón, CE 1991: Chemical constituents of the lichen Cladina macronesica. Zeitschrift für Naturforschung 46c: 12-18.",,4-o-methylolivetolcarboxylic acid,shikimic acid pathway,monocyclic aromatic derivatives & compounds,Monocyclic aromatic derivatives,
"6α-hydroxyeugenitin [6-hydroxymethyleugenitin, 5-hydroxy-6-hydroxymethyl-7-methoxy-2-",31,,,18,16,,,5,+,b,,x,Yellow              ,Yellow,,,,,,Orange,,,,,"Pale yellow pigment. Acid Spray: deep mustard yellow, brown halo, fades to orange. LW UV: brownish-","Eugenitin, Eugenitol, Lepraric acid, Sordidone","Huneck, S 1972: 6-Hydroxymethyleugenitin, ein neues Chromon aus Roccella fuciformis. Phytochemistry 11: 1489-1490.",Roccella fuciformis,,acetyl-polymalonyl pathway,chromones,Chromones,
4-hydroxyisovulpinic acid,52,,37,39,,42,,,+,Y,,x,Yellow              ,Yellow,,,,,,,,,,,Yellow pigment. Accessory substance in Letharia vulpina,"Vulpinic acid, 4-Hydroxypulvinic dilactone",New report,,,shikimic acid pathway,pulvinic acid derivatives,Pulvinic acid derivatives,
3-hydroxy-4-o-methylumbilicaric acid,36,,33,35,,,,24,,G,,x,P.Yellow            ,Green,,,,,,,,,,,Minor component in Hypotrachyna subfaticens,"Gyrophoric acid, Lecanoric acid, 3-Hydroxygyrophoric acid, 3-Methoxy- 2,4-di-O-methylgyrophoric acid","Elix, JA/ Wardlaw, JH 2000: Four new tridedsides from Hypotrachyna species. Australasian Lichenology 47: 8-13.",,,,depsides,Orcinol Tridepsides,
2-hydroxynornotatic acid,9,,25,6,,,,9,,B,,x,D.Brown             ,Brown,,,,,,,,,,,Quenches in visible light like oxyphysodic acid. Occurs in Ocellularia arecae,"2-Hydroxyhypoprotocetraric acid, Hypoprotocetraric acid, Notatic acid","Mangold, A 2008. Taxonomic studies on members of thelotremoid Ostropales (lichenized Ascomycota) in Australia. Univ. Duisburg-Essen, p28.",Ocellularia arecae,,acetyl-polymalonyl pathway,depsidones,Orcinol β-Orcinol Depsidones,
"22α-hydroxy-3,4-secostict-4(23)-en-3-al",67,,70,56,52,,76,,,f,,x,Brown               ,Orange,442,,,,,,,,,,Acid Spray: fades to purple. LW UV: fades to pink. Occurs in Pseudocyphellaria degelii,"2α-Acetoxystictane-3β,22α-diol, 3β-Acetoxystictane-2α,22-diol, 22α- Hydroxy-3,4-secostict-4(23)-en-3-oic acid, Stictane-3β,22-diol","Goh, EM/ Wilkins, AL/ Holland, PT 1979: Structural elucidation of a new group of secostictane triterpenoids. Journal of the Chemical Society, Perkin Transactions I: 1560-1564.",Pseudocyphellaria degelii,,mevalonic acid pathway,terpenoids & steroids,Terpenoids,
"22α-hydroxy-3,4-secostict-4(23)-en-3-oic acid",52,,54,51,11,,62,,,f,,x,Brown               ,Orange,458,,,,,,,,,,Acid Spray: fades to purple. LW UV: fades to pink. Occurs in Pseudocyphellaria degelii,"2α-Acetoxystictane-3β,22α-diol, 3β-Acetoxystictane-2α,22-diol, 22α- Hydroxy-3,4-secostict-4(23)-en-3-al, Stictane-3β,22-diol","Goh, EM/ Wilkins, AL/ Holland, PT 1979: Structural elucidation of a new group of secostictane triterpenoids. Journal of the Chemical Society, Perkin Transactions I: 1560-1564.",Pseudocyphellaria degelii,,mevalonic acid pathway,terpenoids & steroids,Terpenoids,
22α-hydroxystictane-3-one,,,,,,,,,,O,,x,P.Brown             ,Orange,442,427,424,409,,,,,,,Occurs in Pseudocyphellaria norvegica,"3β-Acetoxystictane-2α,22-diol, Stictane-3β,22-diol","Wilkins, AL 1977: The structure of a triterpene ketol from Cetraria nivalis. Phytochemistry 16: 608- 609.",Pseudocyphellaria norvegica,,mevalonic acid pathway,terpenoids & steroids,Terpenoids,
3-hydroxyumbilicaric acid,16,,26,11,,,46,16,,G,,x,P.Yellow            ,Green,,,,,,,Pink,,,,Occurs in Hypotrachyna bonariensis,"Gyrophoric acid, Lecanoric acid, 3-Hydroxygyrophoric acid, 3-Methoxy- 2,4-di-O-methylgyrophoric acid, 3-Methoxyumbilicaric acid, Umbilicaric acid","Elix, JA/ Yu, J/ Adler, MT 1989: 3-Hydroxyumbilicaric acid and 3-methoxyumbilicaric acid, new tridepsides from the lichen Hypotrachyna bonariensis. Australian Journal of Chemistry 42: 765-770.",Hypotrachyna bonariensis,,,depsides,Orcinol Tridepsides,
2-hydroxyvirensic acid,24,,45,27,,,,16,,B,,x,Brown               ,Brown,375,374,357,356,Brown,,,Red,,,Occurs in Sulcaria sulcata,"Convirensic acid, 2-Hydroxyconvirensic acid, Virensic acid,","Elix, JA/ Wardlaw, JH/ Obermayer, W 2000: 2-Hydroxyvirensic acid, a new depsidone from the lichen Sulcaria sulcata. Australian Journal of Chemistry 53: 233-235.",Sulcaria sulcata,,acetyl-polymalonyl pathway,depsidones,β-Orcinol Depsidones,
4-hydroxyvulpinic acid,48,,34,36,,25,,14,+,Y,,x,Yellow              ,Yellow,,,,,,,,,,,Yellow pigment. Minor component in Letharia vulpina,"Vulpinic acid, 4-Hydroxypulvinic dilactone Reference Tabacchi, R/ Tsoupras, G 1987: The chemical composition of Letharia vulpina (L.) Hue. Bibliotheca Lichenologica 25: 475-480. Notes: Yellow pigment. Minor component in Letharia vulpina",,,,shikimic acid pathway,pulvinic acid derivatives,Pulvinic acid derivatives,
hyperconfluentic acid,49,45,40,59,,,,35,,B,,x,P.Yellow            ,B.Blue,,,,,,,,,,,Occurs in Pseudobaeomyces pachycarpus,"Confluentic acid, Insignin, Superconfluentic acid,","Culberson, CF/ Culberson, WL/ Gowan, S/ Johnson, A 1987: New depsides from lichens: microchemical methodologies applied to the study of new natural products discovered in herbarium specimens. American Journal of Botany 74: 403-414.",Pseudobaeomyces pachycarpus,,acetyl-polymalonyl pathway,depsides,Orcinol Depsides,
hyperhomosekikaic acid,56,,64,61,,,,38,,G,,x,Orange              ,Green,,,,,,,,,,,"Occurs in Physcidia wrightii, Phyllopsora homosekikaica","Homosekikaic acid, Sekikaic acid,","Culberson, CF/ Culberson, WL/ Johnson, A 1985: Orcinol-type depsides and depsidones in the lichens of the Cladonia chlorophea group (Ascomycotina, Cladoniaceae). Bryologist 88: 380-387.","Physcidia wrightii, Phyllopsora homosekikaica",,acetyl-polymalonyl pathway,depsides,Orcinol Depsides,
hyperlatolic acid,53,,74,52,,,,54,,s,,x,P.Yellow            ,Green,,,,,,,,,,,"Acid Spray: pale yellow, grey halo. LW UV: strong-purple, green halo. Occurs in Rhopalospora viridis","Isohyperlatolic acid, Perlatolic acid, Superlatolic acid","Culberson, CF/ Hale, ME/ Tønsberg, T/ Johnson, A 1984: New depsides from the lichen Dimelaena oreina and Fuscidia viridis. Mycologia 76: 148-160.",Rhopalospora viridis,,acetyl-polymalonyl pathway,depsides,Orcinol Depsides,
hyperpicrolichenic acid,41,,49,40,,,,45,,P,,x,P.Yellow            ,Purple,470,426,105,88,,,Red,,,,Occurs in Pertusaria truncata,"Isohyperpicrolichenic acid, Picrolichenic acid, Subpicrolichenic acid, Superpicrolichenic acid","Elix, JA/ Venables, D/ Archer, AW 1994: 70. Further new depsones from the lichen Pertusaria truncata. Australian Journal of Chemistry 47: 1345-1353.",Pertusaria truncata,,acetyl-polymalonyl pathway,depsides,Orcinol Depsides,
hyperplanaic acid,51,,44,59,,,,51,,P,,No Result,P.Yellow            ,Purple,,,,,,,,,,,Occurs in Lecanora planaica,"Planaic acid, Isohyperplanaic acid, Superplanaic acid","Elix, JA/ Barclay, CE/ Lumbsch, HT 1994: New depsides from the lichen Lecanora planaica. Australian Journal of Chemistry 47: 1199-1203.",Lecanora planaica,,acetyl-polymalonyl pathway,depsides,Orcinol Depsides,
hypoalectorialic acid,35,,40,14,,,,21,,B,,x,P.Grey              ,Blue,,,,,,,,,,,Occurs in Hypotrachyna hypoalectorialica,Alectorialic acid,"Elix, JA/ Wardlaw, JH 1996: Hypoalectorialic acid and conechinocarpic acid, two new benzyl esters from lichens. Australian Journal of Chemistry 49: 727-729.",Hypotrachyna hypoalectorialica,,acetyl-polymalonyl pathway,benzyl esters,Benzyl esters,
hypoconstictic acid,15,7,7,4,,,28,7,,d,,x,D.Red               ,D.Red,,,,,Yellow,,,,,,Acid Spray: dull red. LW UV: dull red. Occurs in Nephroma antarcticum,"α-Acetylhypoconstictic acid, Hyposalazinic acid, Hypostictic acid","Moroney, SE/ Ronaldson, KJ/ Wilkins, AL/ Green, TGA/ James, PW 1981: Depsidone constituents from the Quintaria group of Nephroma species. Phytochemistry 20: 787-789.",Nephroma antarcticum,,acetyl-polymalonyl pathway,depsidones,β-Orcinol Depsidones,
hyponephroarctin,,,,,,,,,,x,,x,x                   ,x,358,193,166,151,,Red,,Yellow,,,Occurs in Nephroma arcticum,Nephroarctin,"Kinoshita, K/ Matsubara, H/ Koyama, K/ Takahashi, K/ Yoshimura, I/ Yamamoto, Y/ Miura, M/ Kinoshita, Y/ Kawai, K-I 1994: Topics in the chemistry of lichen compounds. Journal of the Hattori Botanical Laboratory 76: 227-234.",Nephroma arcticum,,acetyl-polymalonyl pathway,depsides,β-Orcinol Depsides,
hypopannarin,42,,35,33,,,,20,,O,,x,Yellow-brown        ,Orange,328,300,285,284,,,,No result,,,Occurs in Leprocaulon adhaerens,"Dechloropannarin, Norpannarin, Pannarin","Knudsen, K/ Elix, JA/ Lendemer, JC 2007: Lepraria adhaerens: A new species from North America. Opuscula Philolichenum 4: 5-10.",Leprocaulon adhaerens,,acetyl-polymalonyl pathway,depsidones,β-Orcinol Depsidones,
hypophysciosporin,63,,58,52,34,,,40,,D,,x,Blue                ,D.Blue,394,392,362,360,,,,,,,Occurs in Erioderma phaeorhizum,"Argopsin, Hypoprotocetraric acid, Isovicanicin, Methyl virensate, Norvicanicin, Physciosporin, Vicanicin References: Hamat, ABL/ Din, LB/ Samsudin, LWB/ Elix, JA 1993: Two new depsidones from the lichen Erioderma phaeorhizum Vainio sensu lato. Australian Journal of Chemistry 46: 153-156. Notes: Occurs in Erioderma phaeorhizum","Hamat, ABL/ Din, LB/ Samsudin, LWB/ Elix, JA 1993: Two new depsidones from the lichen Erioderma phaeorhizum Vainio sensu lato. Australian Journal of Chemistry 46: 153-156.",Erioderma phaeorhizum,,acetyl-polymalonyl pathway,depsidones,β-Orcinol Depsidones,
hypoprotocetraric acid,22,43,37,22,,,48,19,,D,,Brown,Blue                ,D.Blue,344,326,300,,,,,,,,"Acid Spray: initially bright blue; fades to pale orange, grey halo. Occurs in Xanthoparmelia","Conhypoprotocetraric acid, Convirensic acid, 4-O-Demethylnotatic acid, 2-Hydroxyhypoprotocetraric acid, Isonotatic acid, 4-O-Methylhypoprotocetraric acid, Notatic acid References: Culberson, CF 1969: Chemical and botanical guide to lichen products. Univ. North Carolina Press, Chapel Hill: 155. Huneck, S/ Yoshimura, I 1996: Identification of Lichen Substances. Springer- Verlag, Berlin, Heidelberg, New York: 331. Notes: Acid Spray: initially bright blue; fades to pale orange, grey halo. Occurs in Xanthoparmelia hypoprotocetrarica","Culberson, CF 1969: Chemical and botanical guide to lichen products. Univ. North Carolina Press, Chapel Hill: 155. Huneck, S/ Yoshimura, I 1996: Identification of Lichen Substances. Springer- Verlag, Berlin, Heidelberg, New York: 331.",Xanthoparmelia hypoprotocetrarica,,acetyl-polymalonyl pathway,depsidones,β-Orcinol Depsidones,
hypopsoromic acid,25,32,,17,,,,,,Y,,x,Yellow              ,Yellow,,,,,,,,,,,Occurs in Lecanora novomexicana,Psoromic acid,"Culberson, CF 1972: Improved conditions and new data for the identification of lichen products by a standardized thin-layer chromatographic method. Journal of Chromatography 72: 113-125.",Lecanora novomexicana,,acetyl-polymalonyl pathway,depsidones,β-Orcinol Depsidones,
hyposalazinic acid,34,27,26,8,,,44,8,,b,,x,P.Red               ,Pink,,,,,Yellow then reddish,,,,,,Acid Spray: pale pink-red. LW UV: bright pink. Occurs in Xanthoparmelia quintaria,"Connorstictic acid, Hypoconstictic acid, Hypoprotocetraric acid, Hypostictic acid","Keogh, MF 1978: New β-orcinol depsidones from the Xanthoparmelia quintaria and a Thelotrema species. Phytochemistry 17: 1192-1193.",Xanthoparmelia quintaria,,acetyl-polymalonyl pathway,depsidones,β-Orcinol Depsidones,
hypostictic acid,42,33,32,32,,,61,13,,b,,x,P.Red               ,Pink,372,354,328,327,Yellow,,,,,,Acid Spray: pale pink-red. LW UV: bright pink. Occurs in Xanthoparmelia quintaria,"Connorstictic acid, Hypoconstictic acid, Hypoprotocetraric acid, Hyposalazinic acid, 4-O-Methylhypoprotocetraric acid","Keogh, MF 1978: New β-orcinol depsidones from the Xanthoparmelia quintaria and a Thelotrema species. Phytochemistry 17: 1192-1193.",Xanthoparmelia quintaria,,acetyl-polymalonyl pathway,depsidones,β-Orcinol Depsidones,
hypostictolide [hypostictinolide],58,,,52,30,,,22,,P,,x,P.Red               ,Pink,356,328,,,,,,,,,Minor component in Buellia lindigeri,"Hypoconstictic acid, Hypostictic acid","Giralt, M/ van den Boom, PG/ Elix, JA 2010: “Buellia lindigeri” and Rinodina hallii (Physciaceae), two closely related species. Bryologist 113: 99-105.",,hypostictinolide,acetyl-polymalonyl pathway,depsidones,β-Orcinol Depsidones,
hypostepsilic acid [norascomatic acid],23,,43,25,,,,17,,P,,Green,B.Blue              ,Purple,272,255,254,228,,Green,,,,,Occurs in Bunodophoron patagonicum,"Ascomatic acid , 7-O-Methylnorascomatic acid, Methyl ascomatate, Isostrepsilic acid, Strepsilin","Kon, Y/ Iwashina, T/ Kashiwadani, H/ Wardlaw, JH/ Elix, JA 1997: A new dibenzofuran, isostrepsilic acid, produced by cultured mycobiont of the lichenized Ascomycete Usnea orientalis. Journal of Japanese Botany 72: 67-71.",Bunodophoron patagonicum,norascomatic acid,acetyl-polymalonyl pathway,furans & furanones,Dibenzofurans,
hypothallin,,,,,,,,20,,x,,x,x                   ,x,,,,,,,,,,,Occurs in Schismatomma hypothallinum,x,"Huneck, S/ Porzel, A/ Schmidt, J/ Follmann, G 1992: Hypothallin, ein weiterer Vertrter eines Aminosäure-aminoalkohol-esters aus der Krustenflechte Schismatomma hypothallinum. Zeitschrift für Naturforschung 47c: 785-790.",Schismatomma hypothallinum,,shikimic acid pathway,amino acid derivatives,Amino acid derivatives,
hypothamnolic acid,4,25,18,23,,,34,15,,B,,x,Brown               ,Brown,,,,,Purple,P.Red,,,,,Occurs in Pertusaria novaezelandiae,"Cryptothamnolic acid, Haemathamnolic acid, Thamnolic acid References: Culberson, CF 1969: Chemical and botanical guide to lichen products. Univ. North Carolina Press, Chapel Hill: 151. Huneck, S/ Yoshimura, I 1996: Identification of Lichen Substances. Springer-Verlag, Berlin, Heidelberg, New York: 260. Notes: Occurs in Pertusaria novaezelandiae","Culberson, CF 1969: Chemical and botanical guide to lichen products. Univ. North Carolina Press, Chapel Hill: 151. Huneck, S/ Yoshimura, I 1996: Identification of Lichen Substances. Springer-Verlag, Berlin, Heidelberg, New York: 260.",Pertusaria novaezelandiae,,acetyl-polymalonyl pathway,depsides,β-Orcinol Depsides,
hypotrachynic acid [dehydroisoobtusatic acid],,,,18,,,,,,G,,x,Yellow              ,Green,370,342,,,,,,,,,reported to occur in Hypotrachyna revoluta [but possibly a misdetermination of Parmotrema,"Connorstictic acid, Constictic acid, Cryptostictic acid, Menegazziaic acid, Methyl stictic acid, Norstictic acid, Stictic acid","Papadopoulou, P/ Tzakou, O/ Vagias, C/ Kefalas, P/ Roussis, V 2007: β-Orcinol Metabolites from the lichen Hypotrachyna revoluta. Molecules 12: 997-1005.",,dehydroisoobtusatic acid,acetyl-polymalonyl pathway,depsides,Orcinol β-Orcinol Depsides,
imbricaric acid,42,75,71,50,,,,34,,p,,x,Orange              ,Green,,,,,,,,,,,"Acid Spray: pale orange, grey halo. LW UV: purple, green halo. Occur in Cetrelia cetrarioides","4-O-Demethylimbricaric acid, Loxodellic acid, Perlatolic acid, Stenosporic acid References: Culberson, CF 1969: Chemical and botanical guide to lichen products. Univ. North Carolina Press, Chapel Hill: 121. Huneck, S/ Yoshimura, I 1996: Identification of Lichen Substances. Springer-Verlag, Berlin, Heidelberg, New York: 261. Notes: Acid Spray: pale orange, grey halo. LW UV: purple, green halo. Occur in Cetrelia cetrarioides","Culberson, CF 1969: Chemical and botanical guide to lichen products. Univ. North Carolina Press, Chapel Hill: 121. Huneck, S/ Yoshimura, I 1996: Identification of Lichen Substances. Springer-Verlag, Berlin, Heidelberg, New York: 261.",,,acetyl-polymalonyl pathway,depsides,Orcinol Depsides,
insignin,78,,75,80,,,,45,,B,,x,P.Yellow            ,B.Blue,380,219,206,191,,,,,,,"Occurs in Pseudobaeomyces pachycarpus, Porpidia glaucophaea","Confluentic acid, Glaucophaeic acid, Hyperconfluentic acid, Subconfluentic acid, Superconfluentic acid","Elix, JA/ Wardlaw, JH 1996: Synthesis of depsides present in the lichen Porpidia glaucophaea. Australian Journal of Chemistry 49: 817-924.","Pseudobaeomyces pachycarpus, Porpidia glaucophaea",,acetyl-polymalonyl pathway,coumarins,Isocoumarins,
islandicin,,,,,,,,,+,R,,x,Orange              ,Red,270,253,242,213,Violet,,,,,,Red-orange pigment. Minor component in Asahinea chrysantha,"Asahinin, Cynodontin References: Mishchenko, NP/ Stepanenko, NL/ Krivoshchekova, OA/ Maximov, OB 1980: Anthraquinones of Asahinea chrysantha. Khimiya Prirodnykh Soedinenii 2: 160-165. Bentina, V [ed.] Chromatography of Mycotoxins: Techniques and Applications. 1993, p202 Notes: Red-orange pigment. Minor component in Asahinea chrysantha","Mishchenko, NP/ Stepanenko, NL/ Krivoshchekova, OA/ Maximov, OB 1980: Anthraquinones of Asahinea chrysantha. Khimiya Prirodnykh Soedinenii 2: 160-165. Bentina, V [ed.] Chromatography of Mycotoxins: Techniques and Applications. 1993, p202",,,acetyl-polymalonyl pathway,quinones,Anthraquinones,
"isoarthothelin [2,5,7-trichloronorlichexanthone]",45,,44,37,6,18,,36,+,G,,x,Orange              ,Green,364,362,360,331,,Orange,,,,,Yellow pigment. Occurs in Buellia aeruginosa,"2,5-Dichloronorlichexanthone, 5,7-Dichloronorlichexanthone, Thiophanic acid, 2,5,7-Trichlorolichexanthone, 2,5,7-Trichloro-3-O-methylnorlichexanthone","Elix, JA/ Jiang, H/ Portelli, VJ 1990: Structure and synthesis of the lichen xanthone isoarthothelin [2,5,7-trichloronorlichexanthone]. Australian Journal of Chemistry 43: 1291-1295.",Buellia aeruginosa,"2, 5, 7-trichloronorlichexanthone",acetyl-polymalonyl pathway,xanthones & ergochromes,Xanthones,
isodidymic acid,42,,66,50,,,,37,,B,,Green,D.Blue              ,B.Blue,370,352,326,276,,Green,,,,,Occurs in chemical race of Cladonia didyma,"Condidymic acid, Didymic acid, Subdidymic acid","Chester, DO/ Elix, JA/ Kennedy, JM 1986: Isodidymic acid, a new dibenzofuran from the lichen Cladonia didyma. Australian Journal of Chemistry 39: 1759-1764.",chemical race of Cladonia didyma,,acetyl-polymalonyl pathway,furans & furanones,Dibenzofurans,
isofulgidin,66,,58,52,28,,,37,,s,,x,P.Yellow            ,No Result,,,,,,,,,,,Best seen under SW UV before spraying. Acid Spray: very pale yellow. LW UV:strong brown.,"Caloploicin, Diploicin, Fulgidin, Fulgoicin","Birkbeck, AA/ Sargent, MV/ Elix, JA 1990: The structure of the lichen depsidones fulgidin and isofulgidin. Australian Journal of Chemistry 43: 419-425.",Buellia tetrapla,,acetyl-polymalonyl pathway,depsidones,Orcinol Depsidones,
isohyperlatolic acid,48,,79,52,,,,55,,p,,x,P.Yellow            ,Green,,,,,,,,,,,"Acid Spray: pale yellow, grey halo. LW UV: purple, green halo. Occurs in Ropalospora viridis","Hyperlatolic acid, Perlatolic acid, Superlatolic acid","Culberson, CF/ Hale, ME/ Tønsberg, T/ Johnson, A 1984: New depsides from the lichen Dimelaena oreina and Fuscidia viridis. Mycologia 76: 148-160.",Ropalospora viridis,,acetyl-polymalonyl pathway,depsides,Orcinol Depsides,
isohyperpicrolichenic acid,39,,47,38,,,,46,,P,,x,P.Yellow            ,Purple,,,,,,,Red,,,,Occurs in Pertusaria truncata,"Hyperpicrolichenic acid, Picrolichenic acid, Superpicrolichenic acid","Elix, JA/ Venables, D/ Archer, AW 1994: 70. Further new depsones from the lichen Pertusaria truncata. Australian Journal of Chemistry 47: 1345-1353.",Pertusaria truncata,,acetyl-polymalonyl pathway,depsones,Depsones,
isohyperplanaic acid,54,,41,58,,,,51,,P,,x,P.Yellow            ,Purple,,,,,,,,,,,Occurs in Lecanora planaica,"Planaic acid, Hyperplanaic acid, Superplanaic acid","Elix, JA/ Barclay, CE/ Lumbsch, HT 1994: New depsides from the lichen Lecanora planaica. Australian Journal of Chemistry 47: 1199-1203.",Lecanora planaica,,acetyl-polymalonyl pathway,depsides,Orcinol Depsides,
isohypocrelline [isohypocrellin],40,,7,32,,,,50,+,D,,x,D.Red               ,D.Red,,,,,Green,,,,,,Deep red pigment. Occurs in Thecaria montagnei,x,"Mathey, A/ van Roy, W/ van Vaeck, L/ Eckhardt, G/ Steglich, W 1994: In situ analysis of a new perylene quinone in lichens by Fourier-transform laser microprobe mass spectrometry with external source. Rapid Communications in Mass Spectrometry 8: 46-52.",Thecaria montagnei,isohypocrellin,acetyl-polymalonyl pathway,quinones,Perylenequinones,
isolecanoric acid,20,,25,6,,,,5,,G,,x,Yellow              ,Green,,,,,,Red,,,,,Occurs in Parmotrema tinctorum,Lecanoric acid,"Sakurai, A/ Goto, Y 1987: Chemical studies on the lichens. I. The structure of isolecanoric acid, a new ortho-depside from Parmelia tinctoria Despr. Bulletin of the Chemical Society of Japan 60: 1917-1918.",Parmotrema tinctorum,,acetyl-polymalonyl pathway,depsides,Orcinol Depsides,
isoleprapinic acid,67,,35,59,,50,,14,+,B,,x,Yellow              ,B.Blue,,,,,,,,,,,Yellow pigment. Accessory substance in Chrsyothrix occidentalis,Leprapinic acid References: new report Notes: Yellow pigment. Accessory substance in Chrsyothrix occidentalis,new report,,,shikimic acid pathway,pulvinic acid derivatives,Pulvinic acid derivatives,
isomegapicrolichenic acid,44,,62,44,,,,55,,P,,x,P.Yellow            ,Purple,,,,,,,Red,,,,Minor component in Pertusaria truncata,"Hyperpicrolichenic acid, Isohyperpicrolichenic acid, Megapicrolichenic acid, Picrolichenic acid, Superpicrolichenic acid","Elix, JA/ Venables, D/ Archer, AW 1994: 70. Further new depsones from the lichen Pertusaria truncata. Australian Journal of Chemistry 47: 1345-1353.",,,acetyl-polymalonyl pathway,depsones,Depsones,
isomerochlorophaeic acid,49,,56,54,,,,28,,B,,x,Orange              ,Brown,,,,,,Red,,,,,Occurs in Ramalina cf. leiodea,"Merochlorophaeic acid, 4-O-Methylcryptochlorophaeic acid","Elix, JA/ Barclay, CE/ David, F/ Griffin, FK/ Hill, AM/ McConnell, DB/ Wardlaw, JH 1993: Synthesis of further lichen depsides. Australian Journal of Chemistry 46: 301-313.",Ramalina cf,,acetyl-polymalonyl pathway,depsides,Orcinol Depsides,
isonephrosterinic acid,43,,55,40,,,,36,,L,,x,No Result           ,Lilac,,,,,,,,,,,Occurs in Nephromopsis endocrocea,"Lichesterinic acid, Nephrosterinic acid, Protolichesterinic acid",new report,Nephromopsis endocrocea,,acetyl-polymalonyl pathway,aliphatic acids & aliphatic compounds,Aliphatic acids,
isonorlobaridone,31,,14,5,,,,20,,B,,x,Grey                ,B.Blue,,,,,,,,,,,Occurs in Xanthoparmelia amplexula,"Norlobaridone, Norlobariol, Norlobariol methyl ester","Gream, GE/ Riggs, NV 1960: Chemistry of Australian lichens II. A new depsidone from Parmelia conspersa (Ehrh.) Ach.. Australian Journal of Chemistry 13: 285-295.",Xanthoparmelia amplexula,,acetyl-polymalonyl pathway,diphenyl ethers,Diphenyl ethers,
isonorobtusatic acid [norisoobtusatic acid],30,,53,28,,,,36,,G,,Orange,Yellow              ,Green,332,182,168,165,,Red,,,,,Occurs in Ramalina americana s.lat.,"Isoobtusatic acid, Norobtusatic acid, Obtusatic acid","Culberson, CF/ Culberson, WL/ Johnson, A 1990: The Ramalina americana complex (Ascomycotina, Ramalinaceae): chemical and geographical correlations. Bryologist 93: 167-186.",Ramalina americana s,norisoobtusatic acid,acetyl-polymalonyl pathway,depsides,Orcinol β-Orcinol Depsides,
isonorpannarin [norisopannarin],73,,63,65,38,80,,25,,B,,x,Yellow-brown        ,Brown,350,348,,,,,,Yellow-orange,,,"Occurs in Lecanora dispersa, L. torrida","Norpannarin, Pannarin","Rosa, IN 2013. Las especies del género Lecanora sensu lato en la Argentina, Universidad Nacional del Comahue, 213pp","Lecanora dispersa, L",norisopannarin,acetyl-polymalonyl pathway,depsidones,β-Orcinol Depsidones,
isonotatic acid,38,,42,43,,,56,24,,D,,x,Yellow              ,D.Blue,344,326,300,298,,,,,,,Occurs in Xanthoparmelia notata,"4-O-Methylhypoprotocetraric acid, Norisonotatic acid, Notatic acid, Subnotatic acid","Elix, JA/ Lajide, L 1984: The identification of further new depsidones in the lichen Parmelia notata Kurok. Australian Journal of Chemistry 37: 857-866.",Xanthoparmelia notata,,acetyl-polymalonyl pathway,depsidones,Orcinol β-Orcinol Depsidones,
isoobtusatic acid [3'-methylevernic acid],43,,62,50,,,,32,,s,,x,Yellow              ,Green,,,,,,,,,,,"Acid Spray: strong-pale orange, grey halo. LW UV: strong purple, green halo. Occurs in Ramalina","Isonorobtusatic acid, Norobtusatic acid, Obtusatic acid, Methyl 3'- methyllecanorate","Culberson, CF/ Culberson, WL/ Johnson, A 1990: The Ramalina americana complex (Ascomycotina, Ramalinaceae): chemical and geographical correlations. Bryologist 93: 167-186.",Ramalina americana s,3'-methylevernic acid,acetyl-polymalonyl pathway,depsides,Orcinol β-Orcinol Depsides,
isopatagonic acid,38,,33,42,,,,44,,G,,x,Yellow              ,Green,,,,,,,,,,,Occurs in Bunodophoron patagonicum,"Isosphaeric acid, 2-O-Methylpatagonic acid, Patagonic acid, Sphaerophorin","Elix, JA/ Venables, D/ Wedin, M 1994: New dibenzofurans and depsides from the lichen Bunodophoron patagonicum. Australian Journal of Chemistry 47: 1335-1344.",Bunodophoron patagonicum,,acetyl-polymalonyl pathway,depsides,Orcinol Depsides,
isoplacodiolic acid [mycousnine],49,,63,65,,,,27,,p,,x,P.Orange            ,Purple,376,344,260,250,Yellow,,Yellow,,,,"Occurs in Haematomma flexuosum, H. mattogrossense","Isousnic acid, Isopseudoplacodiolic acid, Placodiolic acid, Pseudoplacodiolic acid, Usnic acid References: Elix, JA/ Senanayake, BS/ Kalb, K 1998: The structure of isoplacodiolic acid and isopseudoplacodiolic acid, two new dibenzofuran derivatives from the lichen genus Haematomma. Herzogia 13: 145-149. Sassa, T/ Igarashi, M 1990: Structure of (-)-mycousnine and, (+)-isomycousnine and (+)- Oxymycousnine, new usnic acid derivatives from pathogenic Mycosphaerella nawae. Agricultural and Biological Chemistry 54: 2231. Notes: Occurs in Haematomma flexuosum, H. mattogrossense Isopseudocyphellarin A A: 73 B: x B': 65 C: 78 E: 54 F: x G: x HPLC: 44 V: − UV: + Acid Spray: P.Yellow LW UV: P.Brown Archers: x K: No Result C: Red KC: PD: Yellow Mass Spectrum: 402, 210, 194, 193 Substance Class: β-Orcinol Depsides Biosynthetically Related Compounds: 2'-O-Methylphenarctin, 2'-O-Methylisopseudocyphellarin A, 2'-O- Methylpseudocyphellarin A, Phenarctin, Pseudocyphellarin A, Pseudocyphellarin B","Elix, JA/ Senanayake, BS/ Kalb, K 1998: The structure of isoplacodiolic acid and isopseudoplacodiolic acid, two new dibenzofuran derivatives from the lichen genus Haematomma. Herzogia 13: 145-149. Sassa, T/ Igarashi, M 1990: Structure of (-)-mycousnine and, (+)-isomycousnine and (+)- Oxymycousnine, new usnic acid derivatives from pathogenic Mycosphaerella nawae. Agricultural and Biological Chemistry 54: 2231.","Haematomma flexuosum, H",mycousnine,acetyl-polymalonyl pathway,usnic acid derivatives,Usnic acid derivatives,
isopseudoplacodiolic acid [isomycousnine],44,,48,53,,,,25,,P,,x,P.Orange            ,Purple,376,344,260,250,Yellow,,Yellow,,,,"Occurs in Haematomma flexuosum, H. mattogrossense","Isousnic acid, Isoplacodiolic acid, Placodiolic acid, Pseudoplacodiolic acid, Usnic acid","Elix, JA/ Senanayake, BS/Kalb, K 1998: The structure of isoplacodiolic acid and isopseudoplacodiolic acid, two new dibenzofuran derivatives from the lichen genus Haematomma. Herzogia 13: 145-149.","Haematomma flexuosum, H",isomycousnine,acetyl-polymalonyl pathway,usnic acid derivatives,Usnic acid derivatives,
isorangiformic acid,38,,43,42,,,,,,N,,x,No Result           ,No Result,,,,,,,,,,,Occurs in Lecanora stenotropa,"Norrangiformic acid, Rangiformic acid","Huneck, S 1982: (+)-Isorangiformic acid, a lichen substance from Lecanora stenotropa. Phytochemistry 21: 2407-2408.",Lecanora stenotropa,,acetyl-polymalonyl pathway,aliphatic acids & aliphatic compounds,Aliphatic acids,
isoschizopeltic acid,31,,19,36,,,,15,,P,,x,Purple              ,Purple,,,,,,,,,,,Minor component in Schizopelte california,"Pannaric acid, Pannaric acid 6-methyl ester, Schizopeltic acid","Elix, JA/ Naidu, R 1995: Identification of some minor dibenzofurans in the lichen Schizopelte californica. Bibliotheca Lichenologica 57: 117-126.",,,acetyl-polymalonyl pathway,furans & furanones,Dibenzofurans,
isosphaeric acid,43,,69,53,,,,46,,s,,x,P.Yellow            ,Green,,,,,,,,,,,"Acid Spray: pale yellow, grey halo. LW UV: strong-purple, green halo. Occurs in a chemotype of","4-O-Demethylsphaerophorin, Sphaerophorin","Culberson, CF/ Hale, ME/ Tønsberg, T/ Johnson, A 1984: New depsides from the lichen Dimelaena oreina and Fuscidia viridis. Mycologia 76: 148-160.",a chemotype of Dimelaena oreina,,acetyl-polymalonyl pathway,depsides,Orcinol Depsides,
isostrepsilic acid,10,,11,3,,,,7,,P,,Green,Blue                ,Purple,270,241,228,227,,Green,,,,,Occurs in Usnea orientalis mycobiont,"Hypostrepsilic acid, Strepsilin","Kon, Y/ Iwashina, T/ Kashiwadani, H/ Wardlaw, JH/ Elix, JA 1997: A new dibenzofuran, isostrepsilic acid, produced by cultured mycobiont of the lichenized Ascomycete Usnea orientalis Journal of Japanese Botany 72: 67-71.",Usnea orientalis mycobiont,,acetyl-polymalonyl pathway,furans & furanones,Dibenzofurans,
isosubpicrolichenic acid,34,,37,34,,,,,,P,,x,Grey                ,Purple,,,,,,,Red,,,,Occurs in Pertusaria amara,"Hyperpicrolichenic acid, Isohyperpicrolichenic acid, Picrolichenic acid, Subpicrolichenic acid, Superpicrolichenic acid","Elix, JA/ Calanasan, CA/ Archer, AW 1991: Subpicrolichenic acid and superpicrolichenic acid, two new depsones from Pertusaria lichens. Australian Journal of Chemistry 44: 1487-1493.",Pertusaria amara,,acetyl-polymalonyl pathway,depsones,Depsones,
isousnic acid,75,,76,79,28,,93,41,,G,,x,Green               ,Green,,,,,,,Yellow,,,,Pale yellow pigment. Occurs in Cladonia pleurota,"Placodiolic acid, Pseudoplacodiolic acid, Usnic acid References: Culberson, CF 1969: Chemical and botanical guide to lichen products. Univ. North Carolina Press, Chapel Hill: 170. Huneck, S/ Yoshimura, I 1996: Identification of Lichen Substances. Springer-Verlag, Berlin, Heidelberg, New York: 221. Notes: Pale yellow pigment. Occurs in Cladonia pleurota","Culberson, CF 1969: Chemical and botanical guide to lichen products. Univ. North Carolina Press, Chapel Hill: 170. Huneck, S/ Yoshimura, I 1996: Identification of Lichen Substances. Springer-Verlag, Berlin, Heidelberg, New York: 221.",Cladonia pleurota,,acetyl-polymalonyl pathway,usnic acid derivatives,Usnic acid derivatives,
isovicanicin,68,77,68,70,55,,,35,,G,,x,Green               ,Green,,,,,,,,,,,Occurs in Pannaria atrophylla,"4-O-Methylvicanicin, Norvicanicin, Vicanicin","Elix, JA/ Lajide, L/ Galloway, DJ 1982: Metabolites from the lichen genus Psoroma. Australian Journal of Chemistry 35: 2325-2333.",Pannaria atrophylla,,acetyl-polymalonyl pathway,depsidones,β-Orcinol Depsidones,
jackinic acid,38,,35,37,,,,,,N,,x,No Result           ,No Result,,,,,,,,,,,Occurs in Lepraria jackii,"Norjackinic acid, Toensbergianic acid","Kümmerling, H/ Leuckert, C/ Wirth, V 1994: Chemische Flechtenanalysen. Lepraria jackii Tønsberg. Nova Hedwigia 60: 457-465.",Lepraria jackii,,acetyl-polymalonyl pathway,aliphatic acids & aliphatic compounds,Aliphatic acids,
japonene [japonin],36,,29,32,5,,36,,,P,,x,P. Brown            ,Purple,,,,,,,,,,,Occurs in Heterodermia japonica,"6α-Acetoxyhopane-16β,22-diol, 16β-Acetoxyhopan-6α,22-diol, 6α,16β- Diacetoxyhopane-22-ol, Hopane-6α,22-diol [Zeorin], Hopane-6α,16β,22-triol [Leucotylin]","Elix, JA/Liao, L/Barrow, RA 2018: The structure of japonene, a hopane triterpene from Heterodermia lichens (Physciaceae, Ascomycota). Australasian Lichenology 82: 140–146.",Heterodermia japonica,japonin,mevalonic acid pathway,terpenoids & steroids,Terpenoids,
lactothamnolic acid,5,,20,16,,,,12,,B,,x,Brown               ,Brown,,,,,Yellow,,,Orange,,,Occurs in Siphula ramalinoides,"Hypothamnolic acid, Thamnolic acid, Neothamnolic acid","Elix, JA/ Barclay, CE/ Wardlaw, JH/ Archer, AW/ Sen-hua Yu/ Kantvilas, G 1999: Four new β- orcinol meta-depsides from Pertusaria and Siphula lichens. Australian Journal of Chemistry 52: 837-840.",Siphula ramalinoides,,acetyl-polymalonyl pathway,depsides,β-Orcinol Depsides,
lanosterol,,,,43,,,,,,B,,x,P. Brown            ,Brown,,,,,,,,,,,Occurs in Evernia prunastri,x,"Nicollier, G/ Tabacchi, R/ Gavin, J/ Breton, JL/ Gonzales, AG 1979: Triterpenes de la ‘mousse de chêne’ (Evernia prunastri ((L.) Ach.). Hevetica Chimica Acta 62: 807-810.",Evernia prunastri,,mevalonic acid pathway,terpenoids & steroids,Terpenoids,
lasallic acid,27,,37,13,,,,21,,G,,x,P.Yellow            ,Green,,,,,,Red,,,,,Occurs in Lasallia asiae-orientalis,"Gyrophoric acid, Lecanoric acid","Narui, T/ Takatsuki, S/ Sawada, K/ Okuyama, T/ Culberson, CF/ Culberson, WL/ Shibata, S 1996: Lasallic acid, a tridepside from the lichen Lasallia asiae-orientalis. Phytochemistry 42: 839-844.",Lasallia asiae-orientalis,,,depsides,Orcinol Tridepsides,
lecanoric acid,28,44,44,22,,,56,14,,G,,Orange,Yellow              ,Green,,,,,,Red,,,,,"Acid Spray: yellow, grey halo. Occurs in Parmotrema tinctorum","Diploschistesic acid, Evernic acid, Gyrophoric acid, Methyl lecanorate References: Culberson, CF 1969: Chemical and botanical guide to lichen products. Univ. North Carolina Press, Chapel Hill: 121. Huneck, S/ Yoshimura, I 1996: Identification of Lichen Substances. Springer-Verlag, Berlin, Heidelberg, New York: 264. Notes: Acid Spray: yellow, grey halo. Occurs in Parmotrema tinctorum","Culberson, CF 1969: Chemical and botanical guide to lichen products. Univ. North Carolina Press, Chapel Hill: 121. Huneck, S/ Yoshimura, I 1996: Identification of Lichen Substances. Springer-Verlag, Berlin, Heidelberg, New York: 264.",Parmotrema tinctorum,,acetyl-polymalonyl pathway,depsides,Orcinol Depsides,
lecideoidin,48,47,35,40,4,,,24,,L,,x,No Result           ,Lilac,,,,,,,,,,,Occurs in Tylothallia verrucosa,"Chlorolecideoidin, 3'-Dechlorolecideiodin, Gangaleoidin, Norgangaleoidin","Chester, DO/ Elix, JA/ Jones, AJ 1979: Lecideoidin and 3'-dechlorolecideoidin, new depsidones from an Australian Lecidea (lichen). Australian Journal of Chemistry 32: 1857-1861.",Tylothallia verrucosa,,acetyl-polymalonyl pathway,depsidones,Orcinol Depsidones,
leoidin,62,,54,52,,,,36,,L,,x,No Result           ,Lilac,,,,,,,,,,,"Occurs in Lecanora gangaleoides, L. sulphurescens","Gangaleoidin, Norgangaleoidin","Devlin, JP/ Mahandru, MM/ Ollis, WD/ Smith, C 1986: Phytochemical examination of the lichen, Lecanora gangaleoides Nyl. Journal of the Chemistry Society, Perkin Transactions 1: 1491-1494.","Lecanora gangaleoides, L",,acetyl-polymalonyl pathway,depsidones,Orcinol Depsidones,
lepranthin,52,,,28,,,,,,N,,x,No Result           ,No Result,,,,,,,,,,,Occurs in Arthonia pruinata,x,"Polborn, K/ Steglich, W/ Connelly, JD/ Huneck, S 1995: Structure of the macrocylclic bis lactone lepranthin from the lichen Arthonia impolita: an X-ray analysis. Zeitschrift für Naturforschung 50b: 1111-1114.",Arthonia pruinata,,acetyl-polymalonyl pathway,aliphatic acids & aliphatic compounds,Aliphatic acids,
leprapinic acid,71,59,53,78,35,,,28,+,o,,x,Yellow              ,Brown,,,,,,,,,,,Yellow pigment. LW UV: orange-brown. Occurs in Chrsyothrix chlorina,"Isoleprapinic acid, Leprapinic acid methyl ether References: Culberson, CF 1969: Chemical and botanical guide to lichen products. Univ. North Carolina Press, Chapel Hill: 211. Huneck, S/ Yoshimura, I 1996: Identification of Lichen Substances. Springer-Verlag, Berlin, Heidelberg, New York: 401. Notes: Yellow pigment. LW UV: orange-brown. Occurs in Chrsyothrix chlorina","Culberson, CF 1969: Chemical and botanical guide to lichen products. Univ. North Carolina Press, Chapel Hill: 211. Huneck, S/ Yoshimura, I 1996: Identification of Lichen Substances. Springer-Verlag, Berlin, Heidelberg, New York: 401.",Chrsyothrix chlorina,,shikimic acid pathway,pulvinic acid derivatives,Pulvinic acid derivatives,
leprapinic acid methyl ether,62,,32,54,20,,,14,+,b,,x,Yellow              ,Yellow,,,,,,,,,,,Yellow pigment. LW UV: brownish yellow. Occurs in Chrsyothrix chlorina,"Leprapinic acid References: Culberson, CF 1969: Chemical and botanical guide to lichen products. Univ. North Carolina Press, Chapel Hill: 212. Huneck, S/ Yoshimura, I 1996: Identification of Lichen Substances. Springer-Verlag, Berlin, Heidelberg, New York: 401. Notes: Yellow pigment. LW UV: brownish yellow. Occurs in Chrsyothrix chlorina","Culberson, CF 1969: Chemical and botanical guide to lichen products. Univ. North Carolina Press, Chapel Hill: 212. Huneck, S/ Yoshimura, I 1996: Identification of Lichen Substances. Springer-Verlag, Berlin, Heidelberg, New York: 401.",Chrsyothrix chlorina,,shikimic acid pathway,pulvinic acid derivatives,Pulvinic acid derivatives,
lepraric acid,25,11,8,24,,,,10,,p,,x,P.Brown             ,P.Brown,,,,,Yellow,Green,,,,,Acid Spray: dull yellowish brown; fades to pale red-brown. LW UV: pale green-brown. Occurs in,6α-Hydroxyeugenitin,"Aberhart, DJ/ Overton, KH/ Huneck, S 1969: Studies on lichen substances. Part LXII. Aromatic constituents of the lichen Roccella portentosa. Journal of the Chemical Society (C): 704-707.",Roccella fuciformis,,acetyl-polymalonyl pathway,chromones,Chromones,
leprolomin,63,55,49,54,35,,,19,,b,,x,Green               ,Green,,,,,,,,,,,"Acid Spray: pea-green, eventually fades to dull yellow. LW UV: brown, green halo. Occurs in Pannaria","Contortin, O-methylleprolomin, Usnic acid","Elix, JA/ Engkaninan, U/ Jones, AJ/ Raston, CL/ Sargent, MV/ White, AH 1978: Chemistry and crystal structure of leprolomin, a novel diphenyl ether from the lichen Psoroma leprolomum (Nyl.) Ras. Australian Journal of Chemistry 31: 2057-2068.",Pannaria farinosa,,acetyl-polymalonyl pathway,diphenyl ethers,Diphenyl ethers,
letrouitic acid,58,,50,46,,,,26,,P,,Green,Blue                ,Purple,390,374,372,,,Green,,,,,Minor component in Letrouitia vulpina,"8-Chlorodioxocondidymic acid, 8-Chlorodioxodidymic acid, 8- Chlorooxodidymic acid, Dioxocondidymic acid, Dioxodidymic acid, Oxodidymic acid","Johansson, S/ Søchting, U/ Elix, JA/ Wardlaw, JH 2005: Chemical variation in the lichen genus Letrouitia (Ascomycota, Letrouitiaceae). Mycological Progress 4: 139-148.",,,acetyl-polymalonyl pathway,furans & furanones,Dibenzofurans,
lichesterinic acid,44,63,58,43,,,,42,,L,,x,No Result           ,Lilac,,,,,,,,,,,Occurs in Cetraria islandica,"Constipatic acid, Isonephrosterinic acid, Protolichesterinic acid References: Culberson, CF 1969: Chemical and botanical guide to lichen products. Univ. North Carolina Press, Chapel Hill: 102. Huneck, S/ Yoshimura, I 1996: Identification of Lichen Substances. Springer-Verlag, Berlin, Heidelberg, New York: 146. Notes: Occurs in Cetraria islandica","Culberson, CF 1969: Chemical and botanical guide to lichen products. Univ. North Carolina Press, Chapel Hill: 102. Huneck, S/ Yoshimura, I 1996: Identification of Lichen Substances. Springer-Verlag, Berlin, Heidelberg, New York: 146.",Cetraria islandica,,acetyl-polymalonyl pathway,aliphatic acids & aliphatic compounds,Aliphatic acids,
lichexanthone,72,72,66,75,52,,,45,,B,,No Result,P.Yellow            ,B.Blue,,,,,,,,,,,Occurs in Hypotrachyna osseoalba,"Griseoxanthone-C, Norlichexanthone References: Culberson, CF 1969: Chemical and botanical guide to lichen products. Univ. North Carolina Press, Chapel Hill: 179. Huneck, S/ Yoshimura, I 1996: Identification of Lichen Substances. Springer-Verlag, Berlin, Heidelberg, New York: 208. Notes: Occurs in Hypotrachyna osseoalba","Culberson, CF 1969: Chemical and botanical guide to lichen products. Univ. North Carolina Press, Chapel Hill: 179. Huneck, S/ Yoshimura, I 1996: Identification of Lichen Substances. Springer-Verlag, Berlin, Heidelberg, New York: 208.",Hypotrachyna osseoalba,,acetyl-polymalonyl pathway,xanthones & ergochromes,Xanthones,
lividic acid,32,35,37,31,,,,20,,P,,x,Green               ,Purple,,,,,P.Yellow,,Red-brown,,,,"Acid Spray: pea-green, same as oxyphysodic acid. Occurs in Hypotrachyna osseoalba","Colensoic acid, 4-O-Methylphysodic acid, Oxyphysodic acid, Physodic acid","Elix, JA/ Engkaninan, U 1976. The structure of lividic acid. A depsidone from the lichen Parmelia formosana. Australian Journal of Chemistry 29: 203-207.",Hypotrachyna osseoalba,,acetyl-polymalonyl pathway,depsidones,Orcinol Depsidones,
lobaric acid,30,46,47,38,,,,30,,B,,x,Grey                ,B.Blue,,,,,P.Yellow,,,,,,Acid Spray: weak-grey; strong-green. Medulla flouresces blue if large amount present. Occurs in,"Oxolobaric acid, Norlobaridone, Sublobaric acid References: Culberson, CF 1969: Chemical and botanical guide to lichen products. Univ. North Carolina Press, Chapel Hill: 137. Huneck, S/ Yoshimura, I 1996: Identification of Lichen Substances. Springer-Verlag, Berlin, Heidelberg, New York: 335. Notes: Acid Spray: weak-grey; strong-green. Medulla flouresces blue if large amount present. Occurs in Protoparmelia badia","Culberson, CF 1969: Chemical and botanical guide to lichen products. Univ. North Carolina Press, Chapel Hill: 137. Huneck, S/ Yoshimura, I 1996: Identification of Lichen Substances. Springer-Verlag, Berlin, Heidelberg, New York: 335.",Protoparmelia badia,,acetyl-polymalonyl pathway,depsidones,Orcinol Depsidones,
lobodirin,,,,,,,,,+,P,,x,P.Brown             ,P.Brown,,,,,,,,,,,Pale yellow pigment. Occurs in Occurs in Roccellina cerebriformis,6α-Hydroxyeugenitin,"Huneck, S/ Jakupovic, J/ Follmann, G 1992: The final structures of the lichen chromones galapagin, lobodirin, mollin and roccellin. Zeitschrift für Naturforschung 47B: 449-451.",Occurs in Roccellina cerebriformis,,acetyl-polymalonyl pathway,chromones,Chromones,
loxodellic acid,39,42,42,38,,,,22,,p,,x,Orange              ,B.Blue,,,,,,,Pink,,,,"Acid Spray: pale orange, grey halo. LW UV: pale blue. Occurs in Xanthoparmelia loxodella","4-O-Demethylloxodellic acid, Glomellic acid, Glomelliferic acid, Perlatolic acid","Culberson, CF/ Esslinger, TL 1976: 4-O-Methylolivetoric and loxodellic acids: new depsides from new species of brown Parmeliae. Bryologist 79: 42-46.",Xanthoparmelia loxodella,,acetyl-polymalonyl pathway,depsides,Orcinol Depsides,
loxodellonic acid,38,,35,35,,,,19,,s,,x,P.Yellow            ,Purple,,,,,,,,,,,"Acid Spray: pale yellow, grey halo. LW UV: strong-dark blue, purple halo. Occurs in Xanthoparmelia","Glomelliferonic acid, Glomellonic acid","Elix, JA/ Jenie, UA/ Jenkins, GA 1987: Three new depsidones from the lichen Neofuscelia subincerta. Australian Journal of Chemistry 40: 2031-2036..",Xanthoparmelia subincerta,,acetyl-polymalonyl pathway,depsidones,Orcinol Depsidones,
loxodin [methyl norlobariate],50,40,40,36,28,,,28,,B,,x,Green               ,B.Blue,,,,,,,Pink,,,,Occurs in Xanthoparmelia flavescentireagens,"Conloxodin, Conorlobaridone, Norlobaridone","Komiya, T/ Kurokawa, S 1970: Loxodin, a depsidone of lichens of Parmelia species. Phytochemistry 9: 1139-1140.",Xanthoparmelia flavescentireagens,methyl norlobariate,acetyl-polymalonyl pathway,depsidones,Orcinol Depsidones,
lupeol,60,,70,56,52,,70,,,p,,x,P.Purple            ,Orange,,,,,,,,,,,"LW UV: pale orange, fades to pale pink. Occurs in Flavocetraria nivalis",Lupeone,"Bruun, T 1969: Triterpenoids in Cetraria nivalis (L.) Ach. Acta Chemica Scandanavica 23: 3038-3042.",Flavocetraria nivalis,,mevalonic acid pathway,terpenoids & steroids,Terpenoids,
lupeone [lup-20(29)-ene-3-one],,,,,,,,,,x,,x,x                   ,x,,,,,,,,,,,Occurs in Claonia macronesica,Lupeol,"Gonzáles, AG/ Barrera, JB/ Rodrigues Pérez, EM/ Hernández Padrón, CE 1991: Chemical constituents of the lichen Cladina macronesica. Zeitschrift für Naturforschung 46c: 12-18.",Claonia macronesica,lup-20(29)-ene-3-one,mevalonic acid pathway,terpenoids & steroids,Terpenoids,
lusitanic acid,39,,7,26,,,49,12,,O,,x,Orange              ,Orange,416,372,224,191,,,,,,,Minor component in Xanthoparmelia verrucigera,"Constictic acid, Cryptostictic acid, Verrucigeric acid, Norstictic acid, Stictic acid, Methyl stictic acid","Elix, JA/Wardlaw, JH 2000: Lusitanic acid, peristictic acid and verrucigeric acid, three new β-orcinol depsidones form the lichens Relicina sydneyensis and Xanthoparmelia verrucigera. Australian Journal of Chemistry 53: 815-818.",,,acetyl-polymalonyl pathway,depsidones,β-Orcinol Depsidones,
malonprotocetraric acid,2,,16,4,,,21,17,,P,,x,Grey                ,Purple,,,,,,,,Red,,,Occurs in Parmotrema conformatum,"Fumarprotocetraric acid, Protocetraric acid, Succinprotocetraric acid","Keogh, MF 1977: Malonprotocetraric acid from Parmotrema conformatum. Phytochemistry 16: 1102.",Parmotrema conformatum,,acetyl-polymalonyl pathway,depsidones,β-Orcinol Depsidones,
megapicrolichenic acid,46,,65,46,,,,53,,P,,x,P.Yellow            ,Purple,,,,,,,Red,,,,Minor component in Pertusaria truncata,"Hyperpicrolichenic acid, Isohyperpicrolichenic acid, Isomegapicrolichenic acid, Picrolichenic acid, Superpicrolichenic acid","Elix, JA/ Venables, D/ Archer, AW 1994: 70. Further new depsones from the lichen Pertusaria truncata. Australian Journal of Chemistry 47: 1345-1353.",,,acetyl-polymalonyl pathway,depsones,Depsones,
melacarpic acid,48,75,54,49,,,,40,,d,,Green,Grey                ,Lilac,,,,,,Green,,,,,"Acid Spray: blue-grey. LW UV: dark purple, bright violet halo. Occurs in Neophyllis melacarpa","Congrayanic acid, 4-O-Demethylgrayanic acid, Grayanic acid","Chester, DO/ Elix, JA 1980: A new dibenzofuran and diphenyl ether from the lichen Gymnoderma melacarpum. Australian Journal of Chemistry 33: 1153-1156.",Neophyllis melacarpa,,acetyl-polymalonyl pathway,furans & furanones,Dibenzofurans,
menegazziaic acid,19,,14,12,,,36,5,,P,,x,Grey                ,Purple,,,,,,,,,,,Occurs in Menegazzia terebrata,"Constictic acid, Cryptostictic acid, Norstictic acid, Peristictic acid, Stictic acid","Hirayama, T/ Fujikawa, F/ Yosioka, I/ Kitagawa, I 1976: On the constituents of the lichen in the genus Menegazzia. Menegazziaic acid, a new depsidone from Menegazzia asahinae (Yas. ex Zahlbr.) Sant. and Menegazzia terebrata (Hoffm.) Mass. Chemical and Pharmaceutical Bulletin (Tokyo) 24: 2340-2344.",Menegazzia terebrata,,acetyl-polymalonyl pathway,depsidones,β-Orcinol Depsidones,
meritosporic acid,36,,,40,,,,10,,P,,x,Blue-green          ,Purple,,,,,,,,,,,Occurs in Laurera meritospora,x,New report,Laurera meritospora,,unknown,unknown,unknown,
merochlorophaeic acid,52,56,50,53,,,,26,,P,,Orange,P.Brown             ,Purple,,,,,D.Red,Red,,,,,Acid Spray: fades to pink. Occurs in Cladonia merochlorophaea,"Boninic acid, Cryptochlorophaeic acid, Homosekikaic acid 4-O- Methylcryptochlorophaeic acid, Paludosic acid, Ramalinolic acid References: Culberson, CF 1969: Chemical and botanical guide to lichen products. Univ. North Carolina Press, Chapel Hill: 131. Huneck, S/ Yoshimura, I 1996: Identification of Lichen Substances. Springer-Verlag, Berlin, Heidelberg, New York: 265. Notes: Acid Spray: fades to pink. Occurs in Cladonia merochlorophaea","Culberson, CF 1969: Chemical and botanical guide to lichen products. Univ. North Carolina Press, Chapel Hill: 131. Huneck, S/ Yoshimura, I 1996: Identification of Lichen Substances. Springer-Verlag, Berlin, Heidelberg, New York: 265.",Cladonia merochlorophaea,,acetyl-polymalonyl pathway,depsides,Orcinol Depsides,
3-methoxycolensoic acid,44,,61,47,,,,50,,p,,x,P.Yellow            ,Pink,,,,,,,Red-brown,,,,"Acid Spray: pale yellow, fades to yellow-brown. LW UV: purple-pink. Occurs in Hypotrachyna livida","Colensoic acid, 3-Hydroxycolensoic acid, Lividic acid, Oxyphysodic acid, Physodic acid","Djura, P/ Sargent, MV/ Elix, JA/ Engkaninan, U/ Huneck, S/ Culberson, CF 1977: Depsidone synthesis VIII. Isolation and structure determination of hydroxy- and methoxycolensoic acids. Synthesis of Methyl methoxy-O-methylcolensoate. Australian Journal of Chemistry 30: 599-607.",Hypotrachyna livida,,acetyl-polymalonyl pathway,depsidones,Orcinol Depsidones,
"3-methoxy-2,4-di-o-methylgyrophoric acid",30,33,37,39,,,,26,,G,,x,Yellow              ,Green,,,,,D.Red,Red,,,,,"Acid Spray: strong yellow, grey halo. Occurs in Hypotrachyna subfatiscens","2,4-Di-O-methylgyrophoric acid, Gyrophoric acid, 3-Hydroxyumbilicaric acid, 3-Methoxyumbilicaric acid, 5-O-Methylhiascic acid, Umbilicaric acid","Elix, JA/ Jayanthi, VK 1981: 3-Methoxy-2,4-di-O-methylgyrophoric acid: a novel tridepside from the lichen Parmelia subfatiscens. Australian Journal of Chemistry 34: 1153-1156.",Hypotrachyna subfatiscens,,,depsides,Orcinol Tridepsides,
5-methoxylecanoric acid,33,,40,29,,,,18,,G,,x,P.Yellow            ,Green,348,198,181,180,,Red,,,,,Minor component in Melanelia glabratula,"Lecanoric acid, 5-O-Methylhiascic acid","Elix, JA/ Jayanthi, VK 2003: 5-Methoxylecanoric acid, a new depside from Melanelia glabratula. Australasian Lichenology 53: 10-13.",,,acetyl-polymalonyl pathway,depsides,Orcinol Depsides,
methoxymicareic acid,45,,69,54,,,,50,,O,,x,Yellow              ,Orange,,,,,,,,,,,Occurs in Micarea micrococca,"Micareic acid, Superlatolic acid","Elix, JA/ Lajide, L/ Coppins, BJ/ James, PW 1984: Two new diphenyl ethers and a new depside from the lichen Micarea prasina Fr. Australian Journal of Chemistry 37: 2397-2402.",Micarea micrococca,,acetyl-polymalonyl pathway,diphenyl ethers,Diphenyl ethers,
3-methoxy-5-pentylphenol,65,70,,53,,,,,,G,,x,Yellow              ,Green,,,,,,,,,,,"Possibly an artefact, reported to occur in Cladonia macronesica","2-Hydroxy-4-methoxy-6-pentylbenzoic acid, Olivetol, Perlatolic acid","Gonzáles, AG/ Barrera, JB/ Rodrigues Pérez, EM/ Hernández Padrón, CE 1991: Chemical constituents of the lichen Cladina macronesica. Zeitschrift für Naturforschung 46c: 12-18.",,,shikimic acid pathway,monocyclic aromatic derivatives & compounds,Monocyclic aromatic derivatives,
2-methoxypsoromic acid,35,,44,39,,,,22,-,B,,No Result,Brown               ,Brown,388,360,359,342,,,,P.Yellow,,,Occurs in Sulcaria sulcata,2-Hydroxypsoromic acid,"Elix, JA/ Wardlaw, JH/ Archer, AW/ Obermayer, W 1999: 2-Methoxypsoromic acid, a new lichen depsidone from Pertusaria and Sulcaria species. Australasian Lichenology 52: 717-719.",Sulcaria sulcata,,acetyl-polymalonyl pathway,depsidones,β-Orcinol Depsidones,
3-methoxyumbilicaric acid,28,,32,32,,,52,21,,G,,x,P.Yellow            ,Green,,,,,,,,,,,Occurs in Hypotrachyna bonariensis,"Gyrophoric acid, Lecanoric acid, 3-Hydroxygyrophoric acid, 3-Methoxy- 2,4-di-O-methylgyrophoric acid, 3-Hydroxyumbilicaric acid, Umbilicaric acid","Elix, JA/ Yu, J/ Adler, MT 1989: 3-Hydroxyumbilicaric acid and 3-methoxyumbilicaric acid, new tridepsides from the lichen Hypotrachyna bonariensis. Australian Journal of Chemistry 42: 765-770.",Hypotrachyna bonariensis,,,depsides,Orcinol Tridepsides,
methyl 3-o-acetoxypyxinate,,,,38,19,,44,,,O,,x,Pink                ,Orange,,,,,,,,,,,Occurs in Pyxine endochrysina,"3β-Acetoxy-20,24-epoxydammarane-12β,25-diol, 3β,25-Diacetoxy-20,24- epoxydammarane, 3β,25-Diacetoxy-20,24-epoxydammarane-12β-ol, 20,24-Epoxydammarane-3β,12β,25-triol, Methyl pyxinate","Yosioka, I/ Yamauchi, H/ Kitagawa, I 1972: Lichen triterpenoids. V. On the neutral triterpenes of Pyxine endochrysina Nyl., Chemical and Parmaceutical Bulletin (Tokyo) 20: 502-513.",Pyxine endochrysina,,mevalonic acid pathway,terpenoids & steroids,Terpenoids,
9-o-methylalternariol [alternariol monomethyl ether],45,,37,32,,,,17,,P,,x,P.Yellow            ,Purple,272,,,,,,,,,,Occurs in Pertusaria praecipua,Alternariol,"Archer, AW/Elix, JA 1998: The lichen genus Pertusaria (Lichenised Ascomycotina) in Papua New Guinea: three new species and two new reports. Mycotaxon 69: 311-318.",Pertusaria praecipua,alternariol monomethyl ether,acetyl-polymalonyl pathway,coumarins,"3,4-Benzocoumarins",
2'-o-methylanziaic acid,46,40,42,34,,,,29,,G,,x,P.Yellow            ,Green,,,,,,Red,,,,,"Acid Spray: strong yellow, grey halo. Occurs in Lecidea diducens. L. spierodes","Anziaic acid, 2'-O-Methylperlatolic acid","Culberson, CF/ Hertel, H 1972: 2’-O-Methylanziaic acid, a new depside from Lecidea diducens and Lecidea spierodes. Bryologist 75: 372-376.",Lecidea diducens,,acetyl-polymalonyl pathway,depsides,Orcinol Depsides,
"6-o-methylarthothelin [granulosin, 2,4,5-trichloro-6-o-methylnorlichexanthone]",63,,56,60,8,36,,48,+,Y,,x,Orange              ,Yellow,,,,,,Orange,,,,,Pale yellow pigment. Occurs in Dimelaena elevata,"Arthothelin, 2,5-Dichloro-6-O-methylnorlichexanthone, 4,5-Dichloro-6- O-methylnorlichexanthone, Thiophaninic acid, 2,4,5-Trichlorolichexanthone","Elix, JA/ Bennett, SA 1990: 6-O-Methylarthothelin and 1,3,6-tri-O-methylarthothelin, two new xanthones from a Dimelaena lichen. Australian Journal of Chemistry 43: 1587-1590.",Dimelaena elevata,"granulosin, 2, 4, 5-trichloro-6-o-methylnorlichexanthone",acetyl-polymalonyl pathway,xanthones & ergochromes,Xanthones,
methyl ascomatate,67,,53,53,48,86,,42,,P,,x,B.Blue              ,Purple,,,,,,,,,,,Occurs in Bunodophoron patagonicum,"Ascomatic acid, Hypostrepsilic acid, 7-O-Methylnorascomatic acid","Elix, JA/ Venables, D/ Wedin, M 1994: 70. New dibenzofurans and depsides from the lichen Bunodophoron patagonicum. Australian Journal of Chemistry 47: 1335-1344.",Bunodophoron patagonicum,,acetyl-polymalonyl pathway,furans & furanones,Dibenzofurans,
"3-o-methylasemone [4,5,7-trichloro-3-o-methylnorlichexanthone]",66,,64,65,11,32,,51,+,Y,,x,Yellow              ,Yellow,,,,,,,,,,,Pale yellow pigment. Occurs in Lecidella asema,"Asemone, 5,7-Dichloro-3-O-methylnorlichexanthone, 3-O- Methylthiophanic acid, Thiophanic acid, 4,5,7-Trichlorolichexanthone","Sundholm, EG 1979: Synthesis and 13C NMR Spectra of some 5-chloro substituted lichen xanthones. Acta Chemica Scandanavica 33B: 475-482.",Lecidella asema,"4, 5, 7-trichloro-3-o-methylnorlichexanthone",acetyl-polymalonyl pathway,xanthones & ergochromes,Xanthones,
"6-o-methylasemone [4,5,7-trichloro-6-o-methylnorlichexanthone]",64,,74,49,27,39,,49,+,Y,,x,Yellow              ,Yellow,,,,,,Orange,,,,,Pale yellow pigment. Occurs in Pertusaria pycnothelia,"Asemone, 6-O-Methylthiophanic acid, Thiophanic acid, 4,5,7- Trichlorolichexanthone","Elix, JA/ Crook, CE 1992: The joint occurrence of chloroxanthones in lichens, and a further thirteen new lichen xanthones. Bryologist 95: 52-64.",Pertusaria pycnothelia,"4, 5, 7-trichloro-6-o-methylnorlichexanthone",acetyl-polymalonyl pathway,xanthones & ergochromes,Xanthones,
2'-o-methylatranorin,73,53,51,72,43,,,,,o,,x,Orange              ,Orange,,,,,Yellow,,,Yellow,,,"LW UV: orange, pale yellow halo. Occurs in Oropogon loxensis",Atranorin,"Culberson, CF/ Culberson, WL 1978: β-Orcinol derivatives in lichens: biogenetic evidence from Oropogon loxensis. Experimental Mycology 2: 245-247.",Oropogon loxensis,,acetyl-polymalonyl pathway,depsides,β-Orcinol Depsides,
6-o-methylaverantin,,,,,,,,,+,O,,x,Yellow              ,Orange,,,,,Violet,,,,,,Yellow-orange pigment. Occurs in Solorina crocea,"Averythrin, 6-O-Methylaverythrin, Norsolorinic acid, Solorinic acid","Steglich, W/ Jedtke, K-F 1976: Neue Anthachinonfarbstoffe aus Solorina crocea. Zeitschrift für Naturforschung 31C: 197-198.",Solorina crocea,,acetyl-polymalonyl pathway,quinones,Anthraquinones,
6-o-methylaverythrin,62,,61,49,31,,,57,+,P,,x,P.Red               ,Pink,,,,,Violet,,,,,,Red-orange pigment. Occurs in Solorina crocea,": Averythrin, 6-O-Methylaverantin, Norsolorinic acid, Solorinic acid","Ebizuka, Y/ Sankawa, U/ Shibata, S 1970: The constituents of Solorina crocea: averythrin 6- monomethyl ether and methyl gyrophorate. Phytochemistry 9: 2061-2063.",Solorina crocea,,acetyl-polymalonyl pathway,quinones,Anthraquinones,
methyl barbatate,77,,73,86,61,,,47,,s,,x,P.Yellow            ,P.Yellow,,,,,,,Yellow,,,,"Acid Spray: Pale yellow, grey halo. LW UV: strong purple, pale yellow halo. Occurs in Haematomma","Barbatic acid, Methyl 5-chloro-4-O-demethylbarbatate, Methyl 4-O- demethylbarbatate, Methyl 3α-hydroxy-4-O-demethylbarbatate","Culberson, CF/ Culberson, WL/ Johnson, A 1986: Two new lichen products, elatinic acid and methyl barbatate, from the genus Haematomma (Ascomycotina, Haematommaceae). Mycologia 78: 888- 891.",Haematomma ochrophaeum,,acetyl-polymalonyl pathway,depsides,β-Orcinol Depsides,
4-o-methylconhypoprotocetraric acid,45,,,31,,,46,15,,B,,x,Brown               ,Brown,,,,,,,,,,,Occurs in Xanthoparmelia competita,"4-O-Methylhypoprotocetraric acid, Conhypoprotocetraric acid","Elix, JA/ Wardlaw, JH 2000: 4-O-Methylconhypoprotocetraric acid, a new β-orcinol depsidone from the lichen Xanthoparmelia competita. Australian Journal of Chemistry 53: 1009-1010.",Xanthoparmelia competita,,acetyl-polymalonyl pathway,depsidones,β-Orcinol Depsidones,
methyl 5-chloro-4-o-demethylbarbatate,68,,74,71,60,,,40,,P,,x,P.Yellow            ,P.Yellow,,,,,,Red,,,,,Occurs in a chemotype of Erioderma pycnidiferum,"4-O-Demethylbarbatic acid, Methyl barbatate, Methyl 5- chloronorobtusatate, Methyl 4-O-demethylbarbatate, Methyl eriodermate","Elix, JA/ Mahadevan, I/ Wardlaw, JH/ Arvidsson, L/ Jørgensen, PM 1987: New depsides from Erioderma lichens. Australian Journal of Chemistry 40: 1581-1590.",a chemotype of Erioderma pycnidiferum,,acetyl-polymalonyl pathway,depsides,β-Orcinol Depsides,
methyl 5-chloronorobtusatate,68,,68,72,56,,,32,,s,,x,P.Yellow            ,Green,,,,,,Red,,,,,"Acid Spray: pale yellow, grey halo. LW UV: strong-purple, green halo. Occurs in a chemotype of","4-O-Demethylbarbatic acid, Methyl barbatate, Methyl 5-chloro-4-O- demethylbarbatate, Methyl 4-O-demethylbarbatate, Methyl eriodermate","Elix, JA/ Chester, DO/ Gaul, KL/ Parker, JL/ Wardlaw, JH 1989: The identification of further lichen β-orcinol para-depsides. Australian Journal of Chemistry 42: 1191-1199.",a chemotype of Erioderma pycnidiferum,,acetyl-polymalonyl pathway,depsides,Orcinol β-Orcinol Depsides,
2-o-methylconfluentic acid,43,,25,44,,,,28,,B,,x,P.Yellow            ,B.Blue,,,,,,,,,,,"Acid Spray: strong yellow, grey halo. Occurs in an Lecidea fuscoatra","Confluentic acid, 2-O-Methylperlatolic acid, Planaic acid","Huneck, S/ Schreiber, K 1974: 2-O-Methylconfluentinsäure: ein neues Depsid aus Lecidea fuscoatra. Phytochemistry 13: 221-224.",an Lecidea fuscoatra,,acetyl-polymalonyl pathway,depsides,Orcinol Depsides,
3-o-methylconsalazinic acid [cryptoconstictic acid],1,1,1,1,,,6,0,,O,,x,Orange              ,Orange,,,,,,,,,,,Minor component in Parmotrema crinitum,"Consalazinic acid, Constictic acid, Stictic acid","Culberson, CF/ Culberson, WL/ Johnson, A1981: A standardized TLC analysis of β-orcinol depsidones. Bryologist 84: 16-29 [as unknown Pcr-3].",,cryptoconstictic acid,acetyl-polymalonyl pathway,depsidones,β-Orcinol Depsidones,
8'-methylconstictic acid [methyl pseudoconstictate],,,,,,,,,,O,,x,Orange              ,Orange,370,342,,,Yellow,,,Orange,,,reported to occur in Hypotrachyna revoluta [but probably a misdetermination of Parmotrema perlatum],"Connorstictic acid, Constictic acid, Cryptostictic acid, Menegazziaic acid, Methyl stictic acid, Norstictic acid, Stictic acid","Papadopoulou, P/ Tzakou, O/ Vagias, C/ Kefalas, P/ Roussis, V 2007: β-Orcinol Metabolites from the lichen Hypotrachyna revoluta. Molecules 12: 997-1005.",,methyl pseudoconstictate,acetyl-polymalonyl pathway,depsidones,β-Orcinol Depsidones,
"6-methylcristazarin [2-ethyl-3,5,8-trihydroxy-6-methoxy-7-methylnaphtho-1,4-quinone]",44,,50,35,4,,,,+,M,,x,Purple              ,Magenta,,,,,Red,,,,,,Purple pigment. Occurs in cultures of Cladonia cristatella,"Boryquinone, Cristazarin, 7-Demethylcristazarin","Yamamoto, Y/ Matsubara, H/ Kinoshita, Y/ Kinoshita, K/ Koyama, K/ Takahashi, K/ Ahmadjian, V/ Kurokawa, T/ Yoshimura, I 1996: Naphthazarin derivatives from cultures of the lichen Cladonia cristatella. Phytochemistry 43: 1239.",cultures of Cladonia cristatella,"2-ethyl-3, 5, 8-trihydroxy-6-methoxy-7-methylnaphtho-1, 4-quinone",acetyl-polymalonyl pathway,quinones,Naphthaquinones,
4'-o-methylcryptochlorophaeic acid,32,,18,27,,,,26,,s,,x,Orange              ,Green,,,,,,,,,,,"Acid Spray: pale orange. LW UV:strong-purple, green halo. Occurs in Ramalina asahinae","Cryptochlorophaeic acid, 2,4'-Di-O-methylnorsekikaic acid, 4'-O- Methylnorhomosekikaic acid, 4'-O-Methylnorsekikaic acid, 4'-O-Methylpaludosic acid","Elix, JA/ Wardlaw, JH 1986: The synthesis of new meta-depsides from Ramalina lichens. Australian Journal of Chemistry 39: 227-231.",Ramalina asahinae,,acetyl-polymalonyl pathway,depsides,Orcinol Depsides,
4-o-methylcryptochlorophaeic acid,54,,56,66,,,,32,,B,,Red-brown,Pink                ,Brown,,,,,,,,,,,Occurs in Cladonia merochlorophaea,"Cryptochlorophaeic acid, Homosekikaic acid, Merochlorophaeic acid, Paludosic acid","Culberson, CF/ Kristinsson, H 1969: Studies on the Cladonia chlorophaea group.: a new species, a new meta-depside, and the identity of ‘novochlorophaeic acid’. Bryologist 72: 431-442.",Cladonia merochlorophaea,,acetyl-polymalonyl pathway,depsides,Orcinol Depsides,
methyl 4-o-demethylbarbatate,59,57,59,47,43,,,31,,s,,x,Yellow              ,P.Yellow,,,,,,Red,,,,,"Acid Spray: yellow, grey halo. LW UV: strong-purple, grey halo. Occurs in an Oropogon loxensis","Atranorin, 4-O-Demethylbarbatic acid, Methyl barbatate, Methyl 5- chloro-4-O-demethylbarbatate, Methyl 3α-hydroxy-4-O-demethylbarbatate","Culberson, CF/ Culberson, WL 1978: β-Orcinol derivatives in lichens: biogenetic evidence from Oropogon loxensis. Experimental Mycology 2: 245-247.",an Oropogon loxensis,,acetyl-polymalonyl pathway,depsides,β-Orcinol Depsides,
methyl 2’-o-demethylpsoromate,52,,44,42,15,,,39,,B,,x,Brown               ,Brown,358,,,,,,,P.Yellow,,,Minor component in Lecanora intumescens,"Psoromic acid, 2'-O-Demethylpsoromic acid, Methyl psoromate","Elix, JA/ Wardlaw, JH/ Archer, AW/Lumbsch, HT/ Plümper, M 1997: Four new lichen depsidones from Pertusaria and Lecanora lichens. Australasian Lichenology 41: 22-27.",,,acetyl-polymalonyl pathway,depsidones,β-Orcinol Depsidones,
"methyl 3,4-dicarboxy-3-hydroxy-19-oxoeicosanoate",10,,,,,,,,,N,,x,No Result           ,No Result,,,,,,,,,,,Best seen on wet plate after spraying but before charring. Occurs in Usnea meridensis,"Caperatic acid, Norcaperatic acid","Keogh, MF/ Duran, I 1977: A new fatty acid from Usnea meridensis. Phytochemistry 16: 1605-1606.",Usnea meridensis,,acetyl-polymalonyl pathway,aliphatic acids & aliphatic compounds,Aliphatic acids,
"methyl 3,5-dichlorolecanorate [tumidulin]",67,62,57,58,21,,,24,,G,,x,Yellow              ,Green,,,,,,Red,,,,,"Acid Spray: yellow, grey halo. Occurs in Ramalina timidula","3,5-Dichlorolecanoric acid References: Culberson, CF 1969: Chemical and botanical guide to lichen products. Univ. North Carolina Press, Chapel Hill: 123. Huneck, S/ Yoshimura, I 1996: Identification of Lichen Substances. Springer-Verlag, Berlin, Heidelberg, New York: 269. Notes: Acid Spray: yellow, grey halo. Occurs in Ramalina timidula","Culberson, CF 1969: Chemical and botanical guide to lichen products. Univ. North Carolina Press, Chapel Hill: 123. Huneck, S/ Yoshimura, I 1996: Identification of Lichen Substances. Springer-Verlag, Berlin, Heidelberg, New York: 269.",Ramalina timidula,tumidulin,acetyl-polymalonyl pathway,depsides,Orcinol Depsides,
"methyl 2,7-dichloronorpsoromate[methyl 5,1'-dichloronorpsoromate]",55,47,,50,17,,,22,,Y,,x,Yellow              ,Yellow,,,,,,,,P.Yellow,,,Occurs in Phyllopsora swinscowii,"Methyl 2,7-dichloropsoromate, Methyl psoromate","Elix, JA/ Venables, DA/ Brako, L 1990: New chlorine-containing depsidones from the lichen Phyllopsora corallina var. ochroxantha. Australian Journal of Chemistry 43: 1953-1959.",Phyllopsora swinscowii,"methyl 5, 1'-dichloronorpsoromate",acetyl-polymalonyl pathway,depsidones,β-Orcinol Depsidones,
"methyl 2,7-dichloropsoromate [methyl 5,1'-dichloropsoromate]",73,,60,78,27,,,32,,Y,,x,Yellow              ,Yellow,,,,,,,,P.Yellow,,,Occurs in Phyllopsora swinscowii,"Methyl 2,7-dichloronorpsoromate, Methyl psoromate","Elix, JA/ Venables, DA/ Brako, L 1990: New chlorine-containing depsidones from the lichen Phyllopsora corallina var. ochroxantha. Australian Journal of Chemistry 43: 1953-1959.",Phyllopsora swinscowii,"methyl 5, 1'-dichloropsoromate",acetyl-polymalonyl pathway,depsidones,β-Orcinol Depsidones,
"methyl 2,2'-di-o-methyldivaricatate",64,,42,64,50,,,27,,G,,No Result,P.Yellow            ,Green,430,208,207,,,,,,,,Minor component in Pertusaria oraraensis,"2-O-Methyldivaricatic acid, Methyl 2-O-methyldivaricatate","Elix, JA/ Wardlaw, JH/ Archer, AW 1999: New depsides from Pertusaria lichens. Australasian Lichenology 44: 9-15.",,,acetyl-polymalonyl pathway,depsides,Orcinol Depsides,
"methyl 2,2'-di-o-methyleriodermate",63,,47,58,35,,,25,,s,,x,P.Yellow            ,P.Yellow,,,,,,,,,,,"Acid Spray: pale yellow, grey halo. LW UV: strong-purple, pale yellow halo. Minor component in","Methyl barbatate, Methyl 5-chloro-4-O-demethylbarbatate, Methyl 5- chloronorobtusatate, Methyl eriodermate, Methyl 2'-O-methyleriodermate, Methyl 2-O-methyleriodermate, Methyl 4-O-methyleriodermate","Elix, JA/ Mahadevan, I/ Wardlaw, JH/ Arvidsson, L/ Jørgensen, PM 1987: New depsides from Erioderma lichens. Australian Journal of Chemistry 40: 1581-1590.",,,acetyl-polymalonyl pathway,depsides,Orcinol Depsides,
"methyl 2’,2""-di-o-methylgyrophorate",47,,22,32,20,,,28,,G,,No Result,P.Yellow            ,Green,360,329,196,165,,,,,,,Minor component in Pseudocyphellaria billardierei,"Gyrophoric acid, Methyl gyrophorate, Tenuiorin, Methyl ovoate, 2""-O- Methyltenuiorin, 2'-O-Methyltenuiorin, 2',2""-Di-O-Methyltenuiorin, Methyl 2""-O-methylgyrophorate","Elix, JA/ McCaffery, LF 1999: Three new tridepsides in the lichen Pseudocyphellaria billardieri. Australasian Lichenology 45: 12-14.",,,,depsides,Orcinol Tridepsides,
"methyl 2,2'-di-o-methylstenosporate",66,,44,66,50,,,36,,G,,No Result,P.Yellow            ,Green,458,208,207,,,,,,,,Minor component in Pertusaria subplanaica,"2,2'-Di-O-methylstenosporic acid, 2,2'-Di-O-methyldivaricatic acid, Planaic acid, 2'-O-methylstenosporic acid","Elix, JA/ Wardlaw, JH/ Archer, AW 1999: New depsides from Pertusaria lichens. Australasian Lichenology 44: 9-15.",,,acetyl-polymalonyl pathway,depsides,Orcinol Depsides,
2'-o-methyldivaricatic acid,45,,48,50,,,,28,,G,,x,P.Yellow            ,Green,,,,,,,,,,,Occurs in Pertusaria velloziae,"2,2'-Di-O-methyldivaricatic acid, 2'-O-Methylstenosporic acid","Elix, JA/ Barclay, CE/ Archer, AW 1995: New depsides in Pertusaria lichens (Pertusariaceae, lichenized Ascomycotina) and a new species from Australia. pp 15-26 in ""Flechten Follmann"", Geobotanical and Phytotaxonomical Study Group, University of Cologne, Germany.",Pertusaria velloziae,,acetyl-polymalonyl pathway,depsides,Orcinol Depsides,
2-o-methyldivaricatic acid,44,52,51,47,,,,28,,b,,x,P.Yellow            ,Green,,,,,,,,,,,"Acid Spray: strong yellow, grey halo. LW UV: strong purple, green halo. SW UV: bright blue.","Divaricatic acid, 2-O-Methylperlatolic acid, 2-O-Methylstenosporic acid","Culberson, WL/ Culberson, CF 1981: A new Ramalina with two new depsides. Occassional Papers of the Farlow Herbarium 16: 37-41.",Ramalina sayreana,,acetyl-polymalonyl pathway,depsides,Orcinol Depsides,
3-o-methyldiploicin [4-o-methyldiploicin],84,,85,90,68,,,59,,N,,x,No Result           ,No Result,,,,,,,,,,,LW UV:strong-dark purple. Best seen under SW UV before spraying. Occurs in Diploicia canescens ssp.,"Caloploicin, Diploicin, 3-Dechloro-4-O-methyldiploicin","Spillane, PA/ Keane, J/ Nolan, TJ 1936: The chemical constituents of lichens found in Ireland. Buellia canescens – Part 2. Scientific Proceedings of the Royal Dublin Society 21: 333-343.",Diploicia canescens ssp,4-o-methyldiploicin,acetyl-polymalonyl pathway,depsidones,Orcinol Depsidones,
methyl eriodermate,69,,71,77,57,,,39,,P,,x,Grey                ,P.Yellow,,,,,,Red,,,,,"Acid Spray: pale yellow-orange, grey halo. Minor component in Erioderma pycnidiferum","Methyl barbatate, Methyl 5-chloro-4-O-demethylbarbatate, Methyl 5- chloronorobtusatate, Methyl 2,2'-di-O-methyleriodermate, Methyl 2'-O-methyleriodermate, Methyl 2-O- methyleriodermate, Methyl 4-O-methyleriodermate","Elix, JA/ Mahadevan, I/ Wardlaw, JH/ Arvidsson, L/ Jørgensen, PM 1987: New depsides from Erioderma lichens. Australian Journal of Chemistry 40: 1581-1590.",,,acetyl-polymalonyl pathway,depsides,β-Orcinol Depsides,
methyl evernate,71,,64,76,52,,,16,,G,,x,P.Yellow            ,Green,,,,,,,,,,,Acid Spray: blue-grey fades to yellow. Minor component in Peltigera apthosa,"Evernic acid, Lecanoric acid, Methyl gyrophorate, Methyl lecanorate, Tenuiorin","Maass, WSG 1975: The phenolic constituents of Peltigera apthosa. Phytochemistry 14: 2487-2489.",,,acetyl-polymalonyl pathway,depsides,Orcinol Depsides,
2'-o-methylevernic acid,38,,33,43,,,,,,G,,x,Orange              ,Green,,,,,,,,,,,"Acid Spray: pale orange, grey halo. Minor component in Evernia prunastri","Evernic acid, 4,2""-Di-O-methylgyrophoric acid, Lecanoric acid","Nicollier, G/ Rebetez, M/ Tabacchi, R 1979: Identification et synthése de nouveaux depsides isoles de la mousse de chêne. Hevetica Chimica Acta 62: 711-717.",,,acetyl-polymalonyl pathway,depsides,Orcinol Depsides,
methyl everninate [methyl 4-o-methylorsellinate],70,70,,74,50,,,8,,G,,x,Yellow              ,Green,,,,,,,,,,,Possibly an artefact. Reported to occur in Evernia prunastri,"Ethyl everninate, Evernic acid, Everninic acid","González, AG / Barrera, JB / Marante, FJT/ Costellanto, AG 2002: The chemistry and allelopathic effects of phenolic compounds from the lichen Evernia prunastri (L.) Ach. Proceedings of the Phytochemical Society of Europe 47: 195-210.",,methyl 4-o-methylorsellinate,shikimic acid pathway,monocyclic aromatic derivatives & compounds,Monocyclic aromatic derivatives,
2-o-methylglomelliferic acid,42,,42,52,,,,,,B,,x,Yellow              ,Blue,,,,,,,,,,,Occurs in Ramalina americana s. lat.,"Glomelliferic acid, 2-O-Methylperlatolic acid, 2-O-Methylstenosporic acid","Culberson, CF/ Culberson, WL/ Johnson, A 1990: The Ramalina americana complex (Ascomycotina, Ramalinaceae): chemical and geographical correlations. Bryologist 93: 167-186.",Ramalina americana s,,acetyl-polymalonyl pathway,depsides,Orcinol Depsides,
methyl gyrophorate,52,44,42,43,17,,,30,,G,,Orange,Yellow              ,Green,,,,,,P.Red,,,,,"Acid Spray: yellow, grey halo. Occurs in Solorina crocea","Gyrophoric acid, Lecanoric acid, 4-O-Methylgyrophoric acid, Methyl lecanorate, Tenuiorin","Ebizuka, Y/ Sankawa, U/ Shibata, S 1970: The constituents of Solorina crocea: averythrin 6- monomethyl ether and methyl gyrophorate. Phytochemistry 9: 2061-2063.",Solorina crocea,,,depsides,Orcinol Tridepsides,
"2""-o-methylgyrophoric acid",25,,33,22,,,,22,,G,,Orange,P.Yellow            ,Green,,,,,,P.Red,,,,,"Occurs in Diploschistes gyrophoricus, Rinodina alba","Gyrophoric acid, Umbilicaric acid, Lecanoric acid","Elix, JA/ Barbero, M/Giralt, M/Lumbsch, HT/ McCaffery, LF 1995: 2”-O-Methylgyrophoric acid, a new lichen tridepside. Australian Journal of Chemistry 48: 1761-1765.","Diploschistes gyrophoricus, Rinodina alba",,,depsides,Orcinol Tridepsides,
4-o-methylgyrophoric acid,32,56,50,46,,,,34,,G,,x,Yellow              ,Green,,,,,,P.Red,,,,,"Acid Spray: strong yellow, grey halo. Occurs in Lobaria dissecta","2,4-Di-O-methylgyrophoric acid, Gyrophoric acid, Lecanoric acid, Methyl gyrophorate, Methyl lecanorate, Tenuiorin","Huneck, S/ Yoshimura, I 1996: Identification of Lichen Substances. Springer-Verlag, Berlin, Heidelberg, New York: 306.",Lobaria dissecta,,,depsides,Orcinol Tridepsides,
methyl haematommate,78,,85,77,85,,,23,,O,,x,Orange              ,Orange,,,,,Yellow,No result,,Yellow,,,"Possibly an artefact, described from Stereocaulon ramulosum","Atranorin, Haematommic acid","Hickey, BJ/ Lumsden, AJ/ Cole, ALJ/ Walker, JRL 1990: Antibiotic compounds from New Zealand plants: methyl haematommate, an anti-fungal agent from Stereocaulon ramulosum. New Zealand Natural Sciences 17: 49-53.",,,shikimic acid pathway,monocyclic aromatic derivatives & compounds,Monocyclic aromatic derivatives,
o-methylhaematommone,41,,36,20,6,,,43,+,P,,x,Yellow-green        ,Pink,,,,,Violet,No result,,,,,Orange pigment. Occurs in Ramboldia aurea,Haematommone,new report,Ramboldia aurea,,acetyl-polymalonyl pathway,quinones,Anthraquinones,
2'-o-methylhiascic acid,10,,28,12,,,,18,,G,,x,Yellow              ,Green,,,,,,Red,,,,,Minor component in Melanelia pseudoglabra,"Gyrophoric acid, Lecanoric acid, Hiascic acid","Elix, JA/ Wardlaw, JH 2001: 2'-O-Methylhiascic acid, a tridepside from the lichen Melanelia pseudoglabra. Australasian Lichenology 48: 6-9.",,,,depsides,Orcinol Tridepsides,
2-o-methylhiascic acid,11,,20,8,,,39,17,,G,,x,Orange              ,Green,,,,,,,,,,,"Acid Spray: pale orange, grey halo. Minor component in Hypotrachyna neodamaziana","Gyrophoric acid, Lecanoric acid, Hiascic acid, Umbilicaric acid","Elix, JA/ Jayanthi, VK/ Wardlaw, JH 1989: 2-O-Methylhiascic acid, a new tridepside in the lichen Parmelinopsis neodamaziana. Australian Journal of Chemistry 42: 1423-1426.",,,,depsides,Orcinol Tridepsides,
4-o-methylhiascic acid,26,26,19,35,,,,19,,G,,x,B.Blue              ,Green,,,,,,P.Red,Red,,,,"Acid Spray: pale bright blue initially; fades to pale yellow, grey halo. Minor component in Hypotrachyna","4,5-Di-O-methylhiascic acid, Gyrophoric acid, Hiascic acid, Lecanoric acid, 5-O-Methylhiascic acid, 2,4,5-Tri-O-methylhiascic acid","Elix, JA/ Yu, J/ Tønsberg, T 1991: 4-O-Methylhiascic acid and 5-O-acetyl-4-O-methylhiascic acid, two new lichen tridepsides. Australian Journal of Chemistry 44: 157-163.",,,,depsides,Orcinol Tridepsides,
5-o-methylhiascic acid,21,35,36,29,,,,24,,G,,x,Orange              ,Green,,,,,,Red,,,,,"Acid Spray: pale orange, grey halo. Occurs in Hypotrachyna horrescens","4,5-Di-O-methylhiascic acid, Gyrophoric acid, Hiascic acid, Lecanoric acid, 4-O-Methylhiascic acid, 2,4,5-Tri-O-methylhiascic acid","Elix, JA/ Jayanthi, VK 1977: 5-O-Methylhiascic acid, a new tridepside from Australian lichens. Australian Journal of Chemistry 30: 2695-2704.",Hypotrachyna horrescens,,,depsides,Orcinol Tridepsides,
methyl 3α-hydroxy-4-o-demethylbarbatate [methyl 8-hydroxy-4-o-demethylbarbatate],46,36,35,35,,,,27,,Y,,Orange,Orange              ,Yellow,,,,,,Red,,,,,Occurs in Oropogon loxensis,"Atranorin, 3α-Hydroxy-4-O-demethylbarbatatic acid, Methyl barbatate, Methyl 4-O-demethylbarbatate,","Culberson, CF/ Culberson, WL 1978: β-Orcinol derivatives in lichens: biogenetic evidence from Oropogon loxensis. Experimental Mycology 2: 245-247.",Oropogon loxensis,methyl 8-hydroxy-4-o-demethylbarbatate,acetyl-polymalonyl pathway,depsides,β-Orcinol Depsides,
methyl 3α-hydroxybarbatate [methyl 8-hydroxybarbatate],63,,38,47,,,,31,,Y,,x,Yellow              ,Yellow,,,,,,,Orange,,,,Occurs in an Erioderma pycnidiferum,"Atranorin, Elatinic acid, Methyl barbatate, Methyl 4-O- demethylbarbatate, Methyl 3α-hydroxy-4-O-demethylbarbatate","Elix, JA/ Mahadevan, I/ Wardlaw, JH/ Arvidsson, L/ Jørgensen, PM 1987: New depsides from Erioderma lichens. Australian Journal of Chemistry 40: 1581-1590.",an Erioderma pycnidiferum,methyl 8-hydroxybarbatate,acetyl-polymalonyl pathway,depsides,β-Orcinol Depsides,
2’-o-methylhyperlatolic acid,59,,62,55,,,,44,,G,,x,P.Yellow            ,Green,,,,,,,,,,,"Occurs in Lecanora helva, L. pseudistera","2'-O-Methylisohyperlatolic acid, 2'-O-Methylperlatolic acid, 2'-O- Methylstenosporic acid, 2'-O-Methylsuperlatolic acid","Culberson, CF/ Culberson, WL/ Gowan, S/ Johnson, A 1987: New depsides from lichens: microchemical methodologies applied to the study of new natural products discovered in herbarium specimens. American Journal of Botany 74: 403-414.","Lecanora helva, L",,acetyl-polymalonyl pathway,depsides,Orcinol Depsides,
2-o-methylhyperlatolic acid,45,,58,63,,,,45,,G,,x,P.Yellow            ,Green,,,,,,,,,,,Occurs in Pertusaria follmanniana,"2-O-Methylisohyperlatolic acid, 2-O-Methylperlatolic acid, 2-O- Methylstenosporic acid, 2-O-Methylsuperlatolic acid","Elix, JA/ Barclay, CE/ Archer, AW 1995: New depsides in Pertusaria lichens (Pertusariaceae, lichenized Ascomycotina) and a new species from Australia. pp 15-26 in ""Flechten Follmann"", Geobotanical and Phytotaxonomical Study Group, University of Cologne, Germany.",Pertusaria follmanniana,,acetyl-polymalonyl pathway,depsides,Orcinol Depsides,
4-o-methylhyperolivetoric acid,50,,53,58,,,,34,,B,,x,Yellow              ,B.Blue,,,,,,,,,,,Occurs in Pseudobaeomyces pachycarpus,"4-O-Methylolivetoric acid, 4-O-Methylsuperolivetoric acid, Olivetoric acid References: Culberson, CF/ Culberson, WL/ Gowan, S/ Johnson, A 1987: New depsides from lichens: microchemical methodologies applied to the study of new natural products discovered in herbarium specimens. American Journal of Botany 74: 403-414. Elix, JA/ Wardlaw, JH 1997: Synthesis of further β-ketoalkyl lichen depsides. Australian Journal of Chemistry 50: 479-486. Notes: Occurs in Pseudobaeomyces pachycarpus","Culberson, CF/ Culberson, WL/ Gowan, S/ Johnson, A 1987: New depsides from lichens: microchemical methodologies applied to the study of new natural products discovered in herbarium specimens. American Journal of Botany 74: 403-414. Elix, JA/ Wardlaw, JH 1997: Synthesis of further β-ketoalkyl lichen depsides. Australian Journal of Chemistry 50: 479-486.",Pseudobaeomyces pachycarpus,,acetyl-polymalonyl pathway,depsides,Orcinol Depsides,
2'-o-methylhyperphyllinic acid [2'-o-methylhyperphyllinic acid b],46,,33,41,,,,31,,B,,x,Orange              ,B.Blue,,,,,,,,,,,Occurs in Pseudobaeomyces pachycarpus,"Glaucophaeic acid, 2'-O-Methylmicrophyllinic acid, 2'-O- Methylsuperphyllinic acid References: Culberson, CF/ Culberson, WL/ Gowan, S/ Johnson, A 1987: New depsides from lichens: microchemical methodologies applied to the study of new natural products discovered in herbarium specimens. American Journal of Botany 74: 403-414. Elix, JA/ Wardlaw, JH 1997: Synthesis of further β-ketoalkyl lichen depsides. Australian Journal of Chemistry 50: 479-486. Notes: Occurs in Pseudobaeomyces pachycarpus","Culberson, CF/ Culberson, WL/ Gowan, S/ Johnson, A 1987: New depsides from lichens: microchemical methodologies applied to the study of new natural products discovered in herbarium specimens. American Journal of Botany 74: 403-414. Elix, JA/ Wardlaw, JH 1997: Synthesis of further β-ketoalkyl lichen depsides. Australian Journal of Chemistry 50: 479-486.",Pseudobaeomyces pachycarpus,2'-o-methylhyperphyllinic acid b,acetyl-polymalonyl pathway,depsides,Orcinol Depsides,
methyl hyperplanaiate,72,,49,72,55,,,50,,G,,No Result,P.Yellow            ,Green,514,236,235,,,,,,,,Occurs in Pertusaria manamensis,"Planaic acid, Isohyperplanaic acid, Methyl planaiate, Methyl isohyperplanaiate, Hyperplanaic acid","Elix, JA/ Wardlaw, JH/Archer, AW 1999: New depsides from Pertusaria lichens. Australasian Lichenology 44: 9-15.",Pertusaria manamensis,,acetyl-polymalonyl pathway,depsides,Orcinol Depsides,
4-o-methylhypophysciosporin,72,,67,76,49,,,55,,D,,x,Grey                ,D.Blue,,,,,,,,,,,Occurs in Erioderma phaeorhizum,"Argopsin, Hypophysciosporin, Isovicanicin, Methyl virensate, Norvicanicin, Physciosporin, Vicanicin","Hamat, ALB/ Samsudin, MWB/ Din, LB/ Elix, JA 1993: Two new depsidones from the lichen Erioderma phaeorhizum Vainio sensu lato. Australian Journal of Chemistry 46: 153-156.",Erioderma phaeorhizum,,acetyl-polymalonyl pathway,depsides,β-Orcinol Depsides,
4-o-methylhypoprotocetraric acid,35,58,51,45,,,61,28,,D,,x,Grey                ,D.Blue,,,,,,,,,,,Occurs in Xanthoparmelia notata,"Hypoconstictic acid, Hypoprotocetraric acid, Hypostictic acid, Isonotatic acid, Notatic acid, Subnotatic acid","Cresp, TM/ Elix, JA/ Kurokawa, S/ Sargent, MV 1972: The structure of two new depsidones from the lichen Parmelia notata. Australian Journal of Chemistry 25: 2167-2184.",Xanthoparmelia notata,,acetyl-polymalonyl pathway,depsides,β-Orcinol Depsides,
1'-methyl hypothamnolate,28,,20,33,,,,25,,B,,x,Brown               ,Brown,,,,,Purple,P.Red,,,,,Minor component in Pertusaria tropica,"Hypothamnolic acid, Thamnolic acid","Elix, JA/ Wardlaw, JH/Archer, AW 2002: 1'-Methyl hypothamnolate, a new β-orcinol meta-depside from a chemical race of the lichen Pertusaria tropica (Ascomycotina, Pertusariaceae). Mitteilungen aus dem Institut für Allgemeine Botanik Hamburg 30-32: 35-40.",,,acetyl-polymalonyl pathway,depsides,β-Orcinol Depsides,
2'-o-methylimbricaric acid,46,,50,59,,,,36,,G,,x,P.Yellow            ,Green,,,,,,,,,,,Occurs in Lecidella cf. cyanosarca,"2'-O-Methylhyperlatolic acid, 2'-O-Methylisohyperlatolic acid, 2'-O- Methylperlatolic acid, 2'-O-Methylstenosporic acid, 2'-O-Methylsuperlatolic acid","Culberson, CF/ Culberson, WL/ Gowan, S/ Johnson, A 1987: New depsides from lichens: microchemical methodologies applied to the study of new natural products discovered in herbarium specimens. American Journal of Botany 74: 403-414.",Lecidella cf,,acetyl-polymalonyl pathway,depsides,Orcinol Depsides,
4-o-methylisocryptochlorophaeic acid,43,,54,48,,,,30,,B,,x,Grey                ,Brown,,,,,,Red,,,,,Occurs in Pertusaria paradoxica,"Cryptochlorophaeic acid, 4'-O-Methylcryptochlorophaeic acid, 4-O- Methylcryptochlorophaeic acid, 4'-O-Methylnorcryptochlorophaeic acid","Elix, JA/ Barclay, CE/ David, F/ Griffin, FK/ Hill, AM/ McConnell, DB/ Wardlaw, JH 1993: Synthesis of further lichen depsides. Australian Journal of Chemistry 46: 301-313.",Pertusaria paradoxica,,acetyl-polymalonyl pathway,depsides,Orcinol Depsides,
2'-o-methylisohyperlatolic acid,51,,58,63,,,,44,,G,,x,P.Yellow            ,Green,,,,,,,,,,,"Occurs in Pseudobaeomyces pachycarpus, Lecanora austrosorediosa, L. pseudistera","2'-O-Methylhyperlatolic acid, 2'-O-Methylimbricaric acid, 2'-O- Methylperlatolic acid, 2'-O-Methylstenosporic acid, 2'-O-Methylsuperlatolic acid","Culberson, CF/ Culberson, WL/ Gowan, S/ Johnson, A 1987: New depsides from lichens: microchemical methodologies applied to the study of new natural products discovered in herbarium specimens. American Journal of Botany 74: 403-414.","Pseudobaeomyces pachycarpus, Lecanora austrosorediosa, L",,acetyl-polymalonyl pathway,depsides,Orcinol Depsides,
2-o-methylisohyperlatolic acid,44,,63,60,,,,45,,G,,x,P.Yellow            ,Green,,,,,,,,,,,Occurs in Pertusaria follmanniana,"2-O-Methylhyperlatolic acid, 2-O-Methylperlatolic acid, 2-O- Methylstenosporic acid, 2-O-Methylsuperlatolic acid","Elix, JA/ Barclay, CE/ Archer, AW 1995: New depsides in Pertusaria lichens (Pertusariaceae, lichenized Ascomycotina) and a new species from Australia. pp 15-26 in ""Flechten Follmann"", Geobotanical and Phytotaxonomical Study Group, University of Cologne, Germany.",Pertusaria follmanniana,,acetyl-polymalonyl pathway,depsides,Orcinol Depsides,
2'-o-methylisohyperphyllinic acid [2'-o-methylhyperphyllinic acid a],42,,27,41,,,,32,,B,,x,Orange              ,B.Blue,,,,,,,,,,,Occurs in Pseudobaeomyces pachycarpus,"Glaucophaeic acid, 2'-O-Methylhyperphyllinic acid, 2'-O- Methylmicrophyllinic acid, 2'-O-Methylsuperphyllinic acid References: Culberson, CF/ Culberson, WL/ Gowan, S/ Johnson, A 1987: New depsides from lichens: microchemical methodologies applied to the study of new natural products discovered in herbarium specimens. American Journal of Botany 74: 403-414. Elix, JA/ Wardlaw, JH 1997: Synthesis of further β-ketoalkyl lichen depsides. Australian Journal of Chemistry 50: 479-486. Notes: Occurs in Pseudobaeomyces pachycarpus","Culberson, CF/ Culberson, WL/ Gowan, S/ Johnson, A 1987: New depsides from lichens: microchemical methodologies applied to the study of new natural products discovered in herbarium specimens. American Journal of Botany 74: 403-414. Elix, JA/ Wardlaw, JH 1997: Synthesis of further β-ketoalkyl lichen depsides. Australian Journal of Chemistry 50: 479-486.",Pseudobaeomyces pachycarpus,2'-o-methylhyperphyllinic acid a,acetyl-polymalonyl pathway,depsides,Orcinol Depsides,
methyl isohyperplanaiate,74,,51,72,58,,,50,,G,,No Result,P.Yellow            ,Green,514,264,263,,,,,,,,Occurs in Pertusaria manamensis,"Planaic acid, Hyperplanaic acid, Methyl hyperplanaiate, Methyl planaiate, Isohyperplanaic acid","Elix, JA/ Wardlaw, JH/ Archer, AW 1999: New depsides from Pertusaria lichens. Australasian Lichenology 44: 9-15.",Pertusaria manamensis,,acetyl-polymalonyl pathway,depsides,Orcinol Depsides,
methyl isoplacodiolic acid,50,,55,61,,,,30,,G,,x,Grey                ,Green,,,,,,,,,,,Occurs in Haematomma matogrossense,"Isoplacodiolic acid, Isopseudoplacodiolic acid, Methyl placodiolic acid, Placodiolic acid, Pseudoplacodiolic acid","Staiger, B/ Kalb, K 1995: Haematomma-Studien. I. Die Flechtengattung Haematomma. Bibliotheca Lichenologica 59: 3-198.",Haematomma matogrossense,,acetyl-polymalonyl pathway,usnic acid derivatives,Usnic acid derivatives,
2'-o-methylisopseudocyphellarin a,69,,49,65,40,,,,,p,,No Result,P.Yellow            ,P.Brown,,,,,,Red,,Yellow,Medulla:,"Mass Spectrum: 416, ","Acid Spray: pale green, fades to pale yellow, grey halo. LW UV: pale purple-brown, fades to orange.","Isopseudocyphellarin A, 2'-O-Methylphenarctin, 2'-O- Methylpseudocyphellarin A, Nephroarctin, Phenarctin, Pseudocyphellarin A, Pseudocyphellarin B","Elix, JA/ Wilkins, AL/Wardlaw, JH 1987: Five new fully substituted depsides from the lichen Pseudocyphellaria pickeringii. Australian Journal of Chemistry 40: 2023-2029.",Pseudocyphellaria pickeringii,,acetyl-polymalonyl pathway,depsides,β-Orcinol Depsides,
methyl lecanorate,52,,48,39,30,,,18,,G,,No Result,P.Yellow            ,Green,,,,,,Red,,,,,"Acid Spray: pale yellow, grey halo. Occurs in Pseudocyphellaria crocata","Lecanoric acid, Methyl gyrophorate, Methyl orsellinate, Tenuiorin","Maass, WSG 1975: Lichen substances. V. Methylated derivatives of orsellinic acid, lecanoric acid, and gyrophoric acid from Pseudocyphellaria crocata. Canadian Journal of Botany 53: 1031-1039.",Pseudocyphellaria crocata,,acetyl-polymalonyl pathway,depsides,Orcinol Depsides,
2'-o-methyllecanoric acid,26,,24,20,,,,10,,G,,x,Yellow              ,Green,,,,,,Red,,,,,Minor component in Hypotrachyna everniiformis,"Gyrophoric acid, Lecanoric acid, Ovoic acid, 2-O-Methyllecanoric acid","Elix, JA/ McCaffery, LF 2004: 2'-O-Methyllecanoric acid and 2-O-methyllecanoric acid, two new depsides from Hypotrachyna everniiformis. Australasian Lichenology 54: 4-7.",,,acetyl-polymalonyl pathway,depsides,Orcinol depsides,
2-o-methyllecanoric acid,23,,30,18,,,,12,,G,,x,Yellow              ,Green,332,182,168,165,,,,,,,Minor component in Hypotrachyna everniiformis,"Gyrophoric acid, Lecanoric acid, Ovoic acid , 2’-O-Methyllecanoric acid","Elix, JA/ McCaffery, LF 2004: 2’-O-Methyllecanoric acid and 2-O-methyllecanoric acid, two new depsides from Hypotrachyna everniiformis. Australasian Lichenology 54: 4-7.",,,acetyl-polymalonyl pathway,depsides,Orcinol depsides,
o-methylleprolomin,63,,,58,,,,,,b,,x,Green               ,Green,,,,,,,,,,,"Acid Spray: pea-green, eventually fades to dull yellow. LW UV: brown, green halo. Occurs in Pannaria","Contortin, Leprolomin, Usnic acid Elvebakk, A/ Elix, JA 2017. A trio of endemic New Zealand lichens: Pannaria aotearoana and P. gallowayi, new species with a new chemosyndrome, and their relationship with P. xanthomelana. Nova Hedwigia 105: 167–184. Notes: Acid Spray: pea-green, eventually fades to dull yellow. LW UV: brown, green halo. Occurs in Pannaria gallowayi",,Pannaria gallowayi,,acetyl-polymalonyl pathway,diphenyl ethers,Diphenyl ethers,
4-o-methyllividic acid [3-o-methyllividic acid],41,,46,39,,,,34,,O,,x,P.Yellow            ,Purple,370,342,,,,,Red,,,,Occurs in Hypotrachyna immaculata,"3-Hydroxycolensoic acid, Lividic acid, 3-Methoxycolensoic acid, 4-O- Methylphysodic acid, Oxyphysodic acid","Elix, JA/ Venables, DA 1993: 4-O-Methyllividic acid, a new lichen depsidone. Mycotaxon 47: 275- 281.","Hypotrachyna immaculata 8'-Methylmenegazziaic acid [Methyl pseudomenegazziaiate] A: x B: x B': x C: x E: x F: x G: x HPLC: x V: − UV: + Acid Spray: Orange LW UV: Orange Archers: x K: Yellow C: No Result KC: No Result PD: No Result Mass spectrum: 370, 342 Substance Class: β-Orcinol Depsidones Biosynthetically Related Compounds: Connorstictic acid, Constictic acid, Cryptostictic acid, Menegazziaic acid, Methyl stictic acid, Norstictic acid, Stictic acid Reference: Papadopoulou, P/ Tzakou, O/ Vagias, C/ Kefalas, P/ Roussis, V 2007: β-Orcinol Metabolites from the lichen Hypotrachyna revoluta",3-o-methyllividic acid,acetyl-polymalonyl pathway,depsidones,Orcinol Depsidones,
methyl 2-o-methyldivaricatate,75,,54,70,60,,,28,,G,,Orange,P.Yellow            ,Green,416,208,207,,,,,,,,A minor component in Pertusaria oraraensis,"2-O-Methyldivaricatic acid, Methyl 2,2'-di-O-methyldivaricatate","Elix, JA/ Wardlaw, JH/ Archer, AW 1999: New depsides from Pertusaria lichens. Australasian Lichenology 44: 9-15.",,,acetyl-polymalonyl pathway,depsides,Orcinol Depsides,
methyl 2-o-methyleriodermate,66,,61,66,46,,,31,,p,,x,Grey                ,Brown,,,,,,,,,,,"Acid Spray: pale blue-grey, fades to pale yellow. LW UV: purple-brown, fades to orange. Occurs in a","Methyl barbatate, Methyl 5-chloro-4-O-demethylbarbatate, Methyl 5- chloronorobtusatate, Methyl 2,2'-di-O-methyleriodermate, Methyl eriodermate, Methyl 2'-O-methyleriodermate, Methyl 4-O-methyleriodermate","Elix, JA/ Mahadevan, I/ Wardlaw, JH/ Arvidsson, L/ Jørgensen, PM 1987: New depsides from Erioderma lichens. Australian Journal of Chemistry 40: 1581-1590.",a chemotype of Erioderma pycnidiferum,,acetyl-polymalonyl pathway,depsides,β-Orcinol Depsides,
methyl 2'-o-methyleriodermate,67,,58,65,47,,,30,,p,,x,Grey                ,Brown,,,,,,Red,,,,,"Acid Spray: pale blue-grey, fades to pale yellow. LW UV: purple-brown, fades to orange. Occurs in a","Methyl barbatate, Methyl 5-chloro-4-O-demethylbarbatate, Methyl 5- chloronorobtusatate, Methyl 2,2'-di-O-methyleriodermate, Methyl eriodermate, Methyl 2-O-methyleriodermate, Methyl 4-O-methyleriodermate","Elix, JA/ Mahadevan, I/ Wardlaw, JH/ Arvidsson, L/ Jørgensen, PM 1987: New depsides from Erioderma lichens. Australian Journal of Chemistry 40: 1581-1590.",a chemotype of Erioderma pycnidiferum,,acetyl-polymalonyl pathway,depsides,β-Orcinol Depsides,
methyl 4-o-methyleriodermate,77,,78,87,71,,,37,,s,,x,Grey                ,P.Yellow,,,,,,,,,,,"Acid Spray: pale blue-grey, fades to pale yellow. LW UV: strong-purple, pale yellow halo. Occurs in a","Methyl barbatate, Methyl 5-chloro-4-O-demethylbarbatate, Methyl 5- chloronorobtusatate, Methyl 2,2'-di-O-methyleriodermate, Methyl eriodermate, Methyl 2-O-methyleriodermate, Methyl 2'-O-methyleriodermate","Elix, JA/ Mahadevan, I/ Wardlaw, JH/ Arvidsson, L/ Jørgensen, PM 1987: New depsides from Erioderma lichens. Australian Journal of Chemistry 40: 1581-1590.",a chemotype of Erioderma pycnidiferum,,acetyl-polymalonyl pathway,depsides,β-Orcinol Depsides,
methyl 2''-o-methylgyrophorate,50,,30,35,32,,,29,,G,,No Result,P.Yellow            ,Green,346,256,196,165,,Red,,,,,Minor component in Pseudocyphellaria billardieri,"Gyrophoric acid, Methyl gyrophorate, Tenuiorin, Methyl ovoate, 2”-O- Methyltenuiorin, 2’-O-Methyltenuiorin, 2’,2”-Di-O-Methyltenuiorin, Methyl 2’,2”-di-O-methylgyrophorate","Elix, JA/ McCaffery, LF 1999: Three new tridepsides in the lichen Pseudocyphellaria billardieri. Australasian Lichenology 45: 12-14.",,,,depsides,Orcinol Tridepsides,
methyl 3'-methyllecanorate [methyl isonorobtusatate],55,,53,40,30,,,,,s,,x,Yellow              ,Orange,,,,,,,,,,,"Acid Spray: yellow, grey halo. LW UV: strong orange, green halo. Minor component in Evernia","Isonorobtusatic acid, Isoobtusatic acid, Norobtusatic acid, Obtusatic acid,","Nicollier, G/ Rebetez, M/ Tabacchi, R 1979: Identification et synthése de nouveaux depsides isoles de la mousse de chêne. Hevetica Chimica Acta 62: 711-717.",,methyl isonorobtusatate,acetyl-polymalonyl pathway,depsides,Orcinol β-Orcinol Depsides,
methyl 2'-o-methylmicrophyllinate,68,,42,69,,,,,,B,,x,Orange              ,B.Blue,,,,,,,,,,,Occurs in Porpidia contraponenda,"2'-O-Methylhyperphyllinic acid, 2'-O-Methylmicrophyllinic acid, 2'- O-Methylsuperphyllinic acid","Gowan, SP 1989: A character analysis of the secondary products of the Porpidiaceae (lichenized Ascomycotina). Systematic Botany 14; 77-90.",Porpidia contraponenda,,acetyl-polymalonyl pathway,depsides,Orcinol Depsides,
methyl 7-o-methylnorascomatate,70,,55,55,60,,,39,,P,,x,B.Blue              ,Purple,,,,,,,,,,,Occurs in Bunodophoron patagonicum,"Ascomatic acid, Methyl ascomatate, 7-O-Methylnorascomatic acid, , Hypostrepsilic acid","Elix, JA/ Venables, D/ Wedin, M 1994: 70. New dibenzofurans and depsides from the lichen Bunodophoron patagonicum. Australian Journal of Chemistry 47: 1335-1344.",Bunodophoron patagonicum,,acetyl-polymalonyl pathway,furans & furanones,Dibenzofurans,
methyl 2-o-methylperlatolate,76,,60,75,68,,,45,,G,,Orange,P.Yellow            ,Green,472,236,235,,,,,,,,Minor component in Pertusaria xenismota,"2-O-Methylperlatolic acid, Planaic acid, Methyl planiate","Elix, JA/ Wardlaw, JH/ Archer, AW 1999: New depsides from Pertusaria lichens. Australasian Lichenology 44: 9-15.",,,acetyl-polymalonyl pathway,depsides,Orcinol Depsides,
2'-o-methylmicrophyllinic acid,41,29,19,36,,,,25,,B,,x,Orange              ,B.Blue,,,,,,,,,,,"Acid Spray: pale orange, grey halo. Occurs in Paraporpidia leptocarpa","Confluentic acid, Glaucophaeic acid, 2'-O-Methylhyperphyllinic acid, Methyl 2'-O-methylmicrophyllinate, 2'-O-Methylperlatolic acid, 2'-O-Methylsuperphyllinic acid","Chester, DO/ Elix, JA 1981: New metabolites from Australian lichens. Australian Journal of Chemistry 34: 1507-1511.",Paraporpidia leptocarpa,,acetyl-polymalonyl pathway,depsides,Orcinol Depsides,
7-o-methylnorascomatic acid,39,,63,47,,,,35,,P,,x,B.Blue              ,Purple,,,,,,,,,,,Occurs in Bunodophoron patagonicum,"Ascomatic acid, Methyl ascomatate, Methyl 7-O-Methylnorascomatate, , Hypostrepsilic acid","Elix, JA/ Venables, D/ Wedin, M 1994: 70. New dibenzofurans and depsides from the lichen Bunodophoron patagonicum. Australian Journal of Chemistry 47: 1335-1344.",Bunodophoron patagonicum,,acetyl-polymalonyl pathway,furans & furanones,Dibenzofurans,
2'-o-methylnorbarbatic acid,39,,54,36,,,51,,,P,,x,P.Yellow            ,Purple,,,,,,Red,,,,,Minor component in Pseudocyphellaria norvegica.,"Barbatic acid, 4-O-Demethylbarbatic acid, 4-O-Demethyldiffractaic acid, 2'-O-Methylnorobtusatic acid","Elix, JA/ Chester, DO/ Wardlaw, JH/ Wilkins, AL 1990: Synthesis of two new β-orcinol para- depsides in the lichen Pseudocyphellaria norvegica. Australian Journal of Chemistry 43: 191-196.",,,acetyl-polymalonyl pathway,depsides,β-Orcinol Depsides,
4'-o-methylnorcryptochlorophaeic acid,36,,48,34,,,,34,,P,,x,P.Yellow            ,P.Yellow,,,,,,Red,,,,,"Acid Spray: pale yellow, grey halo. Occurs in Cladonia merochlorophaea","Cryptochlorophaeic acid, 4'-O-Methylnorhomosekikaic acid, 4'-O- Methylnorsekikaic acid","Elix, JA/ Wardlaw, JH 1986: The synthesis of new meta-depsides from Ramalina lichens. Australian Journal of Chemistry 39: 227-231.",Cladonia merochlorophaea,,acetyl-polymalonyl pathway,depsides,Orcinol Depsides,
2-o-methylnordivaricatic acid,28,,33,27,,,,,,G,,x,P.Yellow            ,Green,,,,,,,,,,,Occurs in Ramalina americana s. lat.,"2-O-Methylnorstenosporic acid, Nordivaricatic acid","Culberson, CF/ Culberson, WL/ Johnson, A 1990: The Ramalina americana complex (Ascomycotina, Ramalinaceae): chemical and geographical correlations. Bryologist 93: 167-186.",Ramalina americana s,,acetyl-polymalonyl pathway,depsides,Orcinol Depsides,
4'-o-methylnorhomosekikaic acid,39,,46,32,,,,24,,G,,x,Orange              ,Green,,,,,,Red,,,,,Occurs in Ramalina luciae,"Homosekikaic acid, 4'-O-Methylnorsekikaic acid, Sekikaic acid","Elix, JA/ Wardlaw, JH 1986: The synthesis of new meta-depsides from Ramalina lichens. Australian Journal of Chemistry 39: 227-231.",Ramalina luciae,,acetyl-polymalonyl pathway,depsides,Orcinol Depsides,
2'-o-methylnorobtusatic acid,27,,48,30,,,48,,,G,,x,P.Yellow            ,Green,,,,,,Red,,,,,Minor component in Pseudocyphellaria norvegica.,"2'-O-Methylnorbarbatic acid, Norobtusatic acid, Obtusatic acid","Elix, JA/ Chester, DO/ Wardlaw, JH/ Wilkins, AL 1990: Synthesis of two new β-orcinol para- depsides in the lichen Pseudocyphellaria norvegica. Australian Journal of Chemistry 43: 191-196.",,,acetyl-polymalonyl pathway,depsides,β-Orcinol Depsides,
4'-o-methylnorsekikaic acid,35,,29,27,,,,20,,s,,x,Orange              ,Green,,,,,,Red,,,,,"Acid Spray: pale orange, grey halo; fades to deep orange. LW UV: strong-purple, green halo.","Homosekikaic acid, 4'-O-Methylnorhomosekikaic acid, Sekikaic acid","Elix, JA/ Wardlaw, JH 1986: The synthesis of new meta-depsides from Ramalina lichens. Australian Journal of Chemistry 39: 227-231.",Ramalina luciae,,acetyl-polymalonyl pathway,depsides,Orcinol Depsides,
2-o-methylnorstenosporic acid,34,,43,29,,,,26,,G,,x,P.Yellow            ,Green,,,,,,,,,,,Occurs in Ramalina americana s. lat.,"4-O-Demethylstenosporic acid, 2-O-Methylnordivaricatic acid","Culberson, CF/ Culberson, WL/ Johnson, A 1990: The Ramalina americana complex (Ascomycotina, Ramalinaceae): chemical and geographical correlations. Bryologist 93: 167-186.",Ramalina americana s,,acetyl-polymalonyl pathway,depsides,Orcinol Depsides,
2'-o-methylnorsuperphyllinic acid,34,,43,29,,,,26,,B,,x,Orange              ,B.Blue,,,,,,Red,,,,,Occurs in Sirtonia ramosa,"2'-O-Methylsuperphyllinic acid References: Culberson, CF/ Johnson, A/ Patwardhan, PG/ Makhija, U 1990: New depsides in Stirtonia ramose (Ascomycotina, Arthoniaceae). Bryologist 93: 279-282. Elix, JA/ Wardlaw, JH 1997: Synthesis of further β- ketoalkyl lichen depsides. Australian Journal of Chemistry 50: 479-486. Notes: Occurs in Sirtonia ramosa","Culberson, CF/ Johnson, A/ Patwardhan, PG/ Makhija, U 1990: New depsides in Stirtonia ramose (Ascomycotina, Arthoniaceae). Bryologist 93: 279-282. Elix, JA/ Wardlaw, JH 1997: Synthesis of further β- ketoalkyl lichen depsides. Australian Journal of Chemistry 50: 479-486.",Sirtonia ramosa,,acetyl-polymalonyl pathway,depsides,Orcinol Depsides,
2-o-methylobtusatic acid,42,56,52,45,,,,22,,s,,x,P.Yellow            ,Green,,,,,,,,,,,"Acid Spray: yellow, grey halo. LW UV: strong-purple, green halo. Occurs in Xanthoparmelia","Barbatic acid, Diffractaic acid, Obtusatic acid","Chester, DO/ Elix, JA 1979: 2-O-Methylobtusatic acid, a new depside from the lichen Xanthoparmelia tucsonensis. Australian Journal of Chemistry 32: 1399-1400.",Xanthoparmelia tucsonensis,,acetyl-polymalonyl pathway,depsides,Orcinol β-Orcinol Depsides,
4-o-methylolivetoric acid,44,51,49,48,,,,33,,f,,x,P.Yellow            ,B.Blue,,,,,,,Pink,,,,SW UV: flouresces bright blue before spraying. Occurs in Xanthoparmelia brattii,"4-O-Methylhyperolivetoric acid, 4-O-Methylsuperolivetoric acid, Microphyllinic acid, Olivetoric acid, Perlatolic acid","Culberson, CF/ Esslinger, TL 1976: 4-O-Methylolivetoric and loxodellic acids: new depsides from new species of brown Parmeliae. Bryologist 79: 42-46.",Xanthoparmelia brattii,,acetyl-polymalonyl pathway,depsides,Orcinol Depsides,
methyl orsellinate,54,,56,37,41,,,5,,G,,x,"pale yellow-orange, ",Green,,,,,,Red,,,No Result    Medulla,,"Acid Spray: pale yellow-orange, grey halo. Occurs in Pseudocyphellaria crocata","Gyrophoric acid, Lecanoric acid, Methyl gyrophorate, Methyl lecanorate, Orsellinic acid, Tenuiorin","Maass, WSG 1975: Lichen substances. V. Methylated derivatives of orsellinic acid, lecanoric acid, and gyrophoric acid from Pseudocyphellaria crocata. Canadian Journal of Botany 53: 1031-1039.",Pseudocyphellaria crocata,,shikimic acid pathway,monocyclic aromatic derivatives & compounds,Monocyclic aromatic derivatives,
"methyl β-orsellinate [atratic acid, methyl β-orcinolcarboxylate, methyl 2,4-dihydroxy-3,6-dimethylbenzoate]",64,70,,52,51,,,10,,G,,x,,Green,,,,,,Orange,,,,,Occurs in Evernia prunastri,"Atranorin, Chloroatranorin, Methyl 4-O-demethylbarbatate, Methyl eriodermate","Gavin, J/ Tabacchi, R 1975: Isolement et identification de composés phénoliqueset montérpeniques de la ‘mousse de chêne’ (Evernia prunastri (L.) Ach.). Hevetica Chimica Acta 58: 190-194.",Evernia prunastri,"atratic acid, methyl β-orcinolcarboxylate, methyl 2, 4-dihydroxy-3, 6-dimethylbenzoate",shikimic acid pathway,monocyclic aromatic derivatives & compounds,Monocyclic aromatic derivatives,
methyl ovoate,50,,40,35,32,,,29,,G,,Orange,P.Yellow            ,Green,346,182,165,151,,P.Red,,,,,Minor component in Pseudocyphellaria billardierei,"Gyrophoric acid, Methyl gyrophorate, Tenuiorin, 2'-O-Methyltenuiorin, 2’,2”-Di-O-methyltenuiorin, Ovoic acid, Methyl 2""-O-methylgyrophorate, Methyl 2',2""-Di-O- methylgyrophorate","Elix, JA/ McCaffery, LF 1999: Three new tridepsides in the lichen Pseudocyphellaria billardieri. Australasian Lichenology 45: 12-14.",,,,depsides,Orcinol Tridepsides,
4-o-methyloxocryptochlorophaeic acid,46,,41,48,,,,19,,B,,x,Orange              ,Brown,,,,,,P.Red,,,,,Occurs in Ramalina subfraxinea sens. lat.,"4-O-Methylcryptochlorophaeic acid, Merochlorophaeic acid","Culberson, CF/ Culberson, WL/ Johnson, A 1990: A novel meta-depsides from the Ramalina subfraxinea complex (Ascomycotina, Ramalinaceae). Bryologist 93: 193-196.",Ramalina subfraxinea sens,,acetyl-polymalonyl pathway,depsides,Orcinol Depsides,
4'-o-methylpaludosic acid,35,30,30,22,,,,22,,p,,x,Orange              ,Purple,,,,,,,,,,,"Acid Spray: pale orange, grey halo. LW UV: purple, green halo. Occurs in Ramalina asahinae","Boninic acid, 2,4'-Di-O-methylnorsekikaic acid, 4'-O- Methylcryptochlorophaeic acid, Paludosic acid","Chester, DO/ Elix, JA 1978: The identification of four new meta-depsides in the lichen Ramalina asahinae. Australian Journal of Chemistry 31: 2745-2749.",Ramalina asahinae,,acetyl-polymalonyl pathway,depsides,Orcinol Depsides,
3-o-methylpannaric acid,10,,14,10,,,28,5,,B,,x,Purple              ,B.Blue,,,,,,Green,,,,,Occurs in Schizopelte californica,"Isoschizopeltic acid, Pannaric acid, Pannaric acid 2-methyl ester, Pannaric acid 6-methyl ester, Schizopeltic acid","Elix, JA/ Naidu, R/ Laundon, JR 1992: A synthesis of the lichen dibenzofuran pannaric acid 2- methyl ester and its isomer 3-O-methylpannaric acid. Australian Journal of Chemistry 45: 785-791.",Schizopelte californica,,acetyl-polymalonyl pathway,furans & furanones,Dibenzofurans,
1-o-methylparietin,60,,36,49,28,,,36,+,Y,,x,Yellow              ,Yellow,298,280,269,252,Violet,,,,,,"Yellow-orange pigment. Acid Spray: Yellow when cold, magenta when hot. Occurs in Protoblastenia","1-O-Methylemodin, Parietin","Manojlovic, NT / Novakovic, M/ Stevovic, V/ Solujic, S 2005. Antimicrobial metabolites from three Serbian Caloplaca. Pharmaceutical Biology 43: 718-722.",Protoblastenia lilacina,,acetyl-polymalonyl pathway,quinones,Anthraquinones,
8-o-methylparietin,,,,,,,,37,+,Y,,x,Yellow              ,Yellow,298,280,269,252,Violet,,,,,,Yellow-orange pigment. Occurs in Caloplaca sp.,"8-O-Methylemodin, Parietin","Manojlovic, NT / Novakovic, M/ Stevovic, V/ Solujic, S 2005. Antimicrobial metabolites from three Serbian Caloplaca. Pharmaceutical Biology 43: 718-722.",Caloplaca sp,,acetyl-polymalonyl pathway,quinones,Anthraquinones,
methyl parietinate,75,,55,72,25,,,,+,O,,x,Orange              ,Orange,,,,,Violet,,,,,,Orange pigment. Occurs in Caloplaca obesimarginata,"Fallacinal, Parietin, Parietinic acid, Teloschistin","Søchting, U 2004: Caloplaca kamczatica and C. obesimarginata sp. nov., two new species of temperate, Pacific North America. Symbolae Botanicae Uppsaliensis 34: 399-403.",Caloplaca obesimarginata,,acetyl-polymalonyl pathway,quinones,Anthraquinones,
2-o-methylpatagonic acid,38,,33,42,,,,41,,G,,x,P.Yellow            ,Green,,,,,,,,,,,Occurs in Bunodophoron patagonicum,"Patagonic acid, Isopatagonic acid",new report,Bunodophoron patagonicum,,acetyl-polymalonyl pathway,depsides,Orcinol Depsides,
2'-o-methylperlatolic acid,52,50,48,53,,,,39,,s,,Orange,P.Yellow            ,Green,,,,,,,,,,,"Acid Spray: strong-pale yellow, grey halo. LW UV: strong-purple, green halo. Occurs in Pertusaria","Confluentic acid, 2'-O-Methylhyperlatolic acid, 2'-O- Methylisohyperlatolic acid, 2'-O-Methylmicrophyllinic acid, 2'-O-Methylstenosporic acid, 2'-O- Methylsuperlatolic acid","Culberson, CF/ Dibben, MJ 1972: 2-O-Methylperlatolic and 2’-O-methylperlatolic acids: two new lichen depsides from Pertusaria. Bryologist 75: 362-365.",Pertusaria pertractata,,acetyl-polymalonyl pathway,depsides,Orcinol Depsides,
2-o-methylperlatolic acid,44,60,58,52,,,,42,,s,,Orange,P.Yellow            ,Green,,,,,,,,,,,"Acid Spray: strong-pale yellow, grey halo. LW UV: strong-purple, green halo. SW UV bright blue.","2-O-Methyldivaricatic acid, 2-O-Methylhyperlatolic acid, 2-O- Methylisohyperlatolic acid, 2-O-Methylstenosporic acid, 2-O-Methylsuperlatolic acid, Planaic acid","Culberson, CF/ Dibben, MJ 1972: 2-O-Methylperlatolic and 2'-O-methylperlatolic acids: two new lichen depsides from Pertusaria. Bryologist 75: 362-365.",Pertusaria gergeana var,,acetyl-polymalonyl pathway,depsides,Orcinol Depsides,
2'-o-methylphenarctin,63,,32,53,10,,,,,o,,x,P.Yellow            ,Brown,,,,,,Red,,Yellow,,,"Acid Spray: pale yellow, grey halo; fades to orange. LW UV: orange-brown, fades to orange.","1'-Chloronephroarctin, Isopseudocyphellarin A, 2'-O- Methylisopseudocyphellarin A, 2'-O-Methylpseudocyphellarin A, Nephroarctin, Phenarctin, Pseudocyphellarin A, Pseudocyphellarin B","Elix, JA/ Wilkins, AL/Wardlaw, JH 1987: Five new fully substituted depsides from the lichen Pseudocyphellaria pickeringii. Australian Journal of Chemistry 40: 2023-2029.",Pseudocyphellaria pickeringii,,acetyl-polymalonyl pathway,depsides,β-Orcinol Depsides,
2'-o-methylphysodic acid,39,34,28,22,,,,21,,P,,x,Grey                ,Purple,,,,,,,,,,,"Acid Spray: yellow, grey halo. Occurs in Hypogymnia billardieri","Alectoronic acid, 4-O-Methylphysodic acid, Oxyphysodic acid, Physodic acid, Vittatolic acid","Elix, JA 1975: 2'-O-Methylphysodic acid and hydroxyphysodic acid. Two new depsidones from the lichen Hypogymnia billardieri. Australian Journal of Chemistry 28: 849- 856.",Hypogymnia billardieri,,acetyl-polymalonyl pathway,depsidones,Orcinol Depsidones,
4-o-methylphysodic acid,39,43,45,42,,,,36,,P,,x,P.Yellow            ,Purple,,,,,,,Red,,,,"Acid Spray: pale yellow, grey halo. Occurs in Hypotrachyna livida","Colensoic acid, Lividic acid, Oxyphysodic acid, Physodic acid References: Culberson, CF 1969: Chemical and botanical guide to lichen products. Univ. North Carolina Press, Chapel Hill: 138. Huneck, S/ Yoshimura, I 1996: Identification of Lichen Substances. Springer-Verlag, Berlin, Heidelberg, New York: 340. Notes: Acid Spray: pale yellow, grey halo. Occurs in Hypotrachyna livida","Culberson, CF 1969: Chemical and botanical guide to lichen products. Univ. North Carolina Press, Chapel Hill: 138. Huneck, S/ Yoshimura, I 1996: Identification of Lichen Substances. Springer-Verlag, Berlin, Heidelberg, New York: 340.",Hypotrachyna livida,,acetyl-polymalonyl pathway,depsidones,Orcinol Depsidones,
methylplacodiolic acid,65,,44,50,,,,26,,P,,x,Grey                ,P.Brown,,,,,,,,,,,Occurs in Haematomma hilare,"Isoplacodiolic acid, Isopseudoplacodiolic acid, Methyl isoplacodiolic acid, Placodiolic acid, Pseudoplacodiolic acid","Staiger, B/ Kalb, K 1995: Haematomma-Studien. I. Die Flechtengattung Haematomma. Bibliotheca Lichenologica 59: 3-198.",Haematomma hilare,,acetyl-polymalonyl pathway,usnic acid derivatives,Usnic acid derivatives,
methyl planaiate,70,,47,70,50,,,40,,G,,No Result,P.Yellow            ,Green,486,236,235,,,,,,,,Minor component in Pertusaria manamensis,"Methyl hyperplanaiate, Methyl isohyperplanaiate, Hyperplanaic acid, Isohyperplanaic acid, Planaic acid","Elix, JA/ Wardlaw, JH/Archer, AW 1999: New depsides from Pertusaria lichens. Australasian Lichenology 44: 9-15.",,,acetyl-polymalonyl pathway,depsides,Orcinol Depsides,
methyl porphyrilate,23,,17,11,5,,38,13,,d,,x,No Result           ,Purple,,,,,,Green,,,,,"LW UV: dark purple, UV quenching. Occurs in Psoroma tenue",Porphyrilic acid,"Renner, B/ Henssen, A/Gerstner, E 1981: Pannarsäure und Porphyrilsäuremethylester – Sakundärstoffe der Flechtengattung Psoroma. Zeitschrift für Naturforschung 36c: 893-895.",Psoroma tenue,,acetyl-polymalonyl pathway,furans & furanones,Dibenzofurans,
methyl pseudoalectoronate,54,,35,38,31,,,33,,B,,x,P.Yellow            ,B.Blue,508,482,476,,,,P.Red,,,,Minor component in Parmotrema poolii,"Alectoronic acid, α-Collatolic acid, Dehydrocollatolic acid, 4-O- Methylphysodic acid","Elix, JA/ Wardlaw, JH 1998: Methylpseudoalectoronate, a new depsidone from the lichen Parmotrema poolii. Australasian Lichenology 42: 12-15.",,,acetyl-polymalonyl pathway,depsidones,Orcinol Depsidones,
2'-o-methylpseudocyphellarin a,71,,59,66,52,,,41,,o,,x,P.Yellow            ,Brown,,,,,,Red,,Yellow,,,"Acid Spray: pale yellow, grey halo; fades to orange. LW UV: orange-brown, fades to orange.","1'-Chloronephroarctin, Isopseudocyphellarin A, 2'-O-Methylphenarctin, 2'-O-Methylisopseudocyphellarin A, Phenarctin, Pseudocyphellarin A, Pseudocyphellarin B","Elix, JA/ Wardlaw, JH/ Wilkins, AL 1987: Five new fully substituted depsides from the lichen Pseudocyphellaria pickeringii. Australian Journal of Chemistry 40: 2023-2029.",Pseudocyphellaria pickeringii,,acetyl-polymalonyl pathway,depsidones,β-Orcinol Depsidones,
methyl pseudonorstictate,70,,32,54,14,,,29,,O,,x,Yellow              ,Orange,387,386,383,,Red,,,Orange,,,Minor component in Pertusaria falklandica,"Norstictic acid, Salazinic acid, Connorstictic acid","Elix, JA/ Wardlaw, JH/ Archer, AW/ Lumbsch, HT/ Plümper, M 1997: Four new lichen depsidones from Pertusaria and Lecanora lichens. Australasian Lichenology 41: 22-27.",,,acetyl-polymalonyl pathway,depsidones,β-Orcinol Depsidones,
methyl pseudosalazinate,28,,14,17,2,,,19,,O,,x,Orange              ,Orange,402,384,369,,Red,,,Orange,,,Occurs in Pertusaria sp.,"Norstictic acid, Salazinic acid, Consalazinic acid","Elix, JA/ Wardlaw, JH/ Archer, AW/ Lumbsch, HT/ Plümper, M 1997: Four new lichen depsidones from Pertusaria and Lecanora lichens. Australasian Lichenology 41: 22-27.",Pertusaria sp,,acetyl-polymalonyl pathway,depsidones,β-Orcinol Depsidones,
methyl psoromate,70,,47,67,46,,,42,,B,,x,Brown               ,Brown,372,357,342,,,,,P.Yellow,,,Minor component in Lecanora intumescens,"Psoromic acid, 2’-O-Demethylpsoromic acid, Methyl 2’-O- demethylpsoromate","Elix, JA/ Wardlaw, JH/ Archer, AW/ Lumbsch, HT/ Plümper, M 1997: Four new lichen depsidones from Pertusaria and Lecanora lichens. Australasian Lichenology 41: 22-27.",,,acetyl-polymalonyl pathway,depsidones,β-Orcinol Depsidones,
methyl pyxinate,,,,48,34,,60,,,O,,x,Pink                ,Orange,,,,,,,,,,,"Occurs in Pyxine coccifera, P. endochrysina","3β-Acetoxy-20,24-epoxydammarane-12β,25-diol, 3β,25-Diacetoxy-20,24- epoxydammarane, 3β,25-Diacetoxy-20,24-epoxydammarane-12β-ol, 20,24-Epoxydammarane-3β,12β,25-triol, Methyl 3-O-acetoxypyxinate, Methyl 3-O-acetoxypyxinate","Yosioka, I/ Yamauchi, H/ Kitagawa, I 1972: Lichen triterpenoids. V. On the neutral triterpenes of Pyxine endochrysina Nyl., Chemical and Parmaceutical Bulletin (Tokyo) 20: 502-513.","Pyxine coccifera, P",,mevalonic acid pathway,terpenoids & steroids,Terpenoids,
9α-o-methylsalazinic acid,30,,19,18,,,42,19,,O,,x,Orange              ,Orange,,,,,Red,,,Orange,,,"Minor component in Cetreliopsis rhytidocarpa, Hypotrachyna quaesita, Xanthoparmelia subnuda",", Salazinic acid, Quaesitic acid, 6α,9α-Di-O-methylsalazinic acid","Elix, JA/ Wardlaw, JH/Liu, X-W 2002: A new depsidone from the lichen family Parmeliaceae. Australasian Lichenology 51: 4-6.",,,acetyl-polymalonyl pathway,depsidones,β-Orcinol Depsidones,
methyl sekikaiate,72,,62,77,53,,,29,,p,,x,Orange              ,Green,,,,,,,,,,,"Acid Spray: pale orange, grey halo; fades to dark orange. LW UV: purple, green halo.",Sekikaic acid,"Titze, A 1987: Sekikaic acid methyl ester found in Protousnea (Mot.) Krog. Bibliotheca Lichenogica 25: 469-473.",Usnea dusenii,,acetyl-polymalonyl pathway,depsides,Orcinol Depsides,
2-o-methylsekikaic acid,41,31,40,43,,,,25,,s,,x,P.Yellow            ,Green,,,,,,,,,,,"Acid Spray: pale yellow-orange, grey halo. LW UV: strong-purple, green halo. Occurs in Ramalina","Boninic acid, 4,4'-Di-O-methylcryptochlorophaeic acid, 2,4'-Di-O- methylnorsekikaic acid, Homosekikaic acid, 4-O-Methylcryptochlorophaeic acid, Sekikaic acid","Chester, DO/ Elix, JA 1978: The identification of four new meta-depsides in the lichen Ramalina asahinae. Australian Journal of Chemistry 31: 2745-2749.",Ramalina asahinae,,acetyl-polymalonyl pathway,depsides,Orcinol Depsides,
2-o-methylsquamatic acid,15,,25,23,,,37,13,,b,,x,Grey                ,Green,,,,,,,,,,,SW UV: bright blue before spraying. Occurs in Usnea magellanica,"Elatinic acid, Squamatic acid","Garbarino, JA/ Chamy, MC/ Gambaro, V/ Quilhot, W/ Naranjo, O/ Bolt, E 1987: Studies on Chilean Lichens. X. The phenolic constituents of Protousnea magellanica. Journal of Natural Products 50: 745-747.",Usnea magellanica,,acetyl-polymalonyl pathway,depsides,β-Orcinol Depsides,
2'-o-methylstenosporic acid,47,,53,53,,,,35,,G,,x,P.Yellow            ,Green,,,,,,,,,,,Occurs in Physcidia cylindrophora,"2'-O-Methylhyperlatolic acid, 2'-O-Methylisohyperlatolic acid, 2'-O- Methylperlatolic acid, 2'-O-Methylsuperlatolic acid","Elix, JA/ Barclay, CE/ David, F/ Griffin, FK/ Hill, AM/ McConnell, DB/ Wardlaw, JH 1993: Synthesis of further lichen depsides. Australian Journal of Chemistry 46: 301-313.",Physcidia cylindrophora,,acetyl-polymalonyl pathway,depsides,Orcinol Depsides,
2-o-methylstenosporic acid,49,56,56,49,,,,35,,s,,x,P.Yellow            ,Green,,,,,,,,,,,"Acid Spray: strong-pale yellow, grey halo. LW UV: strong-purple, green halo. SW UV bright blue","2-O-Methyldivaricatic acid, 2-O-Methylperlatolic acid, Stenosporic acid","Culberson, WL/ Culberson, CF 1981: A new Ramalina with two new depsides. Occassional Papers of the Farlow Herbarium 16: 37-41.",Ramalina sayreana,,acetyl-polymalonyl pathway,depsides,Orcinol Depsides,
methyl stictic acid,50,,15,38,,,49,14,,O,,x,Orange              ,Orange,,,,,Yellow,,,Orange,,,Minor component in Lobaria oregana,"Constictic acid, Cryptostictic acid, Hypostictic acid, Menegazziaic acid, Norstictic acid, Stictic acid","Shimada, S/ Saitoh, T/ Sankawa, S/ Shibata, S 1980: New depsidones from Lobaria oregana. Phytochemistry 19: 328-330.",,,acetyl-polymalonyl pathway,depsidones,β-Orcinol Depsidones,
2'-o-methylsuperlatolic acid,62,,65,58,,,,48,,G,,x,P.Yellow            ,Green,,,,,,,,,,,"Occurs in Lecanora austrosorediosa, L. pseudistera","2'-O-Methylhyperlatolic acid, 2'-O-Methylimbricaric acid, 2'-O- Methylisohyperlatolic acid, 2'-O-Methylperlatolic acid, 2'-O-Methylstenosporic acid","Elix, JA/ David, F 1991: New depsides from the lichen Biatora sorediosa. Australian Journal of Chemistry 44: 1643-1647.","Lecanora austrosorediosa, L",,acetyl-polymalonyl pathway,depsides,Orcinol Depsides,
2-o-methylsuperlatolic acid,46,,66,64,,,,50,,G,,x,P.Yellow            ,Green,,,,,,,,,,,Occurs in Pertusaria follmanniana,"2-O-Methylhyperlatolic acid, 2-O-Methylisohyperlatolic acid, 2-O- Methylperlatolic acid, 2-O-Methylstenosporic acid","Elix, JA/ Barclay, CE/ Archer, AW 1995: New depsides in Pertusaria lichens (Pertusariaceae, lichenized Ascomycotina) and a new species from Australia. pp 15-26 in ""Flechten Follmann"", Geobotanical and Phytotaxonomical Study Group, University of Cologne, Germany.",Pertusaria follmanniana,,acetyl-polymalonyl pathway,depsides,Orcinol Depsides,
4-o-methylsuperolivetoric acid,54,,57,60,,,,42,,B,,x,P.Yellow            ,B.Blue,,,,,,,,,,,Occurs in Pseudobaeomyces pachycarpus,"4-O-Methylhyperolivetoric acid, 4-O-Methylolivetoric acid, Olivetoric acid References: Culberson, CF/ Culberson, WL/ Gowan, S/ Johnson, A 1987: New depsides from lichens: microchemical methodologies applied to the study of new natural products discovered in herbarium specimens. American Journal of Botany 74: 403-414. Elix, JA/ Wardlaw, JH 1997: Synthesis of further β-ketoalkyl lichen depsides. Australian Journal of Chemistry 50: 479-486. Notes: Occurs in Pseudobaeomyces pachycarpus","Culberson, CF/ Culberson, WL/ Gowan, S/ Johnson, A 1987: New depsides from lichens: microchemical methodologies applied to the study of new natural products discovered in herbarium specimens. American Journal of Botany 74: 403-414. Elix, JA/ Wardlaw, JH 1997: Synthesis of further β-ketoalkyl lichen depsides. Australian Journal of Chemistry 50: 479-486.",Pseudobaeomyces pachycarpus,,acetyl-polymalonyl pathway,depsides,Orcinol Depsides,
2’-o-methylsuperphyllinic acid,43,,32,44,,,,41,,B,,x,Pink                ,B.Blue,,,,,,,,,,,"Occurs in Pseudobaeomyces pachycarpus, Porpidia glaucophaea","2'-O-Methylhyperphyllinic acid, 2'-O-Methylmicrophyllinic acid, Glaucophaeic acid References: Culberson, CF/ Culberson, WL/ Gowan, S/ Johnson, A 1987: New depsides from lichens: microchemical methodologies applied to the study of new natural products discovered in herbarium specimens. American Journal of Botany 74: 403-414. Elix, JA/Wardlaw, JH 1996: Synthesis of depsides present in the lichen Porpidia glaucophaea. Australian Journal of Chemistry 49: 817-924. Notes: Occurs in Pseudobaeomyces pachycarpus, Porpidia glaucophaea","Culberson, CF/ Culberson, WL/ Gowan, S/ Johnson, A 1987: New depsides from lichens: microchemical methodologies applied to the study of new natural products discovered in herbarium specimens. American Journal of Botany 74: 403-414. Elix, JA/Wardlaw, JH 1996: Synthesis of depsides present in the lichen Porpidia glaucophaea. Australian Journal of Chemistry 49: 817-924.","Pseudobaeomyces pachycarpus, Porpidia glaucophaea",,acetyl-polymalonyl pathway,depsides,Orcinol Depsides,
2'-o-methyltenuiorin,70,,44,72,31,,,37,,G,,x,P.Yellow            ,Green,,,,,,,,,,,Minor component in Pseudocyphellaria faveolata,"4,2""-Di-O-methylgyrophoric acid, 2',2""-Di-O-Methyltenuiorin, Methyl gyrophorate, 2""-O-Methyltenuiorin, Tenuiorin","Lajide, L/ Elix, JA 1981: 2'-O-Methyltenuiorin 2""-O-methyltenuiorin and 2',2""-di-O-methyltenuiorin. Three new tridepsides from the lichen Pseudocyphellaria faveolata. Australian Journal of Chemistry 34: 2005- 2011.",,,,depsides,Orcinol Tridepsides,
"2""-o-methyltenuiorin",73,44,38,66,26,,,33,,G,,x,P.Yellow            ,Green,,,,,,,,,,,Minor component in Pseudocyphellaria faveolata,"4,2""-Di-O-methylgyrophoric acid, 2',2""-Di-O-Methyltenuiorin, Methyl gyrophorate, 2'-O-Methyltenuiorin, Tenuiorin","Lajide, L/ Elix, JA 1981: 2'-O-Methyltenuiorin 2""-O-methyltenuiorin and 2',2""-di-O-methyltenuiorin. Three new tridepsides from the lichen Pseudocyphellaria faveolata. Australian Journal of Chemistry 34: 2005- 2011.",,,,depsides,Orcinol Tridepsides,
8-o-methylthiomelin,66,,47,56,34,,,43,+,O,,x,Orange              ,Orange,,,,,,,,,,,Pale yellow pigment. Minor component in Rinodina thiomela,"2-Dechloro-8-O-methylthiomelin, 4-Dechloro-8-O-methylthiomelin, 4- Dechlorothiomelin, Thiomelin","Elix, JA/ Gaul, KL/ Sterns, M/ Samsudun, MW 1987: The structure of the novel lichen xanthone, thiomelin and its congenors. Australian Journal of Chemistry 40: 1169-1178.",,,acetyl-polymalonyl pathway,xanthones & ergochromes,Xanthones,
3-o-methylthiophanic acid,65,,69,61,3,8,,53,+,O,,x,Orange              ,Orange,,,,,,,,,,,Yellow pigment. Minor component in Lecidella meiococca,"5,7-Dichloro-3-O-methylnorlichexanthone, 3-O-Methylasemone, 2,5,7- Trichloro-3-O-methylnorlichexanthone, Thiophanic acid, Thuringione","Elix, JA/ Crook, CE 1992: The joint occurrence of chloroxanthones in lichens, and a further thirteen new lichen xanthones. Bryologist 95: 52-64.",,,acetyl-polymalonyl pathway,xanthones & ergochromes,Xanthones,
6-o-methylthiophanic acid,65,,71,60,3,13,,56,+,O,,x,Orange              ,Orange,,,,,,Orange,,,,,Yellow pigment. Occurs in Micarea isabellina,"6-O-Methylarthothelin, 6-O-Methylasemone, Thiophanic acid","Elix, JA/ Crook, CE 1992: The joint occurrence of chloroxanthones in lichens, and a further thirteen new lichen xanthones. Bryologist 95: 52-64.",Micarea isabellina,,acetyl-polymalonyl pathway,xanthones & ergochromes,Xanthones,
4-o-methylvicanicin [vicanicin methyl ether],77,,65,84,70,,,54,,G,,x,Green               ,Green,,,,,,,,,,,Acid Spray: pale dull brownish-green. Minor component in Lecidella sublapicida,"7-Dechlorovicanicin, Isovicanicin, Norvicanicin, Vicanicin","Elix, JA/ Lajide, L/ Galloway, DJ 1982: Metabolites from the lichen genus Psoroma. Australian Journal of Chemistry 35: 2325-2333.",,vicanicin methyl ether,acetyl-polymalonyl pathway,depsidones,β-Orcinol Depsidones,
methyl virensate,72,,55,77,50,,,30,,G,,x,Purple              ,Grey,,,,,,,,Orange,,,Minor component in Pseudocyphellaria faveolata,"Hypophysciosporin, Physciosporin, Virensic acid","Renner, B/ Henssen, A/Gerstner, E 1978: Methylvirensat und 5-Clor Methylvirensat aus Arten der Flechtengattung Pseudocyphellaria. Zeitschrift für Naturforschung 33c: 826-830.",,,acetyl-polymalonyl pathway,depsidones,β-Orcinol Depsidones,
micareic acid,44,,69,52,,,,65,,b,,x,P.Yellow            ,B.Blue,,,,,,,,,,,"LW UV: bright turquoise, fades to bright light blue then orange. Occurs in Micaera prasina","Methoxymicareic acid, Superlatolic acid","Elix, JA/ Lajide, L/ Coppins, BJ/ James, PW 1984: Two new diphenyl ethers and a new depside from the lichen Micarea prasina Fr. Australian Journal of Chemistry 37: 2397-2402.",Micaera prasina,,acetyl-polymalonyl pathway,diphenyl ethers,Diphenyl ethers,
microphyllinic acid,41,39,39,41,,,,30,,f,,x,Pink                ,B.Blue,,,,,,,,,,,SW UV: flouresces bright blue before spraying. Occurs in Cetrelia japonica,"4-O-Demethylmicrophyllinic acid, 4-O-Methylhyperphyllinic acid, 4-O- Methylolivetoric acid, Olivetoric acid, 2’-O-Methylsuperphyllinic acid References: Culberson, CF 1969: Chemical and botanical guide to lichen products. Univ. North Carolina Press, Chapel Hill: 124. Huneck, S/ Yoshimura, I 1996: Identification of Lichen Substances. Springer-Verlag, Berlin, Heidelberg, New York: 287. Notes: SW UV: flouresces bright blue before spraying. Occurs in Cetrelia japonica","Culberson, CF 1969: Chemical and botanical guide to lichen products. Univ. North Carolina Press, Chapel Hill: 124. Huneck, S/ Yoshimura, I 1996: Identification of Lichen Substances. Springer-Verlag, Berlin, Heidelberg, New York: 287.",Cetrelia japonica,,acetyl-polymalonyl pathway,depsides,Orcinol Depsides,
miriquidic acid,42,48,46,44,,,,30,,G,,x,Green               ,Green,,,,,,,,,,,"Acid Spray: bright yellow-green, eventually fades to bright turquoise. Occurs in Lecidea leucophaea","Normiriquidic acid References: Culberson, CF 1969: Chemical and botanical guide to lichen products. Univ. North Carolina Press, Chapel Hill: 124. Huneck, S/ Yoshimura, I 1996: Identification of Lichen Substances. Springer-Verlag, Berlin, Heidelberg, New York: 287. Notes: Acid Spray: bright yellow-green, eventually fades to bright turquoise. Occurs in Lecidea leucophaea","Culberson, CF 1969: Chemical and botanical guide to lichen products. Univ. North Carolina Press, Chapel Hill: 124. Huneck, S/ Yoshimura, I 1996: Identification of Lichen Substances. Springer-Verlag, Berlin, Heidelberg, New York: 287.","Lecidea leucophaea Reference: Huneck, S/ Schreiber, K/ Snatzke, G/ Fehlhaber, H-W 1971: 85",,acetyl-polymalonyl pathway,depsides,Orcinol Depsides,
mollin,,,,,,,,,+,x,,x,x                   ,x,,,,,Yellow,,,,,,Pale yellow pigment. Occurs in Roccellaria mollis,"Galapagin, Roccellin","Huneck, S/ Jakupovic, J/ Follmann, G 1992: The final structures of the lichen chromones galapagin, lobodirin, mollin and roccellin. Zeitschrift für Naturforschung 47B: 449-451.",Roccellaria mollis,,acetyl-polymalonyl pathway,chromones,Chromones,
monoacetylgraciliformin [acetylgraciliformin],46,,12,36,7,,,29,,G,,x,Green               ,Grey,,,,,Red,,,,,,Bright yellow pigment. Acid Spray: colour like skyrin. Occurs in Cladonia graciliformis,"Diacetylgraciliformin, Graciliformin, Skyrin","Ejiri, H/ Sankawa, U/ Shibata, S 1975: Graciliformin and its acetates in Cladonia graciliformis. Phytochemistry 14: 277-279.",Cladonia graciliformis (+)-Montagnetol A: x B: x B': x C: x E: x F: x G: x HPLC: 2 V: − UV: + Acid Spray: Green LW UV: Green Archers: x K: No Result C: D,acetylgraciliformin,acetyl-polymalonyl pathway,quinones,Anthraquinones,
moretenone [hop-22(29)-en-3-one],60,,75,,,,,,,P,,x,Brown               ,Pink,,,,,,,,,,,Occurs in Evernia prunastri,"29-Nor-21α-hopane-3,22-dione","Nicollier, G/ Tabacchi, R/ Gavin, J/ Breton, JL/ Gonzales, AG 1979: Triterpenes de la ‘mousse de chêne’ (Evernia prunastri ((L.) Ach.). Hevetica Chimica Acta 62: 807-810.",Evernia prunastri,hop-22(29)-en-3-one,mevalonic acid pathway,terpenoids & steroids,Terpenoids,
murolic acid,23,,27,24,,,,30,,W,,x,Purple              ,White,,,,,,,,,,,Optical antipode of protoconstipatic acid. Occurs in Lecanora muralis,"Dehydroconstipatic acid, Neodihydromurolic acid, Neuropogolic acid","Huneck, S/ Schreiber, K/ Höfle, G/ Snatzke, G 1979: Neodihydromurol- und Murolsäure, zwei neue γ-Lactoncarbonsäure aus Lecanora muralis. Journal of the Hattori Botanical Laboratory 45: 1-23.",Lecanora muralis,,acetyl-polymalonyl pathway,aliphatic acids & aliphatic compounds,Aliphatic acids,
muronic acid [dehydroprotoconstipatic acid],32,,30,28,,,,29,,L,,x,P.Brown             ,Lilac,366,348,308,306,,,,,,,Occurs in Neuropogon trachycarpus,"Constipatic acid, Dehydroconstipatic acid, Protoconstipatic acid","Reference: Ghogomu, RT/ Bodo, B 1982: Structural elucidation of 13-acetoxylichesterinic and 13- acetoxyprotolichesterinic acid, two aliphatic lichen metabolites from Neoropogon trachycarpus, Phytochemistry 21: 2355-2358.",Neuropogon trachycarpus,dehydroprotoconstipatic acid,acetyl-polymalonyl pathway,aliphatic acids & aliphatic compounds,Aliphatic acids,
myeloconone a1,5,,12,10,,,30,17,+,Y,,x,Yellow              ,Yellow,338,336,320,318,,,,,,,"Yellow-orange pigment. Occurs in Myeloconis erumpens, M. guyanensis",Myeloconone A2,"McCarthy, PM/ Elix, JA 1996: Myeloconis, a new genus of pyrenocarpous lichens from the tropics. Lichenologist 28: 401-404.","Myeloconis erumpens, M",,acetyl-polymalonyl pathway,phenalenones,Phenalenones,
myeloconone a2,5,,12,10,,,30,17,+,Y,,x,Yellow              ,Yellow,302,284,274,,,,,,,,"Yellow pigment. Occurs in Myeloconis erumpens, M. guyanensis","Myeloconone A1 References: McCarthy, PM/ Elix, JA 1996: Myeloconis, a new genus of pyrenocarpous lichens from the tropics. Lichenologist 28: 401-404. Ernst-Russell, MA/ Chai, CLL/Elix, JA/ McCarthy, PM 2000: Myeloconone A2, a new phenalenone from the lichen Myeloconis erumpens. Australian Journal of Chemistry 53: 1011-1013. Notes: Yellow pigment. Occurs in Myeloconis erumpens, M. guyanensis","McCarthy, PM/ Elix, JA 1996: Myeloconis, a new genus of pyrenocarpous lichens from the tropics. Lichenologist 28: 401-404. Ernst-Russell, MA/ Chai, CLL/Elix, JA/ McCarthy, PM 2000: Myeloconone A2, a new phenalenone from the lichen Myeloconis erumpens. Australian Journal of Chemistry 53: 1011-1013.","Myeloconis erumpens, M",,acetyl-polymalonyl pathway,phenalenones,Phenalenones,
myeloconone b,30,,9,15,,,32,4,+,Y,,x,Yellow              ,Yellow,290,263,262,247,,,,,,,Yellow pigment. Occurs in Myeloconis fecunda,Myeloconone C,"McCarthy, PM/Elix, JA 1996: Myeloconis, a new genus of pyrenocarpous lichens from the tropics. Lichenologist 28: 401-404.",Myeloconis fecunda,,acetyl-polymalonyl pathway,phenalenones,Phenalenones,
myeloconone c,30,,2,13,,,33,9,+,Y,,x,Yellow              ,Yellow,290,261,247,245,,,,,,,Yellow pigment. Occurs in Myeloconis parva,Myeloconone B,"McCarthy, PM/Elix, JA 1996: Myeloconis, a new genus of pyrenocarpous lichens from the tropics. Lichenologist 28: 401-404.",Myeloconis parva,,acetyl-polymalonyl pathway,phenalenones,Phenalenones,
neodihydromurolic acid,30,,29,29,,,,,,N,,x,No Result           ,No Result,,,,,,,,,,,Occurs in Lecanora muralis,"Dehydroconstipatic acid, Murolic acid, Neuropogolic acid","Huneck, S/ Schreiber, K/ Höfle, G/ Snatzke, G 1979: Neodihydromurol- und Murolsäure, zwei neue γ-Lactoncarbonsäure aus Lecanora muralis. Journal of the Hattori Botanical Laboratory 45: 1-23.",Lecanora muralis,,acetyl-polymalonyl pathway,aliphatic acids & aliphatic compounds,Aliphatic acids,
neothamnolic acid,5,,20,16,,,,13,,B,,x,Brown               ,Brown,,,,,Purple,P.Red,,,,,Occurs in Siphula ramalinoides,"Hypothamnolic acid, Thamnolic acid, Lactothamnolic acid","Elix, JA/ Barclay, CE/Wardlaw, JH/Archer, AW/Sen-hua Yu/ Kantvilas, G 1999: Four new β-orcinol meta-depsides from Pertusaria and Siphula lichens. Australian Journal of Chemistry 52: 837-840.",Siphula ramalinoides,,acetyl-polymalonyl pathway,depsides,Orcinol m-depsides,
neotricone,4,,26,7,,,,11,-,Y,,No Result,Yellow              ,Yellow,372,328,313,300,,,,,,,"Occurs in Phaeographis neotricosa, Ph. syngraphizans","Norperistictic acid, Norstictic acid, Peristictic acid","Elix, JA/ Kalb, K/ Wardlaw, JH 2003: Neotricone and norperistictic acid, two new depsidones from the lichen genus Phaeographis. Australian Journal of Chemistry 56: 315-317.","Phaeographis neotricosa, Ph",,acetyl-polymalonyl pathway,depsidones,β-Orcinol Depsidones,
nephroarctin,70,53,52,63,21,,,34,-,P,,x,P.Yellow            ,P.Brown,372,207,166,151,Yellow,Red,,Yellow,,,"Acid Spray: pale yellow, grey halo. Occurs in Nephroma arcticum","1'-Chloronephroarctin, 2'-O-Methylisopseudocyphellarin A, 2'-O- Methylphenarctin, 2'-O-Methylpseudocyphellarin A, Isopseudocyphellarin A, Phenarctin, Pseudocyphellarin A, Pseudocyphellarin B","Nuno, M/ Kuwada, Y/ Kamiya, K 1969: The structure of nephroarctin. Chemical Communications: 78.",Nephroma arcticum,,acetyl-polymalonyl pathway,depsides,β-Orcinol Depsides,
nephromopsic acid,,,,47,,,,,,N,,x,No Result           ,No Result,,,,,,,,,,,Occurs in Nephromopsis stracheyi,"allo-Protolichesterinic acid References: Culberson, CF 1969: Chemical and botanical guide to lichen products. Univ. North Carolina Press, Chapel Hill: 103. Huneck, S/ Yoshimura, I 1996: Identification of Lichen Substances. Springer-Verlag, Berlin, Heidelberg, New York: 149. Notes: Occurs in Nephromopsis stracheyi","Culberson, CF 1969: Chemical and botanical guide to lichen products. Univ. North Carolina Press, Chapel Hill: 103. Huneck, S/ Yoshimura, I 1996: Identification of Lichen Substances. Springer-Verlag, Berlin, Heidelberg, New York: 149.",Nephromopsis stracheyi,,acetyl-polymalonyl pathway,aliphatic acids & aliphatic compounds,Aliphatic acids,
nephrosteranic acid,42,,48,46,,,,,,N,,x,No Result           ,No Result,,,,,,,,,,,Occurs in Lepraria rigidula,"Isonephrosterinic acid, Nephrosterinic acid References: Culberson, CF 1969: Chemical and botanical guide to lichen products. Univ. North Carolina Press, Chapel Hill: 104. Huneck, S/ Yoshimura, I 1996: Identification of Lichen Substances. Springer-Verlag, Berlin, Heidelberg, New York: 149. Notes: Occurs in Lepraria rigidula","Culberson, CF 1969: Chemical and botanical guide to lichen products. Univ. North Carolina Press, Chapel Hill: 104. Huneck, S/ Yoshimura, I 1996: Identification of Lichen Substances. Springer-Verlag, Berlin, Heidelberg, New York: 149.",Lepraria rigidula,,acetyl-polymalonyl pathway,aliphatic acids & aliphatic compounds,Aliphatic acids,
nephrosterinic acid,33,,42,35,,,,33,,P,,x,No Result           ,Purple,,,,,,,,,,,Occurs in Nephromopsis endocrocea,"Isonephrosterinic acid, Lichesterinic acid, Nephrosteranic acid, Protolichesterinic acid References: Culberson, CF 1969: Chemical and botanical guide to lichen products. Univ. North Carolina Press, Chapel Hill: 104. Huneck, S/ Yoshimura, I 1996: Identification of Lichen Substances. Springer-Verlag, Berlin, Heidelberg, New York: 150. Notes: Occurs in Nephromopsis endocrocea","Culberson, CF 1969: Chemical and botanical guide to lichen products. Univ. North Carolina Press, Chapel Hill: 104. Huneck, S/ Yoshimura, I 1996: Identification of Lichen Substances. Springer-Verlag, Berlin, Heidelberg, New York: 150.",Nephromopsis endocrocea,,acetyl-polymalonyl pathway,aliphatic acids & aliphatic compounds,Aliphatic acids,
neuropogolic acid,31,,27,29,,,,33,,P,,x,No Result           ,Purple,,,,,,,,,,,Isomer of constipatic acid. Occurs in Neuropogon trachycarpus,"Dehydroconstipatic acid, Murolic acid","Bodo, B/ Molho, D 1980: Structure des acides isomuronique et neuropologique, noveaux acides aliphatiques du lichen Neoropogon trachycarpus. Phytochemistry 19: 1117-1120.",Neuropogon trachycarpus,,acetyl-polymalonyl pathway,aliphatic acids & aliphatic compounds,Aliphatic acids,
norargopsin,62,,63,63,29,,,30,,p,,x,P.Yellow            ,Green,,,,,,,,Yellow,,,"Acid Spray: pale yellow, grey halo. LW UV: pale green. Occurs in Erioderma chilense","Argopsin, Isovicanicin, Nordechloropannarin, Norpannarin, Norvicanicin, Pannarin, Vicanicin","Elix, JA/ Jenie, UA/ Arvidsson, L/ Jørgensen, PM 1986: New depsidones from the lichen genus Erioderma. Australian Journal of Chemistry 39: 719-722.",Erioderma chilense,,acetyl-polymalonyl pathway,depsidones,β-Orcinol Depsidones,
norbaeomycesic acid [4-o-demethylbaeomycesic acid],38,,35,30,,,57,26,,O,,Orange,Orange              ,Orange,316,194,182,,P.Yellow,,,P.Yellow,,,Occurs in Hypotrachyna orientalis,"4-O-Demethylbarbatic acid, Atranorin, Baeomycesic acid","Elix, JA/ Giffin, FK/Louwhoff, SHJJ 2000: Norbaeomycesic acid, a new depside from the lichen Hypotrachyna orientalis. Australasian Lichenology 46: 25-28.",Hypotrachyna orientalis,4-o-demethylbaeomycesic acid,acetyl-polymalonyl pathway,depsides,β-Orcinol Depsides,
norcaperatic acid,0,26,,1,,,,,,N,,x,No Result           ,No Result,,,,,,,,,,,Occurs in Melanelia stygia,Caperatic acid,"Culberson, CF 1972: Improved conditions and new data for the identification of lichen products by a standardized thin-layer chromatographic method. Journal of Chromatography 72: 113-125.",Melanelia stygia,,acetyl-polymalonyl pathway,aliphatic acids & aliphatic compounds,Aliphatic acids,
norcolensoic acid,28,54,53,31,,,,28,,f,,x,P.Brown             ,Purple,,,,,,,Red,,,,LW UV: fades to bright violet. Occurs in Hypotrachyna dactylifera,Colensoic acid,"Chester, DO/ Elix, JA 1981: New metabolites from Australian lichens. Australian Journal of Chemistry 34: 1507-1511.",Hypotrachyna dactylifera,,acetyl-polymalonyl pathway,depsidones,Orcinol Depsidones,
nordechloropannarin,51,,46,40,28,,,18,,B,,x,Brown               ,Brown,,,,,,,,Yellow,,,Acid Spray: fades to green. Occurs in Lecanora dispersa,"Argopsin, Dechloropannarin, Norargopsin, Norpannarin, Pannarin, Virensic acid","Leuckert, C/ Ahmadjian, V/ Culberson, CF/ Johnson, A 1990: Xanthones and depsidones of the lichen Lecanora dispersa in nature and its mycobiont in culture. Mycologia 82: 370-378.",Lecanora dispersa,,acetyl-polymalonyl pathway,depsidones,β-Orcinol Depsidones,
nordivaricatic acid,33,55,52,29,,,,22,,s,,Orange,Grey                ,Green,,,,,,Red,Red,,,,"Acid Spray: pale orange, grey halo. LW UV: strong-purple, green halo. Occurs in Cladia beaugleholei","Anziaic acid, 4-O-Demethylstenosporic acid, Divaricatic acid","Elix, JA/ Tearne, PD 1977: Nordivaricatic acid, a new depside from the lichen Heterodea beaugleholei. Australian Journal of Chemistry 30: 2333-2335.",Cladia beaugleholei,,acetyl-polymalonyl pathway,depsides,Orcinol Depsides,
norgangaleoidin,59,,40,47,,,,15,,O,,x,P.Yellow            ,Orange,,,,,,,,,,,Occurs in Lecanora chlarotera,"Gangaleoidin, Lecideoidin, Leoidin","Mahandru, MM/ Gilbert, A 1979: Norgangaleoidin, a dichlorodepsidone from Lecanora chlarotera. Bryologist 82: 292-295.",Lecanora chlarotera,,acetyl-polymalonyl pathway,depsidones,Orcinol Depsidones,
"29-nor-21α-hopane-3,22-dione",70,,59,59,58,,54,,,p,,x,Brown               ,Orange,,,,,,,,,,,"Acid Spray: brown, fades to purple. LW UV: pale orange, fades to pale pink. Occurs in Evernia prunastri",Moretenone,"Nicollier, G/ Tabacchi, R/ Gavin, J/ Breton, JL/ Gonzales, AG 1979: Triterpenes de la ‘mousse de chêne’ (Evernia prunastri (L.) Ach.). Hevetica Chimica Acta 62: 807-810.",Evernia prunastri,,mevalonic acid pathway,terpenoids & steroids,Terpenoids,
norisonotatic acid [?o-methylolivaceic acid],12,,23,14,,,,15,,B,,x,Brown               ,Blue,,,,,,,Red,,,,"Occurs in Ramalina americana, ?Myriotrema olivaceum","Isonotatic acid, Notatic acid, Olivaceic acid","Culberson, CF/ Culberson, WL/ Johnson, A 1990: The Ramalina americana complex (Ascomycotina, Ramalinaceae): chemical and geographical correlations. Bryologist 93: 167-186.","Ramalina americana, ?Myriotrema olivaceum",?o-methylolivaceic acid,acetyl-polymalonyl pathway,depsidones,Orcinol β-Orcinol Depsidones,
norjackinic acid,10,,38,,,,,,,N,,x,No Result           ,No Result,,,,,,,,,,,Occurs in Lepraria jackii,Jackinic acid,New report.,Lepraria jackii,,acetyl-polymalonyl pathway,aliphatic acids & aliphatic compounds,Aliphatic acids,
norlichexanthone,35,,40,11,14,,,15,,B,,x,P.Yellow            ,B.Blue,,,,,,Orange-red,,,,,Occurs in Lecanora reuteri,"Griseoxanthone-C, Lichexanthone References: Culberson, CF 1969: Chemical and botanical guide to lichen products. Univ. North Carolina Press, Chapel Hill: 179. Huneck, S/ Yoshimura, I 1996: Identification of Lichen Substances. Springer-Verlag, Berlin, Heidelberg, New York: 211. Notes: Occurs in Lecanora reuteri","Culberson, CF 1969: Chemical and botanical guide to lichen products. Univ. North Carolina Press, Chapel Hill: 179. Huneck, S/ Yoshimura, I 1996: Identification of Lichen Substances. Springer-Verlag, Berlin, Heidelberg, New York: 211.",Lecanora reuteri,,acetyl-polymalonyl pathway,xanthones & ergochromes,Xanthones,
norlobaridone,40,36,36,20,18,,,26,,B,,Lilac,P. Green            ,B.Blue,,,,,,,Pink,,,,"Acid Spray: dull green, fades to grey; weak-grey. Occurs in Xanthoparmelia scabrosa","Conorlobaridone, Isonorlobaridone, Loxodin, Norlobariol, Norlobariol methyl ester References: Culberson, CF 1969: Chemical and botanical guide to lichen products. Univ. North Carolina Press, Chapel Hill: 138. Huneck, S/ Yoshimura, I 1996: Identification of Lichen Substances. Springer-Verlag, Berlin, Heidelberg, New York: 343. Notes: Acid Spray: dull green, fades to grey; weak-grey. Occurs in Xanthoparmelia scabrosa","Culberson, CF 1969: Chemical and botanical guide to lichen products. Univ. North Carolina Press, Chapel Hill: 138. Huneck, S/ Yoshimura, I 1996: Identification of Lichen Substances. Springer-Verlag, Berlin, Heidelberg, New York: 343.",Xanthoparmelia scabrosa,,acetyl-polymalonyl pathway,depsidones,Orcinol Depsidones,
norlobariol,12,,18,1,5,,,11,,B,,x,Grey                ,B.Blue,,,,,,Red,,,,,Acid Spray: pale grey fades to strong-dull green. Occurs in Xanthoparmelia scabrosa,"Isonorlobaridone, Norlobaridone, Norlobariol methyl ester References: Gream, GE/ Riggs, NV 1960: Chemistry of Australian lichens II. A new depsidone from Parmelia conspersa (Ehrh.) Ach.. Australian Journal of Chemistry 13: 285-295. Foo, LY/ Gwyn, SA 1978: The identification of norlobariol, a new lichen constituent from Xanthoparmelia scabrosa (Taylor) Hale. Experientia 34: 970-971. Notes: Acid Spray: pale grey fades to strong-dull green. Occurs in Xanthoparmelia scabrosa","Gream, GE/ Riggs, NV 1960: Chemistry of Australian lichens II. A new depsidone from Parmelia conspersa (Ehrh.) Ach.. Australian Journal of Chemistry 13: 285-295. Foo, LY/ Gwyn, SA 1978: The identification of norlobariol, a new lichen constituent from Xanthoparmelia scabrosa (Taylor) Hale. Experientia 34: 970-971.",Xanthoparmelia scabrosa,,acetyl-polymalonyl pathway,diphenyl ethers,Diphenyl ethers,
norlobariol methyl ester [norlobariol methyl pseudoester],28,,23,3,10,,,16,,B,,x,Grey                ,B.Blue,,,,,,Red,,,,,Acid Spray: pale grey fades to strong-dull green. Occurs in Xanthoparmelia scabrosa,"Isonorlobaridone, Norlobaridone, Norlobariol References: Gream, GE/ Riggs, NV 1960: Chemistry of Australian lichens II. A new depsidone from Parmelia conspersa (Ehrh.) Ach.. Australian Journal of Chemistry 13: 285-295. Elix, JA/ Johnston, J/ Armstrong, PM 1986: A revision of the lichen genus Xanthoparmelia in Australasia. Bulletin of the British Museum (Natural History), Botany series 15: 163-362. Notes: Acid Spray: pale grey fades to strong-dull green. Occurs in Xanthoparmelia scabrosa","Gream, GE/ Riggs, NV 1960: Chemistry of Australian lichens II. A new depsidone from Parmelia conspersa (Ehrh.) Ach.. Australian Journal of Chemistry 13: 285-295. Elix, JA/ Johnston, J/ Armstrong, PM 1986: A revision of the lichen genus Xanthoparmelia in Australasia. Bulletin of the British Museum (Natural History), Botany series 15: 163-362.",Xanthoparmelia scabrosa,norlobariol methyl pseudoester,acetyl-polymalonyl pathway,diphenyl ethers,Diphenyl ethers,
normiriquidic acid,31,,38,23,,,,21,,G,,x,Green               ,Green,,,,,,Red,,,,,"Acid Spray: light yellow-green, grey halo; eventually fades to bright turquoise. Occurs in Lecidea",Miriquidic acid,"Elix, JA/ Jayanthi, VK 1986: Synthesis of the lichen depsides miriquidic acid and normiriquidic acid. Australian Journal of Chemistry 39: 791-797.",Lecidea leucophaea,,acetyl-polymalonyl pathway,depsides,Orcinol Depsides,
norobtusatic acid,27,50,48,30,,,,18,,G,,x,Yellow              ,Green,,,,,,Red,,,,,"Acid Spray: pale yellow, grey halo. Occurs in Hypotrachyna chicitae","Barbatic acid, 4-O-Demethylbarbatic acid, Obtusatic acid","Culberson, CF/ Hale, ME 1973: Chemical and morphological evolution in Parmelia sect. Hypotrachyna: product of ancient hybridization? Brittonia 25: 162-163.",Hypotrachyna chicitae,,acetyl-polymalonyl pathway,depsides,Orcinol β-Orcinol Depsides,
norpannarin,51,,48,42,21,,,27,,B,,x,Grey                ,Brown,,,,,,,,Orange,,,Occurs in Erioderma chilense,"Argopsin, Dechloropannarin, Norargopsin, Nordechloropannarin, Pannarin","Elix, JA/ Jenie, UA/ Arvidsson, L/ Jørgensen, PM 1986: New depsidones from the lichen genus Erioderma. Australian Journal of Chemistry 39: 719-722.",Erioderma chilense,,acetyl-polymalonyl pathway,depsidones,β-Orcinol Depsidones,
norperistictic acid,2,,12,3,,,,4,-,Y,,No Result,Yellow              ,Yellow,388,370,357,344,,,,,,,"Occurs in Phaeographis neotricosa, Ph. syngraphizans","Neotricone, Norstictic acid, Peristictic acid","Elix, JA/ Kalb, K/ Wardlaw, JH 2003: Neotricone and norperistictic acid, two new depsidones from the lichen genus Phaeographis. Australian Journal of Chemistry 56: 315-317.","Phaeographis neotricosa, Ph",,acetyl-polymalonyl pathway,depsidones,β-Orcinol Depsidones,
norrangiformic acid,10,,36,,,,,,,N,,x,No Result           ,No Result,,,,,,,,,,,Best seen on plate after spraying but before charring. Occurs in Cladonia mitis,,"Huneck, S 1982: (+)-Isorangiformic acid, a lichen substance from Lecanora stenotropa. Phytochemistry 21: 2407-2408.",Cladonia mitis,,acetyl-polymalonyl pathway,aliphatic acids & aliphatic compounds,Aliphatic acids,
norrussulone,,,,30,,,,29,+,P,,x,P.Red               ,Pink,338,323,309,,Purple,,,,,,Red pigment. Occurs in Ramboldia laeta,Russulone,New report,Ramboldia laeta,,acetyl-polymalonyl pathway,quinones,Anthraquinones,
norsolorinic acid,55,,66,41,19,,,46,+,P,,x,Orange              ,Pink,,,,,Purple,,,,,,Orange-red pigment. Occurs in Solorina crocea,"Averythrin, 6-O-Methylaverythrin, Solorinic acid","Steglich, W/ Jedtke, K-F 1976: Neue Anthachinonfarbstoffe aus Solorina crocea. Zeitschrift für Naturforschung 31C: 197-198.",Solorina crocea,,acetyl-polymalonyl pathway,quinones,Anthraquinones,
norstictic acid,40,29,32,30,,,57,12,,O,,No Result,Yellow              ,Orange,,,,,Red / Orange,,,Yellow,,,Occurs in Xanthoparmelia substrigosa,"Connorstictic acid, Consalazinic acid, Hyposalazinic acid, Peristictic acid, Protocetraric acid, Salazinic acid, Stictic acid References: Culberson, CF 1969: Chemical and botanical guide to lichen products. Univ. North Carolina Press, Chapel Hill: 156. Huneck, S/ Yoshimura, I 1996: Identification of Lichen Substances. Springer-Verlag, Berlin, Heidelberg, New York: 343. Notes: Occurs in Xanthoparmelia substrigosa","Culberson, CF 1969: Chemical and botanical guide to lichen products. Univ. North Carolina Press, Chapel Hill: 156. Huneck, S/ Yoshimura, I 1996: Identification of Lichen Substances. Springer-Verlag, Berlin, Heidelberg, New York: 343.",Xanthoparmelia substrigosa,,acetyl-polymalonyl pathway,depsidones,β-Orcinol Depsidones,
northiomelin,69,,70,72,47,85,,34,+,Y,,No Result,Yellow              ,Yellow,,,,,,,,,,,Pale yellow pigment. Minor component in Rinodina thiomela,"2-Dechloro-8-O-methylthiomelin, 2-Dechlorothiomelin, 4- Dechlorothiomelin, 8-O-Methylthiomelin, Thiomelin","Elix, JA/ Jiang, H/ Gaul, KL 1993: The structure and synthesis of some minor xanthones from the lichen Rinodina thiomela. Australian Journal of Chemistry 46: 95-110.",,,acetyl-polymalonyl pathway,xanthones & ergochromes,Xanthones,
norvicanicin,68,55,58,63,36,,,23,,p,,x,Green               ,Purple,,,,,,,,,,,"Acid Spray: pale blue-green, fades to grey. LW UV: purple, green halo. Occurs in a chemical race of","Isovicanicin, Norpannarin, Vicanicin","Sargent, MV/ Vogel, P/ Elix, JA/ Ferguson, BA 1976: Depsidone synthesis VII. Vicanicin and norvicanicin, Australian Journal of Chemistry 29, 2263-2269.",a chemical race of Pannaria sphinctrina,,acetyl-polymalonyl pathway,depsidones,β-Orcinol Depsidones,
notatic acid,34,49,44,38,,,55,19,,v,,x,P.Yellow            ,Purple,,,,,,,,,,,"Acid Spray: pale yellow, grey halo. LW UV: violet, purple halo, fades to deep blue. Occurs in","4-O-Demethylnotatic acid, Hypoprotocetraric acid, Isonotatic acid, 4-O- Methylhypoprotocetraric acid, Subnotatic acid","Cresp, TM/ Elix, JA/ Kurokawa, S/ Sargent, MV 1972: The structure of two new depsidones from the lichen Parmelia notata. Australian Journal of Chemistry 25: 2167-2184.",Xanthoparmelia notata,,acetyl-polymalonyl pathway,depsidones,Orcinol β-Orcinol Depsidones,
obtusatic acid,40,64,61,47,,,,32,,G,,x,Grey                ,Green,,,,,,,P.Yellow,,,,"Acid Spray: pale yellow, grey halo. Occurs in Ramalina obtusata","Barbatic acid, 4-O-Demethylbarbatic acid, 2-O-Methylobtusatic acid, Norobtusatic acid References: Culberson, CF 1969: Chemical and botanical guide to lichen products. Univ. North Carolina Press, Chapel Hill: 124. Huneck, S/ Yoshimura, I 1996: Identification of Lichen Substances. Springer-Verlag, Berlin, Heidelberg, New York: 290. Notes: Acid Spray: pale yellow, grey halo. Occurs in Ramalina obtusata","Culberson, CF 1969: Chemical and botanical guide to lichen products. Univ. North Carolina Press, Chapel Hill: 124. Huneck, S/ Yoshimura, I 1996: Identification of Lichen Substances. Springer-Verlag, Berlin, Heidelberg, New York: 290.",Ramalina obtusata,,acetyl-polymalonyl pathway,depsides,Orcinol β-Orcinol Depsides,
olivaceic acid,3,,14,3,,,,12,,B,,x,Brown               ,Blue,,,,,,,,,,,Occurs in Myriotrema olivaceum,"Isonotatic acid, Norisonotatic acid","Mangold, A 2008. Taxonomic studies on members of thelotremoid Ostropales (lichenized Ascomycota) in Australia. Univ. Duisburg-Essen, p28.",Myriotrema olivaceum,,acetyl-polymalonyl pathway,depsidones,Depsidones,
olivetoric acid,29,37,39,25,,,,27,,B,,x,Orange              ,B.Blue,,,,,,Pink,D.Red,,,,"Acid Spray: pale orange, grey halo. SW UV flouresces bright blue before spraying. Occurs in Cetrelia",,"Culberson, CF 1969: Chemical and botanical guide to lichen products. Univ. North Carolina Press, Chapel Hill: 125. Huneck, S/ Yoshimura, I 1996: Identification of Lichen Substances. Springer-Verlag, Berlin, Heidelberg, New York: 290.",Cetrelia olivetorum,,acetyl-polymalonyl pathway,depsides,Orcinol Depsides,
olivetol [3-hydroxy-5-pentylphenol],65,70,,53,,,,6,,G,,x,Yellow              ,Green,180,165,151,138,,Red,,,,,"Possibly an artefact, reported from Cladonia macaronesica","2,4-Dihydroxy-6-pentylbenzoic acid, Perlatolic acid","Gonzáles, AG/ Barrera, JB/ Rodrigues Pérez, EM/ Hernández Padrón, CE 1991: Chemical constituents of the lichen Cladina macronesica. Zeitschrift für Naturforschung 46c: 12-18.",,3-hydroxy-5-pentylphenol,shikimic acid pathway,monocyclic aromatic derivatives & compounds,Monocyclic aromatic derivatives,
olivetol methyl ether [3-methoxy-5-pentylphenol],65,70,,53,,,,6,,G,,x,Yellow              ,Green,180,165,151,138,,Red,,,,,"Possibly an artefact, reported from Cladonia macaronesica","2,4-Dihydroxy-6-pentylbenzoic acid, Perlatolic acid","Gonzáles, AG/ Barrera, JB/ Rodrigues Pérez, EM/ Hernández Padrón, CE 1991: Chemical constituents of the lichen Cladina macronesica. Zeitschrift für Naturforschung 46c: 12-18.",,3-methoxy-5-pentylphenol,shikimic acid pathway,monocyclic aromatic derivatives & compounds,Monocyclic aromatic derivatives,
orcinol [3-hydroxy-5-methylphenol],42,37,,17,,,,6,,G,,x,Yellow              ,Green,,,,,,Red,,,,,Reported from Evernia prunastri but possibly an artefact.,"Lecanoric acid, Gyrophoric Acid","Gavin, J/ Tabacchi, R 1975: Isolement et identification de composes phénoliques et monotérpeniques de la mousse de chêne (Evernia prunastri (L.) Ach.). Heletica Chimica Acta 58: 190-194.",,3-hydroxy-5-methylphenol,shikimic acid pathway,monocyclic aromatic derivatives & compounds,Monocyclic aromatic derivatives,
orcinyl lecanorate [decarboxygyrophoric acid],30,37,38,20,11,,,20,,G,,x,P.Yellow            ,Green,,,,,,Red,Red,,,,"Acid Spray: pale yellow, grey halo. Occurs in Punctelia borreri","Gyrophoric acid, Lecanoric acid, Orsellinic acid","Chester, DO/ Elix, JA 1981: New metabolites from Australian lichens. Australian Journal of Chemistry 34: 1507-1511.",Punctelia borreri,decarboxygyrophoric acid,,depsides,Orcinol Tridepsides,
orsellinic acid,37,,49,22,,,,0,,G,,x,Yellow              ,Green,,,,,,Red,Red,,,,"Acid Spray yellow-orange, grey halo. Occurs in Pseudocyphellaria crocata","Gyrophoric acid, Lecanoric acid, Methyl gyrophorate, Methyl lecanorate","Huneck, S/ Yoshimura, I 1996: Identification of Lichen Substances. Springer-Verlag, Berlin, Heidelberg, New York: 163.",Pseudocyphellaria crocata,,shikimic acid pathway,monocyclic aromatic derivatives & compounds,Monocyclic aromatic derivatives,
ovoic acid,25,,34,23,11,,,23,,G,,x,P.Yellow            ,Green,,,,,,P.Red,Red,,No Result    Medulla,,"Acid Spray: pale yellow, grey halo. Occurs in Melanelia substygia","Gyrophoric acid, Lecanoric acid, Orsellinic acid","Huneck, S/ Schrieber, K/ Sundholm, G 1980: Ovosäure, ein neues Tridepsid aus der Flechte Parmelia substygia. Phytochemistry 19: 885-887.",Melanelia substygia,,,depsides,Orcinol Tridepsides,
oxodidymic acid,60,,55,48,,,,37,,P,,x,Blue                ,Purple,384,366,340,,,Green,,,,,Occurs in Letrouitia vulpina,"8-Chlorodioxocondidymic acid, 8-Chlorodioxodidymic acid, 8- Chlorooxodidymic acid, Dioxocondidymic acid, Dioxodidymic acid, Letrouitic acid,","Johansson, S/Søchting, U/Elix, JA/ Wardlaw, JH 2005: Chemical variation in the lichen genus Letrouitia (Ascomycota, Letrouitiaceae). Mycological Progress 4: 139-148.",Letrouitia vulpina,,acetyl-polymalonyl pathway,furans & furanones,Dibenzofurans,
oxolobaric acid,19,,23,23,,,,36,,B,,x,Grey                ,B.Blue,470,453,452,428,,,D.Red,,,,Minor component in Lobaria hypoleucoides,"Lobaric acid, Sublobaric acid, Norlobaridone","Elix, JA/ Wardlaw, JH/Yoshimura, I 1997: Sublobaric acid and oxolobaric acid, two new depsidones from the lichen Lobaria hypoleucoides. Australian Journal of Chemistry 50: 763-765.",,,acetyl-polymalonyl pathway,depsidones,Orcinol Depsidones,
oxostenosporic acid,41,43,46,41,,,,28,,B,,P.Red,P.Yellow            ,B.Blue,,,,,,,,,,,"Acid Spray: pale yellow, grey halo. Occurs in Xanthoparmelia pulla.","4-O-Demethylstenosporic acid, Divaricatic acid, Glomelliferic acid, Perlatolic acid, Stenosporic acid","Culberson, CK/ Culberson, WL/ Esslinger, TL 1977: Chemosyndromic variation in the Parmelia pulla group. Bryologist 80: 125-135.",Xanthoparmelia pulla,,acetyl-polymalonyl pathway,depsides,Orcinol Depsides,
4-oxypannaric acid 2-methyl ester [9-methyl 4-hydroxypannarate],15,,,19,,,21,5,,P,,x,Blue                ,Purple,346,314,302,,,Green,,,,,Occurs in Lepraria diffusa,"4-Oxypannaric acid 6-methyl ester, Pannaric acid, Pannaric acid 2-methyl ester, Porphyrilic acid","Elix, JA/ Naidu, R/ Laundon, JR 1994: The structure and synthesis of 4-oxypannaric acid 2-methyl ester, a dibenzofuran from the lichen Leproloma diffusum. Australian Journal of Chemistry 47: 703-714.",Lepraria diffusa,9-methyl 4-hydroxypannarate,acetyl-polymalonyl pathway,furans & furanones,Dibenzofurans,
4-oxypannaric acid 6-methyl ester,5,,,4,,,,10,,P,,x,Blue                ,Purple,,,,,,Green,,,,,"Occurs in Lepraria vouauxii, L. sipmaniana","4-Oxypannaric acid 2-methyl ester, Pannaric acid, Pannaric acid 2-methyl ester, Pannaric acid 6-methyl ester, Porphyrilic acid","Leuckert, C/Kümmerling, H 1991: Chemotanomische Studien in der Gattung Leproloma Nyl. ex Crombie (Lichenes). Nova Hedwigia 52: 17-32.","Lepraria vouauxii, L",,acetyl-polymalonyl pathway,furans & furanones,Dibenzofurans,
oxyphysodic acid [3-hydroxyphysodic acid],15,36,34,13,,,,17,+,G,,x,Green               ,Green,,,,,,,,,,,Visible: pale dull yellow. Occurs in Hypogymnia billardieri,"Colensoic acid, 3-Hydroxycolensoic acid, Lividic acid, 3- Methoxycolensoic acid, 2'-O-Methylphysodic acid, 4-O-Methylphysodic acid, Physodic acid","Huneck, S/ Yoshimura, I 1996: Identification of Lichen Substances. Springer-Verlag, Berlin, Heidelberg, New York: 330.",Hypogymnia billardieri,3-hydroxyphysodic acid,acetyl-polymalonyl pathway,depsidones,Orcinol Depsidones,
oxysiphulin,,,,,,,,,,Y,,x,Yellow              ,Yellow,,,,,,Red,,,,,Occurs in Siphula ceratites,"Protosiphulin, Siphulin","Shimada, S/ Saitoh, T/ Namiki, Y/ Sankawa, U/ Shibata, S 1980: New siphulin derivatives from the lichen Siphula ceratites. Phytochemistry 19: 467-469.",Siphula ceratites,,acetyl-polymalonyl pathway,chromones,Chromones,
oxyskyrin,,,,,,,,,+,Y,,x,Yellow              ,Yellow,,,,,Violet,,,,,,Orange pigment in Trypetheliopsis boninensis,"Emodin, Skyrin, Skyrinol","Santesson, J 1970: Chemical studies on lichens. 30. Anthraquinoid pigments of Trypetheliopsis boninensis and Ocellularia domingensis. Acta Chemica Scandanavica 24: 3331-3334.",,,acetyl-polymalonyl pathway,quinones,Anthraquinones,
paludosic acid,39,35,42,33,,,,17,,s,,Orange,Orange              ,B.Blue,,,,,Red,Red,,,,,"Acid Spray: pale orange, grey halo. LW UV: strong green, fades to bright blue. Occurs in Ramalina","Boninic acid, Cryptochlorophaeic acid, Homosekikaic acid, Merochlorophaeic acid, 4'-O-Methylpaludosic acid References: Culberson, CF 1969: Chemical and botanical guide to lichen products. Univ. North Carolina Press, Chapel Hill: 131. Huneck, S/ Yoshimura, I 1996: Identification of Lichen Substances. Springer-Verlag, Berlin, Heidelberg, New York: 291. Notes: Acid Spray: pale orange, grey halo. LW UV: strong green, fades to bright blue. Occurs in Ramalina paludosa","Culberson, CF 1969: Chemical and botanical guide to lichen products. Univ. North Carolina Press, Chapel Hill: 131. Huneck, S/ Yoshimura, I 1996: Identification of Lichen Substances. Springer-Verlag, Berlin, Heidelberg, New York: 291.",Ramalina paludosa,,acetyl-polymalonyl pathway,depsides,Orcinol Depsides,
pannaric acid,5,28,23,10,,,,6,,d,,x,Purple              ,B.Blue,,,,,,Green,,,,,"LW UV: dark purple, blue halo. Occurs in Lepraria membranacea","4-Oxypannaric acid 6-methyl ester, Pannaric acid 2-methyl ester, Pannaric acid 6-methyl ester, Porphyrilic acid, Schizopeltic acid References: Culberson, CF 1969: Chemical and botanical guide to lichen products. Univ. North Carolina Press, Chapel Hill: 168. Huneck, S/ Yoshimura, I 1996: Identification of Lichen Substances. Springer-Verlag, Berlin, Heidelberg, New York: 225. Notes: LW UV: dark purple, blue halo. Occurs in Lepraria membranacea","Culberson, CF 1969: Chemical and botanical guide to lichen products. Univ. North Carolina Press, Chapel Hill: 168. Huneck, S/ Yoshimura, I 1996: Identification of Lichen Substances. Springer-Verlag, Berlin, Heidelberg, New York: 225.",Lepraria membranacea,,acetyl-polymalonyl pathway,furans & furanones,Dibenzofurans,
pannaric acid 2-methyl ester [9-methyl pannarate],25,,28,21,,,,8,,B,,x,Purple              ,B.Blue,,,,,,Green,,,,,Occurs in Roccella capensis,"4-Oxypannaric acid 2-methyl ester, 4-Oxypannaric acid 6-methyl ester, Pannaric acid, Pannaric acid 6-methyl ester, Porphyrilic acid, Schizopeltic acid","Elix, JA/ Naidu, R/ Laundon, JR 1992: A synthesis of the lichen dibenzofuran pannaric acid 2- methyl ester and its isomer 3-O-methylpannaric acid. Australian Journal of Chemistry 45: 785-791.",Roccella capensis,9-methyl pannarate,acetyl-polymalonyl pathway,furans & furanones,Dibenzofurans,
pannaric acid 6-methyl ester [15-methyl pannarate],23,,33,17,,,,11,,s,,x,Purple              ,B.Blue,,,,,,Green,,,Medulla:,"Mass Spectrum: 330, ",Acid Spray: strong purple-grey. LW UV:strong-dark purple. Occurs in Lepraria vouauxii,"4-Oxypannaric acid 2-methyl ester, 4-Oxypannaric acid 6-methyl ester, Pannaric acid, Pannaric acid 2-methyl ester, Porphyrilic acid, Schizopeltic acid","Leuckert, C/Kümmerling, H 1989: Chemische Flechtenanalysen V. Pannsäure-6-methylester in einer Art der Gattung Lepraria und in Leprocaulon tenellum. Herzogia 8: 141-147.",Lepraria vouauxii,15-methyl pannarate,acetyl-polymalonyl pathway,furans & furanones,Dibenzofurans,
pannarin,73,68,63,79,40,64,,36,,B,,No Result,B.Blue              ,Brown,,,,,,,,Orange,,,"Acid Spray: purple-blue, brown halo if strong. Occurs in Pannaria conoplea","Argopsin, Dechloropannarin, Isonorpannarin, Nordechloropannarin, Norargopsin, Norpannarin, Vicanicin References: Culberson, CF 1969: Chemical and botanical guide to lichen products. Univ. North Carolina Press, Chapel Hill: 158. Huneck, S/ Yoshimura, I 1996: Identification of Lichen Substances. Springer-Verlag, Berlin, Heidelberg, New York: 345. Notes: Acid Spray: purple-blue, brown halo if strong. Occurs in Pannaria conoplea","Culberson, CF 1969: Chemical and botanical guide to lichen products. Univ. North Carolina Press, Chapel Hill: 158. Huneck, S/ Yoshimura, I 1996: Identification of Lichen Substances. Springer-Verlag, Berlin, Heidelberg, New York: 345.",Pannaria conoplea,,acetyl-polymalonyl pathway,depsidones,β-Orcinol Depsidones,
parietin [physcion],75,72,71,82,59,,90,50,+,O,,No Result,Yellow              ,Orange,,,,,Violet,,,,,,Yellow-orange pigment. Occurs in Xanthoria parietina,"Emodin, Fallacinal, Fragilin, Parietinic acid, Parietin bisanthrone, Teloschistin References: Culberson, CF 1969: Chemical and botanical guide to lichen products. Univ. North Carolina Press, Chapel Hill: 186. Huneck, S/ Yoshimura, I 1996: Identification of Lichen Substances. Springer-Verlag, Berlin, Heidelberg, New York: 179. Notes: Yellow-orange pigment. Occurs in Xanthoria parietina","Culberson, CF 1969: Chemical and botanical guide to lichen products. Univ. North Carolina Press, Chapel Hill: 186. Huneck, S/ Yoshimura, I 1996: Identification of Lichen Substances. Springer-Verlag, Berlin, Heidelberg, New York: 179.",Xanthoria parietina,physcion,acetyl-polymalonyl pathway,quinones,Anthraquinones,
parietin bisanthrone [physcion bisanthrone],67,,38,65,,,,55,+,B,,No Result,Grey                ,Brown,,,,,Violet,,,,,,Minor component in Letrouitia corallina,"Fallacinal, Fragilin, Parietinic acid, Parietin, Teloschistin","Johansson, S/ Søchting, U/ Elix, JA/ Wardlaw, JH 2005: Chemical variation in the lichen genus Letrouitia (Ascomycota, Letrouitiaceae). Mycological Progress 4: 139-148.",,physcion bisanthrone,acetyl-polymalonyl pathway,quinones,Anthraquinones,
parietinic acid,40,,45,47,,,,22,+,O,,x,Orange              ,Orange,,,,,Violet,,,,,,Yellow-orange pigment. Occurs in Xanthoria parietina,"Emodin, Fallacinal, Fragilin, Parietin, Parietin bisanthrone, Teloschistin References: Culberson, CF 1969: Chemical and botanical guide to lichen products. Univ. North Carolina Press, Chapel Hill: 187. Huneck, S/ Yoshimura, I 1996: Identification of Lichen Substances. Springer-Verlag, Berlin, Heidelberg, New York: 180. Notes: Yellow-orange pigment. Occurs in Xanthoria parietina","Culberson, CF 1969: Chemical and botanical guide to lichen products. Univ. North Carolina Press, Chapel Hill: 187. Huneck, S/ Yoshimura, I 1996: Identification of Lichen Substances. Springer-Verlag, Berlin, Heidelberg, New York: 180.",Xanthoria parietina,,acetyl-polymalonyl pathway,quinones,Anthraquinones,
patagonic acid,38,,47,42,,,,42,,G,,x,Yellow              ,Green,,,,,,,,,,,Occurs in Bunodophoron patagonicum,"Isopatagonic acid, Isosphaeric acid, 2-O-Methylpatagonic acid, Sphaerophorin","Elix, JA/ Venables, D/ Wedin, M 1994: New dibenzofurans and depsides from the lichen Bunodophoron patagonicum. Australian Journal of Chemistry 47: 1335-1344.",Bunodophoron patagonicum,,acetyl-polymalonyl pathway,depsides,Orcinol Depsides,
peristictic acid,4,,11,3,,,23,4,,Y,,No Result,Yellow              ,Yellow,402,385,384,370,,,,,,,Minor component in Relicina sydneyensis,"Constictic acid, Cryptostictic acid, Neotricone, Norstictic acid, Stictic acid","Elix, JA/Wardlaw, JH 2000: Lusitanic acid, peristictic acid and verrucigeric acid, three new β-orcinol depsidones form the lichens Relicina sydneyensis and Xanthoparmelia verrucigera. – Australian Journal of Chemistry 53: 815-818.",,,acetyl-polymalonyl pathway,depsidones,β-Orcinol Depsidones,
perlatolic acid,44,77,75,54,,,,47,,L,,Orange,Yellow              ,Green,366,348,309,290,,,,,,,"Acid Spray: pale yellow, grey halo. LW UV: deep purple, bright green halo. Occurs in Cetrelia","Anziaic acid, Divaricatic acid, Glomelliferic acid, Hyperlatolic acid, Imbricaric acid, Isohyperlatolic acid, Stenosporic acid, Superlatolic acid References: Culberson, CF 1969: Chemical and botanical guide to lichen products. Univ. North Carolina Press, Chapel Hill: 126. Huneck, S/ Yoshimura, I 1996: Identification of Lichen Substances. Springer-Verlag, Berlin, Heidelberg, New York: 292. Notes: Acid Spray: pale yellow, grey halo. LW UV: deep purple, bright green halo. Occurs in Cetrelia cetrarioides, Stereocaulon ramulosum (-)-allo-Pertusaric acid A: 37 B: 31 B': 33 C: 32 E: x F: x G: x HPLC: x V: − UV: − Acid Spray: P.Brown LW UV: Lilac Archers: No Result K: No Result C: No Result KC: No Result PD: No Result Mass spectrum: 366, 348, 309, 290 Substance Class: Aliphatic acids Biosynthetically Related Compounds: allo-Dihydropertusaric acid, allo-Protolichesterinic acid","Culberson, CF 1969: Chemical and botanical guide to lichen products. Univ. North Carolina Press, Chapel Hill: 126. Huneck, S/ Yoshimura, I 1996: Identification of Lichen Substances. Springer-Verlag, Berlin, Heidelberg, New York: 292.","Cetrelia cetrarioides, Stereocaulon ramulosum (-)-allo-Pertusaric acid A: 37 B: 31 B': 33 C: 32 E: x F: x G: x HPLC: x V: − UV: − Acid Spray: P",,acetyl-polymalonyl pathway,depsides,Orcinol Depsides,
phenarctin,66,,42,61,21,,,34,,O,,x,Yellow              ,Orange,,,,,Yellow,Red,,Yellow,,,"Visible: pale orange. Acid Spray: dark orange, dark yellow halo; weak yellow, grey halo. Occurs in","1'-Chloronephroarctin, 2'-O-Methylisopseudocyphellarin A, 2'-O- Methylphenarctin, 2'-O-Methylpseudocyphellarin A, Isopseudocyphellarin A, Nephroarctin, Pseudocyphellarin A, Pseudocyphellarin B","Bruun, T 1971: Phenarctin, a fully substituted depside from Nephroma arcticum. Acta Chemica Scandanavica 25: 2831-2836.",Nephroma arcticum,,acetyl-polymalonyl pathway,depsides,β-Orcinol Depsides,
phlebic acid a,38,,35,40,8,,45,,,L,,x,P.Brown             ,Lilac,,,,,,,,,,,Acid Spray: fades to purple. Occurs in Peltigera aphthosa,"Phlebic acid B, Phlebic acid C, Phlebic acid D","Takahashi, R/ Tanaka, O/ Shibata, S 1969: Occurrence of 15α-acetoxy-22-hydroxyhopane and phlebic acid A in the lichen, Peltigera aphthosa. Phytochemistry 8: 2345-2349.",Peltigera aphthosa,,mevalonic acid pathway,terpenoids & steroids,Terpenoids,
phlebic acid b,44,,42,48,26,,50,,,L,,x,P.Brown             ,Lilac,,,,,,,,,,,Acid Spray: fades to purple. Occurs in Peltigera aphthosa,"Phlebic acid A, Phlebic acid C, Phlebic acid D","Takahashi, R/ Tanaka, O/ Shibata, S 1970: The structure of phlebic acid B, a constituent of the lichen Peltigera aphthosa, and the occurrence of of 15α-acetoxy- and β-acetoxy-22-hydroxyhopane in P. dolichorrhiza. Phytochemistry 9: 2037-2040.",Peltigera aphthosa,,mevalonic acid pathway,terpenoids & steroids,Terpenoids,
phlebic acid c,,,,46,,,,,,L,,x,P.Brown             ,Lilac,,,,,,,,,,,Acid Spray: fades to purple. Occurs in Peltigera aphthosa,"Phlebic acid A, Phlebic acid B, Phlebic acid D","Batchelor, FW/ King, GG/ Richardson, J 1990: Phlebic acids C and D, lichen acids from Peltigera aphthosa. Phytochemistry 29: 601-604.",Peltigera aphthosa,,mevalonic acid pathway,terpenoids & steroids,Terpenoids,
phlebic acid d,,,,38,,,,,,L,,x,P.Brown             ,Lilac,,,,,,,,,,,Acid Spray: fades to purple. Occurs in Peltigera aphthosa,"Phlebic acid A, Phlebic acid B, Phlebic acid C","Batchelor, FW/ King, GG/ Richardson, J 1990: Phlebic acids C and D, lichen acids from Peltigera aphthosa. Phytochemistry 29: 601-604.",Peltigera aphthosa,,mevalonic acid pathway,terpenoids & steroids,Terpenoids,
phyllopsorin,66,,45,64,8,,,22,,Y,,x,Yellow              ,Yellow,,,,,,,,Orange,,,Occurs in Phyllopsora ochroxantha,"Allorhizin, Argopsin, Chlorophyllopsorin, Methyl 2,7- dichloronorpsoromate, Methyl 2,7-dichloropsoromate, Pannarin","Elix, JA/ Venables, DA/ Brako, L 1990: New chlorine containing depsidones from the lichen Phyllopsora corallina var. ochroxantha. Australian Journal of Chemistry 43: 1953-1959.",Phyllopsora ochroxantha,,acetyl-polymalonyl pathway,depsidones,β-Orcinol Depsidones,
physciosporin,73,,59,78,37,,,38,,B,,P.Red,P.Brown             ,Brown,,,,,,,,Orange,,,"Acid Spray: fades to purple-blue. Visible: strong, pale orange. Occurs in Pseudocyphellaria faveolata","2-Chlorovirensic acid, Hypophysciosporin, Methyl virensate, Virensic acid","Maass, WSG/ McInnes, AG/ Smith, DG/ Tayloe, A 1977: Lichen substances. X. Physciosporin, a new chlorinated depsidone. Canadian Journal of Chemistry 55: 2839-2844.",Pseudocyphellaria faveolata,,acetyl-polymalonyl pathway,depsidones,β-Orcinol Depsidones,
physodalic acid,10,31,33,19,,,46,18,,P,,No Result,Grey                ,Purple,,,,,P.Brown,,,Orange,,,Occurs in Hypogymnia physodes,"Conphysodalic acid, Fumarprotocetraric acid, Malonprotocetraric acid, Protocetraric acid, Succinprotocetraric acid, Virensic acid References: Culberson, CF 1969: Chemical and botanical guide to lichen products. Univ. North Carolina Press, Chapel Hill: 158. Huneck, S/ Yoshimura, I 1996: Identification of Lichen Substances. Springer-Verlag, Berlin, Heidelberg, New York: 346. Notes: Occurs in Hypogymnia physodes","Culberson, CF 1969: Chemical and botanical guide to lichen products. Univ. North Carolina Press, Chapel Hill: 158. Huneck, S/ Yoshimura, I 1996: Identification of Lichen Substances. Springer-Verlag, Berlin, Heidelberg, New York: 346.",Hypogymnia physodes,,acetyl-polymalonyl pathway,depsidones,β-Orcinol Depsidones,
physodic acid,25,35,35,18,,,,25,,P,,No Result,P.Orange            ,Purple,,,,,,,P.Red,,,,"Acid Spray: very pale orange, fades to grey. Occurs in Hypogymnia physodes","Colensoic acid, Lividic acid 2'-O-Methylphysodic acid, 4-O- Methylphysodic acid, Oxyphysodic acid, Vittatolic acid References: Culberson, CF 1969: Chemical and botanical guide to lichen products. Univ. North Carolina Press, Chapel Hill: 139. Huneck, S/ Yoshimura, I 1996: Identification of Lichen Substances. Springer-Verlag, Berlin, Heidelberg, New York: 346. Notes: Acid Spray: very pale orange, fades to grey. Occurs in Hypogymnia physodes","Culberson, CF 1969: Chemical and botanical guide to lichen products. Univ. North Carolina Press, Chapel Hill: 139. Huneck, S/ Yoshimura, I 1996: Identification of Lichen Substances. Springer-Verlag, Berlin, Heidelberg, New York: 346.",Hypogymnia physodes,,acetyl-polymalonyl pathway,depsidones,Orcinol Depsidones,
picrolichenic acid,38,39,45,36,,,,22,+,Y,,x,P. Yellow           ,Purple,547,546,528,249,Red,,,,,,Occurs in Pertusaria amara,"Hyperpicrolichenic acid, Isohyperpicrolichenic acid, Isosubpicrolichenic acid, Subpicrolichenic acid, Superpicrolichenic acid References: Culberson, CF 1969: Chemical and botanical guide to lichen products. Univ. North Carolina Press, Chapel Hill: 140. Huneck, S/ Yoshimura, I 1996: Identification of Lichen Substances. Springer-Verlag, Berlin, Heidelberg, New York: 355. Notes: Occurs in Pertusaria amara Pigmentosin A A: 54 B: x B': 13 C: 55 E: x F: x G: x HPLC: 26 V: + UV: + Acid Spray: Brown LW UV: Yellow Archers: x K: Red C: No Result KC: PD: No Result Mass spectrum: 547, 546, 528, 249 Substance Class: Naphthopyrones Biosynthetically Related Compounds: Vioxanthin","Culberson, CF 1969: Chemical and botanical guide to lichen products. Univ. North Carolina Press, Chapel Hill: 140. Huneck, S/ Yoshimura, I 1996: Identification of Lichen Substances. Springer-Verlag, Berlin, Heidelberg, New York: 355.","Pertusaria amara Pigmentosin A A: 54 B: x B': 13 C: 55 E: x F: x G: x HPLC: 26 V: + UV: + Acid Spray: Brown LW UV: Yellow Archers: x K: Red C: No Result KC: PD: No Result Mass spectrum: 547, 546, 528, 249 Substance Class: Naphthopyrones Biosynthetically Related Compounds: Vioxanthin Reference: Elix, JA/Wardlaw, JH 2004: Pigmentosin A, a new naphthopyrone from the lichen Hypotrachyna immaculata",,acetyl-polymalonyl pathway,depsones,Depsones,
pinastric acid,70,57,55,78,22,,,29,+,d,,x,Yellow              ,Yellow,,,,,,,,,,,Yellow pigment. LW UV: deep mustard yellow. Occurs in Vulpicida pinastri,"Calycin, Pulvinic acid, Pulvinic dilactone, Leprapinic acid References: Culberson, CF 1969: Chemical and botanical guide to lichen products. Univ. North Carolina Press, Chapel Hill: 212. Huneck, S/ Yoshimura, I 1996: Identification of Lichen Substances. Springer-Verlag, Berlin, Heidelberg, New York: 401. Notes: Yellow pigment. LW UV: deep mustard yellow. Occurs in Vulpicida pinastri","Culberson, CF 1969: Chemical and botanical guide to lichen products. Univ. North Carolina Press, Chapel Hill: 212. Huneck, S/ Yoshimura, I 1996: Identification of Lichen Substances. Springer-Verlag, Berlin, Heidelberg, New York: 401.",Vulpicida pinastri,,shikimic acid pathway,pulvinic acid derivatives,Pulvinic acid derivatives,
placodiolic acid,65,63,60,67,21,,,27,,d,,x,Orange              ,Purple,,,,,Yellow,,D. Yellow,,,,Yellow pigment. LW UV: deep mustard yellow. Occurs in Rhizoplaca chrysoleuca,"Isoplacodiolic acid, Isopseudoplacodiolic acid, Isousnic acid, Methylplacodiolic acid, Pseudoplacodiolic acid, Usnic acid","Huneck, S 1972: Flechteninhaltstoffe – XCIII. Struktur der (-)-Placodiolsäure. Tetrahedron 28: 4011- 4017.",Rhizoplaca chrysoleuca,,acetyl-polymalonyl pathway,usnic acid derivatives,Usnic acid derivatives,
planaic acid,47,38,36,50,,,,34,,P,,No Result,P.Yellow            ,Purple,,,,,,,,,,,"Acid Spray: pale yellow, grey halo. LW UV spray: purple, green halo. Occurs in Lecidea plana","4-O-Demethylplanaic acid, Hyperplanaic acid, 2-O-Methylconfluentic acid, 2-O-Methylperlatolic acid, Methyl planaiate, Isohyperplanaic acid, Superplanaic acid References: Culberson, CF 1969: Chemical and botanical guide to lichen products. Univ. North Carolina Press, Chapel Hill: 127. Huneck, S/ Yoshimura, I 1996: Identification of Lichen Substances. Springer-Verlag, Berlin, Heidelberg, New York: 293. Notes: Acid Spray: pale yellow, grey halo. LW UV spray: purple, green halo. Occurs in Lecidea plana","Culberson, CF 1969: Chemical and botanical guide to lichen products. Univ. North Carolina Press, Chapel Hill: 127. Huneck, S/ Yoshimura, I 1996: Identification of Lichen Substances. Springer-Verlag, Berlin, Heidelberg, New York: 293.",Lecidea plana,,acetyl-polymalonyl pathway,depsides,Orcinol Depsides,
platysporic acid [platysporum unknown],55,,51,60,,,,,,P,,x,D.Brown             ,Purple,,,,,,,,,,,Occurs in Fibrillithecis halei,Psoromic acid,"Frisch, A 2006. The lichen family Thelotremataceae in Africa. Bibliotheca Lichenologica 92: 1-367.",Fibrillithecis halei,platysporum unknown,acetyl-polymalonyl pathway,depsidones,Unknown [Depsidone?],
polyporic acid,29,28,29,19,22,,,11,+,D,,x,P.Red               ,D.Red,,,,,,,,,,,Deep red pigment. Occurs in Pseudocyphellaria coronata,"References: Culberson, CF 1969: Chemical and botanical guide to lichen products. Univ. North Carolina Press, Chapel Hill: 208. Huneck, S/ Yoshimura, I 1996: Identification of Lichen Substances. Springer-Verlag, Berlin, Heidelberg, New York: 184. Notes: Deep red pigment. Occurs in Pseudocyphellaria coronata","Culberson, CF 1969: Chemical and botanical guide to lichen products. Univ. North Carolina Press, Chapel Hill: 208. Huneck, S/ Yoshimura, I 1996: Identification of Lichen Substances. Springer-Verlag, Berlin, Heidelberg, New York: 184.",Pseudocyphellaria coronata,,shikimic acid pathway,terphenylquinones,Terphenyl quinones,
porphyrilic acid,9,11,11,5,27,,,7,,P,,x,P.Grey              ,Purple,,,,,,Green,,,,,Occurs in Haematomma ochroleucum,"Methyl porphyrilate. Pannaric acid References: Culberson, CF 1969: Chemical and botanical guide to lichen products. Univ. North Carolina Press, Chapel Hill: 168. Huneck, S/ Yoshimura, I 1996: Identification of Lichen Substances. Springer-Verlag, Berlin, Heidelberg, New York: 226. Notes: Occurs in Haematomma ochroleucum","Culberson, CF 1969: Chemical and botanical guide to lichen products. Univ. North Carolina Press, Chapel Hill: 168. Huneck, S/ Yoshimura, I 1996: Identification of Lichen Substances. Springer-Verlag, Berlin, Heidelberg, New York: 226.",Haematomma ochroleucum,,acetyl-polymalonyl pathway,furans & furanones,Dibenzofurans,
portentol,,,,,,,,,,x,,x,x                   ,x,,,,,,,,,,,Occurs in Roccella galapagoensis,Acetylportentol,"Aberhart, DJ/ Overton, KH/ Huneck, S 1970: Portentol: an unusual polypropionate from the lichen Roccella portentosa. Journal of the Chemical Society (C): 1612-1623.",Roccella galapagoensis,,acetyl-polymalonyl pathway,aliphatic acids & aliphatic compounds,Aliphatic acids,
praesorediosic acid,30,,39,35,,,,32,,P,,x,P.Brown             ,Purple,,,,,,,,,,,Occurs in Parmotrema praesorediosum,Protopraesorediosic acid,"David, F/ Elix, J.A/ Samsudin, MW 1990: Two new aliphatic acids from the lichen Parmotrema praesorediosum. Australian Journal of Chemistry 43: 1297-1300.",Parmotrema praesorediosum,,acetyl-polymalonyl pathway,aliphatic acids & aliphatic compounds,Aliphatic acids,
protocetraric acid,3,19,19,5,,,27,13,,P,,x,Grey                ,Purple,,,,,P.Brown,,,Red,,,Lichen spot test: K+ pale dingy yellowish brown. Occurs in Flavoparmelia caperata,"Conprotocetraric acid, Fumarprotocetraric acid, Malonprotocetraric acid, Physodalic acid, Salazinic acid, Subvirensic acid, Succinprotocetraric acid, Virensic acid References: Culberson, CF 1969: Chemical and botanical guide to lichen products. Univ. North Carolina Press, Chapel Hill: 159. Huneck, S/ Yoshimura, I 1996: Identification of Lichen Substances. Springer-Verlag, Berlin, Heidelberg, New York: 347. Notes: Lichen spot test: K+ pale dingy yellowish brown. Occurs in Flavoparmelia caperata","Culberson, CF 1969: Chemical and botanical guide to lichen products. Univ. North Carolina Press, Chapel Hill: 159. Huneck, S/ Yoshimura, I 1996: Identification of Lichen Substances. Springer-Verlag, Berlin, Heidelberg, New York: 347.",Flavoparmelia caperata,,acetyl-polymalonyl pathway,depsidones,β-Orcinol Depsidones,
protoconstipatic acid,26,,17,26,,,,27,,P,,x,P.Brown             ,Yellow,324,306,280,279,,,,,,,Optical antipode of murolic acid. Occurs in Xanthoparmelia constipata,"Constipatic acid, Dehydroconstipatic acid, Lichesterinic acid, Murolic acid, Protolichesterinic acid","Chester, DO/ Elix, JA 1979: Three new aliphatic acids from lichens of genus Parmelia (subg. Xanthoparmelia). Australian Journal of Chemistry 32: 2566-2569.",Xanthoparmelia constipata allo-Protolichesterinic acid A: 42 B: x B': x C: 44 E: x F: x G: x HPLC: x V: − UV: − Acid Spray: P,,acetyl-polymalonyl pathway,aliphatic acids & aliphatic compounds,Aliphatic acids,
protolichesterinic acid,35,47,46,37,,,,48,,w,,x,No Result           ,Purple,,,,,,,,,,,"LW UV: weak spot difficult to detect, often UV-quenching. Best seen as wet plate dries.","Constipatic acid, Dehydroconstipatic acid, Lichesterinic acid, Murolic acid, Protoconstipatic acid References: Culberson, CF 1969: Chemical and botanical guide to lichen products. Univ. North Carolina Press, Chapel Hill: 159. Huneck, S/ Yoshimura, I 1996: Identification of Lichen Substances. Springer-Verlag, Berlin, Heidelberg, New York: 347. Notes: LW UV: weak spot difficult to detect, often UV-quenching. Best seen as wet plate dries. Occurs in Cetraria islandica","Culberson, CF 1969: Chemical and botanical guide to lichen products. Univ. North Carolina Press, Chapel Hill: 159. Huneck, S/ Yoshimura, I 1996: Identification of Lichen Substances. Springer-Verlag, Berlin, Heidelberg, New York: 347.",Cetraria islandica,,acetyl-polymalonyl pathway,aliphatic acids & aliphatic compounds,Aliphatic acids,
protoneuropogolic acid,26,,17,26,,,,30,,w,,x,No Result           ,Purple,368,353,350,,,,,,,,"LW UV: weak spot difficult to detect, often UV-quenching. Best seen as wet plate dries.",Neuropogolic acid,New report,Neuropogon trachycarpus,,acetyl-polymalonyl pathway,aliphatic acids & aliphatic compounds,Aliphatic acids,
protopraesorediosic acid,26,,32,31,,,,29,,P,,x,No Result           ,Purple,,,,,,,,,,,Occurs in Parmotrema praesorediosum,Praesorediosic acid,"David, F/ Elix, J.A/ Samsudin, MW 1990: Two new aliphatic acids from the lichen Parmotrema praesorediosum. Australian Journal of Chemistry 43: 1297-1300.",Parmotrema praesorediosum,,acetyl-polymalonyl pathway,aliphatic acids & aliphatic compounds,Aliphatic acids,
protosiphulin,,,,,,,,11,,B,,x,Yellow              ,Yellow,,,,,,Red,Red,,,,Occurs in Siphula ceratites,"Oxysiphulin, Siphulin","Shimada, S/ Saitoh, T/ Namiki, Y/ Sankawa, U/ Shibata, S 1980: New siphulin derivatives from the lichen Siphula ceratites. Phytochemistry 19: 467-469.",Siphula ceratites Pseudocyphellarin A A: 75 B: 67 B': 74 C: 80 E: 66 F: x G: x HPLC: 44 V: − UV: + Acid Spray: P,,acetyl-polymalonyl pathway,chromones,Chromones,
pseudoplacodiolic acid,58,52,46,57,22,,,25,,+,,x,,,,,,,Yellow,,D.Yellow,,,,Occurs in Rhizoplaca chrysoleuca,"Isoplacodiolic acid, Isopseudoplacodiolic acid, Isousnic acid, Methyl isoplacodiolic acid, Methylplacodiolic acid, Placodiolic acid, Usnic acid","Huneck, S/ Akinniyi, JA/ Cameron, AF/ Connolly, JD/ Mulholland, AG 1981: The absolute configuration of (+)-usnic acid and (+)-isousnic acids. X-Ray analyses of the (-)_α-phenylethylamine derivative of (+)-usnic acid and (-)-pseudoplacodiolic acid, a new dibenzofuran from the lichen Rhizoplaca chrysoleuca. Tetrahedron Letters 22: 351-352.",Rhizoplaca chrysoleuca,,acetyl-polymalonyl pathway,usnic acid derivatives,Usnic acid derivatives,
psoromic acid,36,41,46,41,,,57,21,,B,,No Result,Brown               ,Brown,,,,,Yellow,Yellow,,Yellow,,,Occurs in Usnea inermis,"2’-O-Demethylpsoromic acid, Methyl psoromate, Subpsoromic acid References: Culberson, CF 1969: Chemical and botanical guide to lichen products. Univ. North Carolina Press, Chapel Hill: 160. Huneck, S/ Yoshimura, I 1996: Identification of Lichen Substances. Springer-Verlag, Berlin, Heidelberg, New York: 347. Notes: Occurs in Usnea inermis","Culberson, CF 1969: Chemical and botanical guide to lichen products. Univ. North Carolina Press, Chapel Hill: 160. Huneck, S/ Yoshimura, I 1996: Identification of Lichen Substances. Springer-Verlag, Berlin, Heidelberg, New York: 347.",Usnea inermis,,acetyl-polymalonyl pathway,depsidones,β-Orcinol Depsidones,
pulvinamide,43,,31,43,13,,,18,+,d,,x,Yellow              ,Yellow,,,,,,,,,,,Yellow pigment. LW UV: deep brownish yellow. Occurs in Pseudocyphellaria crocata,"Calycin, Pulvinic acid, Pulvinic dilactone","Maass, WSG 1970: Pulvinamide and possible biosynthetic relationships with pulvinic acid. Phytochemistry 9: 2477-2481.",Pseudocyphellaria crocata,,shikimic acid pathway,pulvinic acid derivatives,Pulvinic acid derivatives,
pulvinic acid,9,36,42,7,10,,,6,+,d,,x,Yellow              ,Yellow,,,,,,,,,,,Yellow pigment. LW UV: deep brownish yellow. Occurs in Pseudocyphellaria crocata,"Calycin, Pulvinamide, Pulvinic dilactone, Vulpinic acid References: Culberson, CF 1969: Chemical and botanical guide to lichen products. Univ. North Carolina Press, Chapel Hill: 213. Huneck, S/ Yoshimura, I 1996: Identification of Lichen Substances. Springer-Verlag, Berlin, Heidelberg, New York: 402. Notes: Yellow pigment. LW UV: deep brownish yellow. Occurs in Pseudocyphellaria crocata","Culberson, CF 1969: Chemical and botanical guide to lichen products. Univ. North Carolina Press, Chapel Hill: 213. Huneck, S/ Yoshimura, I 1996: Identification of Lichen Substances. Springer-Verlag, Berlin, Heidelberg, New York: 402.",Pseudocyphellaria crocata,,shikimic acid pathway,pulvinic acid derivatives,Pulvinic acid derivatives,
pulvinic dilactone [pulvinic acid lactone],80,82,82,90,81,,,43,+,d,,x,Yellow              ,Yellow,,,,,,,,,,,Yellow pigment. LW UV: deep brownish yellow. Occurs in Pseudocyphellaria crocata,"Calycin, Pulvinamide, Pulvinic acid, Vulpinic acid References: Culberson, CF 1969: Chemical and botanical guide to lichen products. Univ. North Carolina Press, Chapel Hill: 214. Huneck, S/ Yoshimura, I 1996: Identification of Lichen Substances. Springer-Verlag, Berlin, Heidelberg, New York: 402. Notes: Yellow pigment. LW UV: deep brownish yellow. Occurs in Pseudocyphellaria crocata","Culberson, CF 1969: Chemical and botanical guide to lichen products. Univ. North Carolina Press, Chapel Hill: 214. Huneck, S/ Yoshimura, I 1996: Identification of Lichen Substances. Springer-Verlag, Berlin, Heidelberg, New York: 402.",Pseudocyphellaria crocata,pulvinic acid lactone,shikimic acid pathway,pulvinic acid derivatives,Pulvinic acid derivatives,
quaesitic acid,6,,9,6,,,,10,,O,,No Result,Orange              ,Orange,,,,,Red,,,Orange,,,Occurs in Hypotrachyna quaesita,"Consalazinic acid, Galbinic acid, Salazinic acid, Succinsalazinic acid","Elix, JA/ Wardlaw, JH 1999: The structure of chalybaeizanic acid and quaesitic acid, two new lichen depsidones related to salazinic acid. Australian Journal of Chemistry 52: 713-715.",Hypotrachyna quaesita,,acetyl-polymalonyl pathway,depsidones,β-Orcinol Depsidones,
ramalinaic acid,9,,6,,,,18,10,,O,,No Result,Yellow              ,Orange,,,,,,Red,,,,,Occurs in Ramalina americana,"Consalazinic acid, Galbinic acid, Salazinic acid","Griffin, FK 1993: Structure determination and synthesis of some β-orcinol para-depsides. MSc Thesis, Australian National University, Canberra",Ramalina americana,,acetyl-polymalonyl pathway,depsides,Orcinol β-Orcinol Depsides,
ramalinolic acid,44,,57,43,,,,30,,G,,No Result,P.Yellow            ,Green,,,,,,Red,,,,,"Acid Spray: pale yellow, grey halo; fades to pale orange. Occurs in Ramalina nervulosa","4'-O-Demethylsekikaic acid, Homosekikaic acid, 4'-O- Methylnorhomosekikaic acid, 4'-O-Methylnorsekikaic acid, Sekikaic acid References: Culberson, CF 1969: Chemical and botanical guide to lichen products. Univ. North Carolina Press, Chapel Hill: 132. Huneck, S/ Yoshimura, I 1996: Identification of Lichen Substances. Springer-Verlag, Berlin, Heidelberg, New York: 295. Notes: Acid Spray: pale yellow, grey halo; fades to pale orange. Occurs in Ramalina nervulosa","Culberson, CF 1969: Chemical and botanical guide to lichen products. Univ. North Carolina Press, Chapel Hill: 132. Huneck, S/ Yoshimura, I 1996: Identification of Lichen Substances. Springer-Verlag, Berlin, Heidelberg, New York: 295.",Ramalina nervulosa,,acetyl-polymalonyl pathway,depsides,Orcinol Depsides,
rangiformic acid,29,38,41,33,,,,,,N,,No Result,No Result           ,No Result,,,,,,,,,,,Occurs in Caldonia rangiformis,"Isorangiformic acid, Norrangiformic acid References: Culberson, CF 1969: Chemical and botanical guide to lichen products. Univ. North Carolina Press, Chapel Hill: 107. Huneck, S/ Yoshimura, I 1996: Identification of Lichen Substances. Springer-Verlag, Berlin, Heidelberg, New York: 153. Notes: Occurs in Caldonia rangiformis","Culberson, CF 1969: Chemical and botanical guide to lichen products. Univ. North Carolina Press, Chapel Hill: 107. Huneck, S/ Yoshimura, I 1996: Identification of Lichen Substances. Springer-Verlag, Berlin, Heidelberg, New York: 153.",Caldonia rangiformis,,acetyl-polymalonyl pathway,aliphatic acids & aliphatic compounds,Aliphatic acids,
retigeranic acid a,73,,95,83,81,,,,,f,,No Result,P.Brown             ,P.Yellow,,,,,,,,,,,"Acid Spray: pale brown, grey halo; fades to purple, violet halo. LW UV: fades to pale pink. Occurs in",Retigeranic acid B,"Sugawara, H/ Kasuya, A/ Iitaka, Y/ Shibata, S 1991: Further studies on the structure of retigeranic acid. Chemical and Pharmaceutical Bulletin (Tokyo) 39: 3051-3054.",Lobaria isidiosa,,mevalonic acid pathway,terpenoids & steroids,Terpenoids,
retigeranic acid b,73,,95,80,78,,,,,f,,No Result,P.Brown             ,P.Yellow,,,,,,,,,,,"Acid Spray: pale brown, grey halo; fades to purple, violet halo. LW UV: fades to pale pink. Occurs in",Retigeranic acid A,"Sugawara, H/ Kasuya, A/ Iitaka, Y/ Shibata, S 1991: Further studies on the structure of retigeranic acid. Chemical and Pharmaceutical Bulletin (Tokyo) 39: 3051-3054.",Lobaria isidiosa,,mevalonic acid pathway,terpenoids & steroids,Terpenoids,
retigeric acid a,17,,22,19,,,68,,,p,,No Result,P.Brown             ,Pink,,,,,,,,,,,Acid Spray: pale pinkish brown. LW UV: pale pink with whitish halo. Occurs in Lobaria retigera,Retigeric acid B,"Takahashi, R/ Chiang, H-C/ Aimi, N/ Tanaka, O/ Shibata, S 1972: The structures of retigeric acids A and B from lichens of the Lobaria retigera group. Phytochemistry 11: 2039-2045.",Lobaria retigera,,mevalonic acid pathway,terpenoids & steroids,Terpenoids,
retigeric acid b,4,,13,10,,,12,,,p,,No Result,P.Brown             ,Pink,,,,,,,,,,,Acid Spray: pale pinkish brown. LW UV: pale pink with whitish halo. Occurs in Lobaria retigera,Retigeric acid A,"Takahashi, R/ Chiang, H-C/ Aimi, N/ Tanaka, O/ Shibata, S 1972: The structures of retigeric acids A and B from lichens of the Lobaria retigera group. Phytochemistry 11: 2039-2045.",Lobaria retigera,,mevalonic acid pathway,terpenoids & steroids,Terpenoids,
rhein,61,,62,47,,,,22,+,M,,x,Red-orange          ,Magenta,268,,,,Red-violet,,,,,,Yellow pigment. Occurs in Caloplaca rheinigera,"Chrysophanal, Chrysophanol","Kondratyuk, SY/ Kärnefelt, I/ Elix, JA/ Thell, A 2007: New species of the genus Caloplaca in Australia. Bibliotheca Lichenologica 95: 341-386.",Caloplaca rheinigera,,acetyl-polymalonyl pathway,quinones,Anthraquinones,
rhizocarpic acid,67,41,41,65,22,,,34,+,O,,x,Yellow              ,Orange,,,,,,,,,,,Yellow pigment. Occurs in Rhizocarpon geographicum,"Epanorin, Pulvinic acid, Pulvinic dilactone References: Culberson, CF 1969: Chemical and botanical guide to lichen products. Univ. North Carolina Press, Chapel Hill: 215. Huneck, S/ Yoshimura, I 1996: Identification of Lichen Substances. Springer-Verlag, Berlin, Heidelberg, New York: 402. Notes: Yellow pigment. Occurs in Rhizocarpon geographicum","Culberson, CF 1969: Chemical and botanical guide to lichen products. Univ. North Carolina Press, Chapel Hill: 215. Huneck, S/ Yoshimura, I 1996: Identification of Lichen Substances. Springer-Verlag, Berlin, Heidelberg, New York: 402.",Rhizocarpon geographicum,,shikimic acid pathway,pulvinic acid derivatives,Pulvinic acid derivatives,
rhodocladonic acid,0,,1,0,,,,8,+,R,,x,Red                 ,Red,,,,,Violet,,,,,,Red-purple pigment. Occurs in Cladonia floerkeana,"Chiodectonic acid References: Culberson, CF 1969: Chemical and botanical guide to lichen products. Univ. North Carolina Press, Chapel Hill: 187. Huneck, S/ Yoshimura, I 1996: Identification of Lichen Substances. Springer-Verlag, Berlin, Heidelberg, New York: 167. Notes: Red-purple pigment. Occurs in Cladonia floerkeana","Culberson, CF 1969: Chemical and botanical guide to lichen products. Univ. North Carolina Press, Chapel Hill: 187. Huneck, S/ Yoshimura, I 1996: Identification of Lichen Substances. Springer-Verlag, Berlin, Heidelberg, New York: 167.",Cladonia floerkeana,,acetyl-polymalonyl pathway,quinones,Naphthaquinones,
roccellaric acid,50,,,,,,,,,N,,No Result,No Result           ,No Result,,,,,,,,,,,Occurs in Roccellaria mollis,x,"Huneck, S/ Follmann, G 1967: Über die Inhaltstoffe von Roccellaria mollis (Hampe) Zahlbr. und die struktur sowie absolute Konfiguration der Roccellarsäure. Zeitschrift für Naturforschung 22b: 666-670.",Roccellaria mollis,,acetyl-polymalonyl pathway,aliphatic acids & aliphatic compounds,Aliphatic acids,
roccellic acid,42,60,60,48,,,,,,N,,No Result,No Result           ,No Result,,,,,,,,,,,Occurs in Roccella phycopsis,"Angardianic acid References: Culberson, CF 1969: Chemical and botanical guide to lichen products. Univ. North Carolina Press, Chapel Hill: 108. Huneck, S/ Yoshimura, I 1996: Identification of Lichen Substances. Springer-Verlag, Berlin, Heidelberg, New York: 154. Notes: Occurs in Roccella phycopsis","Culberson, CF 1969: Chemical and botanical guide to lichen products. Univ. North Carolina Press, Chapel Hill: 108. Huneck, S/ Yoshimura, I 1996: Identification of Lichen Substances. Springer-Verlag, Berlin, Heidelberg, New York: 154.",Roccella phycopsis,,acetyl-polymalonyl pathway,aliphatic acids & aliphatic compounds,Aliphatic acids,
roccellin,,,,,,,,8,+,x,,No Result,x                   ,x,,,,,Yellow,,,,,,Pale yellow pigment. Occurs in Roccellaria mollis,"Galapagin, Mollin","Huneck, S/ Jakupovic, J/ Follmann, G 1992: The final structures of the lichen chromones galapagin, lobodirin, mollin and roccellin. Zeitschrift für Naturforschung 47B: 449-451.",Roccellaria mollis,,acetyl-polymalonyl pathway,chromones,Chromones,
rugulosin,30,,14,14,3,,,15,+,B,,x,Red-brown           ,Brown,,,,,Violet,,,,,,Bright yellow pigment. Occurs in Acroscyphus sphaerophoroides,"Emodin, Graciliformin, Skyrin References: Culberson, CF 1969: Chemical and botanical guide to lichen products. Univ. North Carolina Press, Chapel Hill: 188. Huneck, S/ Yoshimura, I 1996: Identification of Lichen Substances. Springer-Verlag, Berlin, Heidelberg, New York: 180. Notes: Bright yellow pigment. Occurs in Acroscyphus sphaerophoroides","Culberson, CF 1969: Chemical and botanical guide to lichen products. Univ. North Carolina Press, Chapel Hill: 188. Huneck, S/ Yoshimura, I 1996: Identification of Lichen Substances. Springer-Verlag, Berlin, Heidelberg, New York: 180.",Acroscyphus sphaerophoroides,,acetyl-polymalonyl pathway,quinones,Anthraquinones,
russulone [nemetzone],60,,61,50,,,,42,+,P,,x,P.Red               ,Pink,352,338,323,309,Purple,,,,,,Red pigment. Occurs in Ramboldia russula,"Endocrocin, Norrussulone","Staiger, B/ Kalb, K 1995: Haematomma-Studien. I. Die Flechtengattung Haematomma. Bibliotheca Lichenologica 59: 3-198.",Ramboldia russula,nemetzone,acetyl-polymalonyl pathway,quinones,Anthraquinones,
salazinic acid,10,7,7,4,,,26,5,,O,,x,Orange              ,Orange,,,,,D.Red,,,Orange,,,Occurs in Xanthoparmelia tasmanica,"Connorstictic acid, Consalazinic acid, Galbinic acid, Hyposalazinic acid, Norstictic acid, Protocetraric acid References: Culberson, CF 1969: Chemical and botanical guide to lichen products. Univ. North Carolina Press, Chapel Hill: 161. Huneck, S/ Yoshimura, I 1996: Identification of Lichen Substances. Springer-Verlag, Berlin, Heidelberg, New York: 348. Notes: Occurs in Xanthoparmelia tasmanica","Culberson, CF 1969: Chemical and botanical guide to lichen products. Univ. North Carolina Press, Chapel Hill: 161. Huneck, S/ Yoshimura, I 1996: Identification of Lichen Substances. Springer-Verlag, Berlin, Heidelberg, New York: 348.",Xanthoparmelia tasmanica,,acetyl-polymalonyl pathway,depsidones,β-Orcinol Depsidones,
salazinolide [6α-deoxysalazinic acid],18,,12,8,,,,13,,B,,x,Yellow              ,Brown,,,,,D.Red,,,Orange,,,"Acid Spray: blue-grey, yellow on standing. Minor component in Heterodermia queenslandica","Consalazinolide, Norstictic acid, Salazinic acid","Elix, JA 2010: Two new species, a new combination and new chemical data for Heterodermia (Physciaceae: Ascomycota). Australasian Lichenology 67: 3-7.",,6α-deoxysalazinic acid,acetyl-polymalonyl pathway,depsidones,β-Orcinol Depsidones,
scabrosin acetate butanoate [4-acetyl-4'-butyrylscabrosin],57,,7,40,12,,56,,,m,,x,Yellow              ,Yellow,,,,,,,,,,,SW UV: may detected if concentrated. Occurs in Xanthoparmelia scabrosa,"Scabrosin acetate hexanoate, Scabrosin diacetate, Scabrosin dibutanoate","Ernst-Russell, MA/ Chai, CLL/ Hurne, AM/ Waring, P/ Hockless, DCR/ Elix, JA 1999: Structural revision and cytotoxic activity of the scabrosin esters, epidithiopiperazinediones from the lichen Xanthoparmelia scabrosa. Australian Journal of Chemistry 52: 279-283.",Xanthoparmelia scabrosa,4-acetyl-4'-butyrylscabrosin,shikimic acid pathway,amino-acid derivatives,Amino-acid derivatives,
scabrosin acetate hexanoate [4-acetyl-4'-hexanoylscabrosin],61,,13,43,15,,61,,,m,,x,Yellow              ,Yellow,,,,,,,,,,,SW UV: may detected if concentrated. Occurs in Xanthoparmelia scabrosa,"Scabrosin acetate butanoate, Scabrosin diacetate, Scabrosin dibutanoate","Ernst-Russell, MA/ Chai, CLL/ Hurne, AM/ Waring, P/ Hockless, DCR/ Elix, JA 1999: Structural revision and cytotoxic activity of the scabrosin esters, epidithiopiperazinediones from the lichen Xanthoparmelia scabrosa. Australian Journal of Chemistry 52: 279-283.",Xanthoparmelia scabrosa,4-acetyl-4'-hexanoylscabrosin,shikimic acid pathway,amino-acid derivatives,Amino-acid derivatives,
"scabrosin diacetate [4,4'-diacetylscabrosin]",50,,3,33,,,48,,,m,,x,Yellow              ,Yellow,,,,,,,,,,,SW UV: may detected if concentrated. Occurs in Xanthoparmelia scabrosa,"Scabrosin acetate butanoate, Scabrosin acetate hexanoate, Scabrosin dibutanoate","Ernst-Russell, MA/ Chai, CLL/ Hurne, AM/ Waring, P/ Hockless, DCR/ Elix, JA 1999: Structural revision and cytotoxic activity of the scabrosin esters, epidithiopiperazinediones from the lichen Xanthoparmelia scabrosa. Australian Journal of Chemistry 52: 279-283.",Xanthoparmelia scabrosa,"4, 4'-diacetylscabrosin",shikimic acid pathway,amino-acid derivatives,Amino-acid derivatives,
"scabrosin dibutanoate [4,4'-dibutyrylscabrosin]",65,,19,46,22,,67,,,m,,x,Yellow              ,Yellow,,,,,,,,,,,SW UV: may detected if concentrated. Occurs in Xanthoparmelia scabrosa,"Scabrosin acetate butanoate, Scabrosin acetate hexanoate, Scabrosin dibutanoate","Ernst-Russell, MA/ Chai, CLL/ Hurne, AM/ Waring, P/ Hockless, DCR/ Elix, JA 1999: Structural revision and cytotoxic activity of the scabrosin esters, epidithiopiperazinediones from the lichen Xanthoparmelia scabrosa. Australian Journal of Chemistry 52: 279-283.",Xanthoparmelia scabrosa,"4, 4'-dibutyrylscabrosin",shikimic acid pathway,amino-acid derivatives,Amino-acid derivatives,
scensidin,75,,64,80,44,,,41,,D,,x,No Result           ,D.Purple,,,,,,,,,,,Best seen under SW UV before spraying. Minor component in Diploicia canescens,"3-Dechloro-4-O-methyldiploicin, 3-O-Demethylscensidin, Diploicin, Isofulgidin","Mahandru, MM/ Tajbakhsh, A 1983: Fulgoicin, a new depsidone from the lichen Fulgensia fulgida. Journal of the Chemical Society, Perkin Transactions I: 2249-2251.",,,acetyl-polymalonyl pathway,depsidones,Orcinol Depsidones,
schizopeltic acid,42,27,22,46,44,,,16,,p,,x,Purple              ,Purple,,,,,,,,,,,"Acid Spray: purple, blue halo; fades to grey. LW UV: dark purple, violet halo. Occurs in Schizopelte","Pannaric acid, Pannaric acid 2-methyl ester, Pannaric acid 6-methyl ester References: Culberson, CF 1969: Chemical and botanical guide to lichen products. Univ. North Carolina Press, Chapel Hill: 169. Huneck, S/ Yoshimura, I 1996: Identification of Lichen Substances. Springer-Verlag, Berlin, Heidelberg, New York: 227. Notes: Acid Spray: purple, blue halo; fades to grey. LW UV: dark purple, violet halo. Occurs in Schizopelte californica m-Scrobiculin A: 64 B: 55 B': 54 C: 49 E: 39 F: x G: x HPLC: 29 V: + UV: + Acid Spray: P.Brown LW UV: Purple Archers: Brown K: Yellow C: Red KC: D.Red PD: No Result Mass Spectrum: 418, 226, 195, 194 Substance Class: Orcinol Depsides Biosynthetically Related Compounds: 4'-O-Demethylsekikaic acid, p-Scrobiculin","Culberson, CF 1969: Chemical and botanical guide to lichen products. Univ. North Carolina Press, Chapel Hill: 169. Huneck, S/ Yoshimura, I 1996: Identification of Lichen Substances. Springer-Verlag, Berlin, Heidelberg, New York: 227.",Schizopelte californica m-Scrobiculin A: 64 B: 55 B': 54 C: 49 E: 39 F: x G: x HPLC: 29 V: + UV: + Acid Spray: P,,acetyl-polymalonyl pathway,furans & furanones,Dibenzofurans,
sekikaic acid,45,57,57,51,,,,28,,s,,P.Red,Orange              ,Green,,,,,,,,,,,"Acid Spray: pale orange, grey halo; fades to dark orange. LW UV: strong-orange, green halo. Occurs in","Boninic acid, 4'-O-Demethylsekikaic acid, 2,4'-Di-O-methylnorsekikaic acid, Homosekikaic acid, 4'-O-Methylnorsekikaic acid, 2-O-Methylsekikaic acid, Ramalinolic acid References: Culberson, CF 1969: Chemical and botanical guide to lichen products. Univ. North Carolina Press, Chapel Hill: 133. Huneck, S/ Yoshimura, I 1996: Identification of Lichen Substances. Springer-Verlag, Berlin, Heidelberg, New York: 296. Notes: Acid Spray: pale orange, grey halo; fades to dark orange. LW UV: strong-orange, green halo. Occurs in Canoparmelia pustulescens","Culberson, CF 1969: Chemical and botanical guide to lichen products. Univ. North Carolina Press, Chapel Hill: 133. Huneck, S/ Yoshimura, I 1996: Identification of Lichen Substances. Springer-Verlag, Berlin, Heidelberg, New York: 296.",Canoparmelia pustulescens,,acetyl-polymalonyl pathway,depsides,Orcinol Depsides,
semivioxanthin,62,,42,52,20,,,20,+,S,,x,Green               ,Sky Blue,547,546,528,249,Red,,,,,,Yellow-green pigment. Occurs in Buellia vioxanthina,"Demethylvioxanthin, Pigmentosin A, Vioxanthin","Elix, JA 2004: Vioxanthin from a lichen source. Australasian Lichenology 55: 14-15.",Buellia vioxanthina,,acetyl-polymalonyl pathway,naphthopyrones,Naphthopyrones,
simonyellin,65,,44,55,,,,28,+,Y,,x,Yellow              ,Yellow,274,259,256,231,,,,,,,Yellow pigment. Occurs in Simonyella variegata,x,"Elix, JA/ Feige, GB/ Lumbsch, HT/ Mies, B/Wardlaw, JH/ Willis, AC 1995: The structure determination of simonyellin-a new lichen naphthopyran. Australian Journal of Chemistry 48: 2035-2039.",Simonyella variegata,,acetyl-polymalonyl pathway,naphthopyrones,Naphthopyrone,
siphulellic acid,12,,24,8,,,35,10,,B,,x,Brown               ,Brown,,,,,,,,Yellow,,,Occurs in Siphulella coralloidea,Psoromic acid,"Elix, JA/ Gaul, KL/ Kantvilas, G/ James, PW 1993: Siphulellic acid, a new depsidone from the lichen Siphulella coralloidea. Bibliotheca Lichenologica 53: 67-74.",Siphulella coralloidea,,acetyl-polymalonyl pathway,depsidones,β-Orcinol Depsidones,
siphulin,14,27,24,4,,,35,22,,B,,x,Brown               ,Brown,,,,,,Red,,,,,Occurs in Siphula ceratites,"Oxysiphulin, Protosiphulin References: Culberson, CF 1969: Chemical and botanical guide to lichen products. Univ. North Carolina Press, Chapel Hill: 176. Huneck, S/ Yoshimura, I 1996: Identification of Lichen Substances. Springer-Verlag, Berlin, Heidelberg, New York: 189. Notes: Occurs in Siphula ceratites","Culberson, CF 1969: Chemical and botanical guide to lichen products. Univ. North Carolina Press, Chapel Hill: 176. Huneck, S/ Yoshimura, I 1996: Identification of Lichen Substances. Springer-Verlag, Berlin, Heidelberg, New York: 189.",Siphula ceratites,,acetyl-polymalonyl pathway,chromones,Chromones,
skyrin {rhodophyscin],37,32,35,23,4,,66,31,+,G,,x,Grey                ,Grey,,,,,Violet,,,,,,"Orange-yellow pigment. Acid Spray: dull green when plate still hot, cools to grey. Occurs in","Diacetylgraciliformin, Emodin, Graciliformin, Monoacetylgraciliformin, Oxyskyrin, Rugulosin, Skyrinol References: Culberson, CF 1969: Chemical and botanical guide to lichen products. Univ. North Carolina Press, Chapel Hill: 188. Huneck, S/ Yoshimura, I 1996: Identification of Lichen Substances. Springer-Verlag, Berlin, Heidelberg, New York: 181. Notes: Orange-yellow pigment. Acid Spray: dull green when plate still hot, cools to grey. Occurs in Flavoparmelia haysomii","Culberson, CF 1969: Chemical and botanical guide to lichen products. Univ. North Carolina Press, Chapel Hill: 188. Huneck, S/ Yoshimura, I 1996: Identification of Lichen Substances. Springer-Verlag, Berlin, Heidelberg, New York: 181.",Flavoparmelia haysomii,,acetyl-polymalonyl pathway,quinones,Anthraquinones,
skyrinol,,,,,,,,,+,G,,x,Grey                ,Grey,,,,,Violet,,,,,,Orange pigment in Trypetheliopsis boninensis,"Emodin, Graciliformin, Oxyskyrin, Rugulosin, Skyrin","Santesson, J 1970: Chemical studies on lichens. 30. Anthraquinoid pigments of Trypetheliopsis boninensis and Ocellularia domingensis. Acta Chemica Scandanavica 24: 3331-3334.",,,acetyl-polymalonyl pathway,quinones,Anthraquinones,
solorinic acid,80,,78,85,61,,,75,+,b,,x,Orange              ,Pink,,,,,Violet,,,,,,"Orange-red pigment. Acid Spray: orange, fades to bright pink. LW UV: bright pink. Occurs in Solorina","Averythrin, 6-O-Methylaverythrin, Norsolorinic acid","Santesson, J 1970: Chemical studies on lichens. 30. Anthraquinoid pigments of Trypetheliopsis boninensis and Ocellularia domingensis. Acta Chemica Scandanavica 24: 3331-3334.",Solorina crocea,,acetyl-polymalonyl pathway,quinones,Anthraquinones,
sordidone,59,,42,42,22,,,13,+,Y,,x,P.Yellow            ,Yellow,,,,,,Orange,,,,,Pale yellow pigment. Occurs in Lecanora rupicola,"Eugenitin, Eugenitol References: Culberson, CF 1969: Chemical and botanical guide to lichen products. Univ. North Carolina Press, Chapel Hill: 177. Huneck, S/ Yoshimura, I 1996: Identification of Lichen Substances. Springer-Verlag, Berlin, Heidelberg, New York: 189. Notes: Pale yellow pigment. Occurs in Lecanora rupicola","Culberson, CF 1969: Chemical and botanical guide to lichen products. Univ. North Carolina Press, Chapel Hill: 177. Huneck, S/ Yoshimura, I 1996: Identification of Lichen Substances. Springer-Verlag, Berlin, Heidelberg, New York: 189.",Lecanora rupicola,,acetyl-polymalonyl pathway,chromones,Chromones,
sphaerophorin,45,76,74,55,,,,46,,s,,Orange,P.Yellow            ,Green,,,,,,,,,,,"Acid Spray: pale orange-yellow, grey halo. LW UV: strong-purple, green halo. Occurs in","4-O-Demethylsphaerophorin, Isosphaeric acid, Subsphaeric acid References: Culberson, CF 1969: Chemical and botanical guide to lichen products. Univ. North Carolina Press, Chapel Hill: 127. Huneck, S/ Yoshimura, I 1996: Identification of Lichen Substances. Springer-Verlag, Berlin, Heidelberg, New York: 297. Notes: Acid Spray: pale orange-yellow, grey halo. LW UV: strong-purple, green halo. Occurs in Sphaerophorus fragilis","Culberson, CF 1969: Chemical and botanical guide to lichen products. Univ. North Carolina Press, Chapel Hill: 127. Huneck, S/ Yoshimura, I 1996: Identification of Lichen Substances. Springer-Verlag, Berlin, Heidelberg, New York: 297.",Sphaerophorus fragilis,,acetyl-polymalonyl pathway,depsides,Orcinol Depsides,
"squamarone [2,6,8-trihydroxy-7-ethyl-3-methylnaphtho-1,4-quinone]",,45,,,,,,16,+,P,,x,Purple              ,P.Brown,248,233,220,205,Blue-violet,,,,,,Orange-red pigment in lichenicolous fungus on Squamarina cartilaginea,Boryquinone,"Himmelreich, U/ Huneck, S/ Feige, GB/ Lumbsch, HT 1994: Squamaron, ein Naphthachinon aus der Flechte Squamarina cartilaginea. Zeitschrift für Naturforschung 49b: 1289-1291.",,"2, 6, 8-trihydroxy-7-ethyl-3-methylnaphtho-1, 4-quinone",acetyl-polymalonyl pathway,quinones,Naphthaquinones,
squamatic acid,13,25,23,28,,,39,22,,f,,D.Red,Grey                ,Green,,,,,,,,,,,SW UV: flouresces bright blue before spraying. Occurs in Cladonia squamosa,"Baeomycesic acid, Barbatic acid, 4-O-Demethylbarbatic acid, Elatinic acid, 3α-Hydroxybarbatic acid, 2-O-Methylsquamatic acid References: Culberson, CF 1969: Chemical and botanical guide to lichen products. Univ. North Carolina Press, Chapel Hill: 149. Huneck, S/ Yoshimura, I 1996: Identification of Lichen Substances. Springer-Verlag, Berlin, Heidelberg, New York: 297. Notes: SW UV: flouresces bright blue before spraying. Occurs in Cladonia squamosa","Culberson, CF 1969: Chemical and botanical guide to lichen products. Univ. North Carolina Press, Chapel Hill: 149. Huneck, S/ Yoshimura, I 1996: Identification of Lichen Substances. Springer-Verlag, Berlin, Heidelberg, New York: 297.",Cladonia squamosa,,acetyl-polymalonyl pathway,depsides,β-Orcinol Depsides,
stenosporic acid,44,73,72,52,,,,40,,s,,D.Red,Orange              ,Green,,,,,,,,,,,"Acid Spray: pale yellow-orange, grey halo. LW UV:strong-purple, green halo. Occurs in Ramalina","4-O-Demethylstenosporic acid, Divaricatic acid, Glomelliferic acid, 2-O- Methylstenosporic acid, Oxostenosporic acid, Perlatolic acid","Culberson, CF 1970: Stenosporic acid, a new depside in Ramalina stenospora. Phytochemistry 9: 841-844",Ramalina stenospora,,acetyl-polymalonyl pathway,depsides,Orcinol Depsides,
stenosporonic acid,40,,62,46,,,,35,,p,,x,Orange              ,Pink,,,,,,,,,,,"Acid Spray: pale orange, grey halo. LW UV: purplish pink; same as colensoic acid. Occurs in Cladonia","Colensoic acid, Divaronic acid, Glomelliferic acid, 2-O- Methylstenosporic acid, Oxostenosporic acid, Perlatolic acid","Culberson, CF/ Culberson, WL/ Johnson, A 1985: Orcinol-type depsides and depsidones in the lichens of the Cladonia chlorophaea group (Ascomycotina, Cladoniaceae). Bryologist 88: 380-387.",Cladonia grayi,,acetyl-polymalonyl pathway,depsidones,Orcinol Depsidones,
"stictane-3β,22α-diol [retigeradiol]",44,,47,43,29,,62,,,f,,x,P.Brown             ,Orange,,,,,,,,,,,Acid Spray: fades to purple. LW UV: fades to pink. Occurs in Pseudocyphellaria degelii,"2α-Acetoxystictane-3β,22α-diol, 3β-Acetoxystictane-2α,22α-diol, 22α- Hydroxy-3,4-secostict-4(23)-en-3-al, 22α-Hydroxy-3,4-secostict-4(23)-en-3-oic acid","Chin, WJ/ Corbett, RE/ Heng, CK/ Wilkins, AL 1973: Lichen and fungi. Part XI. triterpenoids. IV. Isolation and structural elucidation of a new group of triterpenes from Sticta coronata, S. colensoi, and S. flavicans, Journal of the Chemical Society, Perkin Transactions I: 1437-1446.",Pseudocyphellaria degelii,retigeradiol,mevalonic acid pathway,terpenoids & steroids,Terpenoids,
"stictane-2α,3β,22α-triol",,,,33,,,,,,f,,x,P.Brown             ,Orange,,,,,,,,,,,Acid Spray: fades to purple. LW UV: fades to pink. Occurs in Pseudocyphellaria coronata,"2α-Acetoxystictane-3β,22α-diol, 3β-Acetoxystictane-2α,22α-diol, 2α,3β- Diacetoxystictane-22α-ol , 2α,3β-Diacetoxystictane-22-one, 2α,3β,22α-Triacetoxystictane","Chin, WJ/ Corbett, RE/ Heng, CK/ Wilkins, AL 1973: Lichen and fungi. Part XI. triterpenoids. IV. Isolation and structural elucidation of a new group of triterpenes from Sticta coronata, S. colensoi, and S. flavicans, Journal of the Chemical Society, Perkin Transactions I: 1437-1446.",Pseudocyphellaria coronata,,mevalonic acid pathway,terpenoids & steroids,Terpenoids,
stictic acid,32,9,9,18,,,34,6,,O,,No Result,Orange              ,Orange,,,,,Yellow,,,Orange,,,Occurs in Xanthoparmelia conspersa,"Constictic acid, Cryptostictic acid, Hypoconstictic acid, Hypostictic acid, Menegazziaic acid, Methyl stictic acid, Norstictic acid, Peristictic acid References: Culberson, CF 1969: Chemical and botanical guide to lichen products. Univ. North Carolina Press, Chapel Hill: 163. Huneck, S/ Yoshimura, I 1996: Identification of Lichen Substances. Springer-Verlag, Berlin, Heidelberg, New York: 349. Notes: Occurs in Xanthoparmelia conspersa","Culberson, CF 1969: Chemical and botanical guide to lichen products. Univ. North Carolina Press, Chapel Hill: 163. Huneck, S/ Yoshimura, I 1996: Identification of Lichen Substances. Springer-Verlag, Berlin, Heidelberg, New York: 349.",Xanthoparmelia conspersa,,acetyl-polymalonyl pathway,depsidones,β-Orcinol Depsidones,
strepsilin,39,21,26,23,7,,,7,,w,,x,Grey                ,Purple,,,,,,Green,,,,,"Acid Spray: pale grey. LW UV:weak-pale blue; strong-purple, blue halo. Occurs in Cladonia strepsilis","Alectosarmentin, Di-O-methylstrepsilin, , Hypostrepsilic acid References: Culberson, CF 1969: Chemical and botanical guide to lichen products. Univ. North Carolina Press, Chapel Hill: 170. Huneck, S/ Yoshimura, I 1996: Identification of Lichen Substances. Springer-Verlag, Berlin, Heidelberg, New York: 227. Notes: Acid Spray: pale grey. LW UV:weak-pale blue; strong-purple, blue halo. Occurs in Cladonia strepsilis","Culberson, CF 1969: Chemical and botanical guide to lichen products. Univ. North Carolina Press, Chapel Hill: 170. Huneck, S/ Yoshimura, I 1996: Identification of Lichen Substances. Springer-Verlag, Berlin, Heidelberg, New York: 227.",Cladonia strepsilis,,acetyl-polymalonyl pathway,furans & furanones,Dibenzofurans,
subconfluentic acid,46,,31,47,,,,26,,B,,P.Red,P.Yellow            ,Blue,,,,,,,,,,,Occurs in Lecidella cf. cyanosarca,"Confluentic acid, 2’-O-Methylperlatolic acid, 2’-O-Methylhyperlatolic acid, 2’-O-Methylisohyperlatolic acid, 2’-O-Methylimbricaric acid","Elix, JA/ Wardlaw, JH 1996: The structure of subconfluentic acid, a depside from the lichen Lecidella cf. cyanosarca. Australian Journal of Chemistry 49: 159-161.",Lecidella cf,,acetyl-polymalonyl pathway,depsides,Orcinol Depsides,
subdidymic acid,42,21,65,47,,,,28,,d,,x,P.Blue              ,Purple,,,,,,Green,,,,,"Acid Spray: pale blue. LW UV: dark purple, violet halo. Occurs in Cladonia strepsilis","Condidymic acid, Didymic acid, Isodidymic acid","Elix, JA/ Kennedy, JM 1985: Synthesis of the Lichen Dibenzofuran, Subdidymic Acid. Australian Journal of Chemistry 38: 1857-1861",Cladonia strepsilis,,acetyl-polymalonyl pathway,furans & furanones,Dibenzofurans,
subdivaricatic acid,38,,65,49,,,,32,,G,,P.Red,P.Yellow            ,Green,,,,,,,,,,,Occurs in Ramalina americana s.lat.,Divaricatic acid,"Culberson, CF/ Culberson, WL/ Johnson, A 1990: The Ramalina americana complex (Ascomycotina, Ramalinaceae): chemical and geographical correlations. Bryologist 93: 167-186.",Ramalina americana s,,acetyl-polymalonyl pathway,depsides,Orcinol Depsides,
sublobaric acid,30,,36,33,,,,39,,B,,x,Grey                ,B.Blue,428,411,410,355,,,D.Red,,,,Occurs in Lobaria hypoleucoides,"Lobaric acid, Oxolobaric acid, Norlobaridone","Elix, JA/ Wardlaw, JH/Yoshimura, I 1997: Sublobaric acid and oxolobaric acid, two new depsidones from the lichen Lobaria hypoleucoides. Australian Journal of Chemistry 50: 763-765.",Lobaria hypoleucoides,,acetyl-polymalonyl pathway,depsidones,Orcinol Depsidones,
submerochlorophaeic acid,44,,47,49,,,,19,,B,,x,Red-brown           ,Brown,,,,,,Red,,,,,Occurs in Cladonia merochlorophaea,"Cryptochlorophaeic acid, Merochlorophaeic acid, 4-O- Methylcryptochlorophaeic acid, Paludosic acid","Culberson, CF/ Culberson, WL/ Johnson, A 1985: Orcinol-type depsides and depsidones in the lichens of the Cladonia chlorophaea group (Ascomycotina, Cladoniaceae). Bryologist 88: 380-387.",Cladonia merochlorophaea,,acetyl-polymalonyl pathway,depsides,Orcinol Depsides,
subnorstictic acid,30,,16,12,,,,6,,Y,,No Result,Yellow              ,Yellow,358,354,341,340,Red,,,P.Orange,,,Minor component in Diploschistes ocellatus,"Connorstictic acid, Norstictic acid","Elix, JA/ Adler, MT/Wardlaw 1996: A further three new depsidones. Australian Journal of Chemistry 49: 1175-1178.",,,acetyl-polymalonyl pathway,depsidones,Orcinol β-Orcinol Depsidones,
subnotatic acid,25,,37,36,,,48,15,,D,,No Result,P.Yellow            ,D.Blue,,,,,,,,,,,Occurs in Xanthoparmelia notata,"4-O-Demethylnotatic acid, Hypoprotocetraric acid, Isonotatic acid, 4-O- Demethylnotatic acid, Notatic acid","Elix, JA/ Lajide, L 1984: The identification of further new depsidones in the lichen Parmelia notata Kurok. Australian Journal of Chemistry 37: 857-866.",Xanthoparmelia notata,,acetyl-polymalonyl pathway,depsidones,Orcinol β-Orcinol Depsidones,
subpaludosic acid,29,,37,29,,,,13,,B,,x,Red-brown           ,Brown,,,,,,Red,,,,,Occurs in Ramalina paludosa,"Cryptochlorophaeic acid, Paludosic acid","Culberson, CF/ Culberson, WL/ Johnson, A 1985: Orcinol-type depsides and depsidones in the lichens of the Cladonia chlorophaea group (Ascomycotina, Cladoniaceae). Bryologist 88: 380-387.",Ramalina paludosa,,acetyl-polymalonyl pathway,depsides,Orcinol Depsides,
subpicrolichenic acid,33,,36,33,,,,15,,P,,x,P.Yellow            ,Purple,,,,,,,Red,,,,Minor component in Pertusaria amara,"Picrolichenic acid, Hyperpicrolichenic acid, Superpicrolichenic acid","Elix, JA/ Calanasan, CA/ Archer, AW 1991: Subpicrolichenic acid and superpicrolichenic acid, two new depsones from Pertusaria lichens. Australian Journal of Chemistry 44: 1487-1493.",,,acetyl-polymalonyl pathway,depsones,Depsones,
subpsoromic acid,36,,38,34,,,,14,,B,,No Result,Brown               ,Brown,344,300,299,277,,,,P.Yellow,,,Occurs in Ocellularia praestans,Psoromic acid,"Elix, JA/Wardlaw, JH 2000: Subpsoromic acid, a new depsidone from the lichen Ocellularia praestans. Australian Journal of Chemistry 53: 813-814.",Ocellularia praestans,,acetyl-polymalonyl pathway,depsidones,Orcinol β-Orcinol Depsidones,
subsekikaic acid,44,,53,50,,,,28,,G,,x,Orange              ,Green,,,,,,,,,,,Occurs in Ramalina americana s. lat.,"Homosekikaic acid, Sekikaic acid","Culberson, CF/ Culberson, WL/ Johnson, A 1990: The Ramalina americana complex (Ascomycotina, Ramalinaceae): chemical and geographical correlations. Bryologist 93: 167-186.",Ramalina americana s,,acetyl-polymalonyl pathway,depsides,Orcinol Depsides,
subsphaeric acid,50,,67,50,,,,50,,s,,x,P.Yellow            ,Green,,,,,,,,,,,"Acid Spray: pale yellow, grey halo. LW UV:strong-purple, green halo. Occurs in Dimelaena thysanota.","Isosphaeric acid, Sphaerophorin","Elix, JA/ Evans, JE/ Nash III, TH 1988: New depsides from Dimelaena lichens. Australian Journal of Chemistry 41: 1789-1796.",Dimelaena thysanota,,acetyl-polymalonyl pathway,depsides,Orcinol Depsides,
substictic acid,13,,4,10,,,23,4,,B,,No Result,Brown               ,Brown,,,,,Yellow,,,P. Orange,,,Occurs in Aspicilia mashiginensis,Stictic acid,"Elix, JA/ Gaul, KL/ James, PW/ Purvis, OW 1987: Three New Lichen Depsidones. Australian Journal of Chemistry 40: 417-423.",Aspicilia mashiginensis,,acetyl-polymalonyl pathway,depsidones,Orcinol β-Orcinol Depsidones,
subvirensic acid,22,57,48,33,,,,13,,B,,No Result,P.Brown             ,Brown,,,,,P.Brown,,,P.Orange,,,Minor component in Flavoparmelia haysomii,"Convirensic acid, Protocetraric acid, Virensic acid","Elix, JA/ Liu, X-W/ Wardlaw, JH 2002: Subvirensic acid, a new depsidone from the lichen Flavoparmelia haysomii. Australian Journal of Chemistry 55: 505-506.",,,acetyl-polymalonyl pathway,depsidones,Orcinol β-Orcinol Depsidones,
succinprotocetraric acid,4,23,18,10,,,26,10,,P,,No Result,Grey                ,Purple,,,,,P.Brown,,,D.Red,,,Occurs in Xanthoparmelia semiviridis,"Fumarprotocetraric acid, Malonprotocetraric acid, Physodalic acid, Protocetraric acid, Virensic acid","Baker, C/ Elix, JA/ Murphy, DPH/ Kurokawa, S/ Sargent, MV 1973: Parmelia reptans, a new lichen species producing the depsidone, succinprotocetraric acid. Australian Journal of Botany 21: 137-140.",Xanthoparmelia semiviridis,,acetyl-polymalonyl pathway,depsidones,β-Orcinol Depsidones,
succinsalazinic acid,12,23,7,10,,,,8,,P,,x,Yellow              ,Purple,,,,,Red,,,D.Red,,,Minor component in Megalaria pulverea,"Fumarprotocetraric acid, Quaesitic acid, Salazinic acid, Succinprotocetraric acid, Protocetraric acid",New Report,,,acetyl-polymalonyl pathway,depsidones,β-Orcinol Depsidones,
superconfluentic acid,50,,43,60,,,,41,,B,,x,P.Yellow            ,B.Blue,,,,,,,,,,,"Occurs in Haematomma pachycarpus, Porpidia glaucophaea","Confluentic acid, Glaucophaeic acid, Hyperconfluentic acid, Insignin, Superconfluentic acid","Elix, JA/ Wardlaw, JH 1996: Synthesis of depsides present in the lichen Porpidia glaucophaea. Australian Journal of Chemistry 49: 817-924.","Haematomma pachycarpus, Porpidia glaucophaea",,acetyl-polymalonyl pathway,depsides,Orcinol Depsides,
superlatolic acid [prasinic acid],53,,80,56,,,,59,,G,,x,P.Yellow            ,Green,,,,,,,,,,,"Acid Spray: pale yellow, grey halo. LW UV spray: strong-purple, green halo. Occurs in Micarea","Hyperlatolic acid, Isohyperlatolic acid, Methoxymicareic acid, Micareic acid, Perlatolic acid","Elix, JA/ Lajide, L/ Coppins, BJ/ James, PW 1984: Two new diphenyl ethers and a new depside from the lichen Micarea prasina Fr. Australian Journal of Chemistry 37: 2397-2402.",Micarea subviridescens,prasinic acid,acetyl-polymalonyl pathway,depsides,Orcinol Depsides,
superpicrolichenic acid,54,,57,53,,,,34,,P,,x,P.Yellow            ,Purple,,,,,,,Red,,,,Occurs in Pertusaria truncata,"Hyperpicrolichenic acid, Isohyperpicrolichenic acid, Picrolichenic acid, Subpicrolichenic acid,","Elix, JA/ Venables, D/ Archer, AW 1994: 70. Further new depsones from the lichen Pertusaria truncata. Australian Journal of Chemistry 47: 1345-1353.",Pertusaria truncata,,acetyl-polymalonyl pathway,depsones,Depsones,
superplanaic acid,53,,47,60,,,,55,+,G,,x,P.Yellow            ,Purple,264,263,91,,,,,,,,Occurs in Lecanora planaica,"Planaic acid, Isohyperplanaic acid, Hyperplanaic acid","Elix, JA/ Barclay, CE/ Lumbsch, HT 1994: New depsides from the lichen Lecanora planaica. - Australian Journal of Chemistry 47: 1199-1203.","Lecanora planaica SV 1 A: 48 B: 30 B': 20 C: 21 E: 4 F: x G: x HPLC: 37 V: + UV: + Acid Spray: Grey LW UV: Grey Archers: x K: No Result C: No Result KC: No Result PD: No Result Mass spectrum: x Substance Class: unknown Biosynthetically Related Compounds: x Reference: Culberson, CF 1972: Improved conditions and new data for the identification of lichen products by a standardized thin-layer chromatographic method",,acetyl-polymalonyl pathway,depsides,Orcinol Depsides,
taraxerol,,,,,,,,,,x,,x,x                   ,x,,,,,,,,,,,Occurs in Evernia prunastri,Friedelin,"Nicollier, G/ Tabacchi, R/ Gavin, J/ Breton, JL/ Gonzales, AG 1979: Triterpenes de la ‘mousse de chêne’ (Evernia prunastri ((L.) Ach.). Hevetica Chimica Acta 62: 807-810.",Evernia prunastri,,mevalonic acid pathway,terpenoids & steroids,Terpenoids,
teloschistin [fallacinol],44,,31,36,13,,,24,+,O,,x,Orange              ,Orange,,,,,Violet,,,,,,Red-orange pigment. Occurs in Teloschistes flavicans,"Emodin, Fallacinal, Parietin, Parietinic acid References: Culberson, CF 1969: Chemical and botanical guide to lichen products. Univ. North Carolina Press, Chapel Hill: 189. Huneck, S/ Yoshimura, I 1996: Identification of Lichen Substances. Springer-Verlag, Berlin, Heidelberg, New York: 174. Notes: Red-orange pigment. Occurs in Teloschistes flavicans","Culberson, CF 1969: Chemical and botanical guide to lichen products. Univ. North Carolina Press, Chapel Hill: 189. Huneck, S/ Yoshimura, I 1996: Identification of Lichen Substances. Springer-Verlag, Berlin, Heidelberg, New York: 174.",Teloschistes flavicans,fallacinol,acetyl-polymalonyl pathway,quinones,Anthraquinones,
teloschistin acetate [monoacetylfallacinol],68,,43,52,45,,,36,+,O,,x,Yellow              ,Orange,,,,,Violet,,,,,,Red-orange pigment. Minor component in Xanthoria parietina,"Emodin, Fallacinal, Parietin, Parietinic acid, Teloschistin","Piattelli,M/ Giudici de Nicola, M 1968: Anthraquinone pigments from xanthoria parietina (L.) Th.Fr. Phytochemistry 7: 1183-1187.",,monoacetylfallacinol,acetyl-polymalonyl pathway,quinones,Anthraquinones,
tenuiorin,76,58,55,76,25,,,39,,G,,D.Red,Yellow              ,Green,,,,,,,,,,,Occurs in Pseudocyphellaria crocata,"2',2""-Di-O-methyltenuiorin, Gyrophoric acid, Methyl gyrophorate, Methyl lecanorate, 2""-O-Methyltenuiorin, 2'-O-Methyltenuiorin References: Culberson, CF 1969: Chemical and botanical guide to lichen products. Univ. North Carolina Press, Chapel Hill: 128. Huneck, S/ Yoshimura, I 1996: Identification of Lichen Substances. Springer-Verlag, Berlin, Heidelberg, New York: 310. Notes: Occurs in Pseudocyphellaria crocata","Culberson, CF 1969: Chemical and botanical guide to lichen products. Univ. North Carolina Press, Chapel Hill: 128. Huneck, S/ Yoshimura, I 1996: Identification of Lichen Substances. Springer-Verlag, Berlin, Heidelberg, New York: 310.",Pseudocyphellaria crocata,,,depsides,Orcinol Tridepsides,
testacein [testacea unknown],42,,25,22,,,,32,,B,,x,Pink                ,Blue,,,,,,,,,,,"Occurs in Parmelia testacea, P. subtestacea, Pyxine sp.","Cyclopaldic acid, Pestalotiopene A, Pestalotiopene C","Elix, JA/Liao, L/Barrow, RA 2019: The structure of testacein, a new hybrid polyketide-sesquiterpene metabolite from the lichen Notoparmelia testacea. Australasian Lichenology 85: 34–39.","Parmelia testacea, P",testacea unknown,terpenoids & steroids,terpenoids,Terpene + Polyketide,
"2,2',7,7'-tetrachlorohypericin",,,,,,,,,+,B,,x,Indigo              ,Blue,,,,,,,,,,,Blue-black pigment. Occurs in Nephroma laevigatum,"7,7'-Dichlorohypericin","Reference: Cohen, PA/ Towers, GHN 1995: Anthraquinones and phenanthraperylenequinones from Nephroma laevigatum. Journal of Natural Products 58: 520-526.",Nephroma laevigatum,,acetyl-polymalonyl pathway,quinones,Phenanthraperylenequinones,
"1,5,6,8-tetrahydroxy-3-methylanthraquinone",,,,,,,,,+,O,,x,Orange              ,Orange,,,,,Violet,,,,,,"Red-orange pigment. Occurs in Asahinea chrysantha, Laurerea purpurina","Xanthorin, Valsarin","Stensiö, K-E/ Wachtmeister, CA. 1969 1,5,8-Trihydroxy-6-methoxy-3-methylanthraquinone from Laurerea purpurina (Nyl.) Zahlbr., Acta Chemica Scandanavica 23: 144-148 (1969).","Asahinea chrysantha, Laurerea purpurina",,acetyl-polymalonyl pathway,quinones,Anthraquinones,
thamnolic acid,3,,25,13,,,,18,,B,,P.Red,Brown               ,Brown,,,,,Yellow,,,Orange,,,Occurs in Cladonia macilenta,"Barbatic acid, Cryptothamnolic acid, Decarboxythamnolic acid, Haemathamnolic acid, Hypothamnolic acid, Lactothamnolic acid, Squamatic acid References: Culberson, CF 1969: Chemical and botanical guide to lichen products. Univ. North Carolina Press, Chapel Hill: 151. Huneck, S/ Yoshimura, I 1996: Identification of Lichen Substances. Springer-Verlag, Berlin, Heidelberg, New York: 301. Notes: Occurs in Cladonia macilenta","Culberson, CF 1969: Chemical and botanical guide to lichen products. Univ. North Carolina Press, Chapel Hill: 151. Huneck, S/ Yoshimura, I 1996: Identification of Lichen Substances. Springer-Verlag, Berlin, Heidelberg, New York: 301.",Cladonia macilenta,,acetyl-polymalonyl pathway,depsides,β-Orcinol Depsides,
thelophoric acid,0,,0,0,,,,11,+,G,,x,Purple              ,Grey,,,,,,,,,,,Violet pigment. Acid Spray: fades to grey. Occurs in Lobaria retigera,"Polyporic acid References: Culberson, CF 1969: Chemical and botanical guide to lichen products. Univ. North Carolina Press, Chapel Hill: 209. Huneck, S/ Yoshimura, I 1996: Identification of Lichen Substances. Springer-Verlag, Berlin, Heidelberg, New York: 184. Notes: Violet pigment. Acid Spray: fades to grey. Occurs in Lobaria retigera","Culberson, CF 1969: Chemical and botanical guide to lichen products. Univ. North Carolina Press, Chapel Hill: 209. Huneck, S/ Yoshimura, I 1996: Identification of Lichen Substances. Springer-Verlag, Berlin, Heidelberg, New York: 184.",Lobaria retigera,,shikimic acid pathway,terphenylquinones,Terphenylquinones,
thiomelin,80,,82,88,73,,,53,+,O,,x,Orange              ,Orange,,,,,,,,,,,Yellow pigment. Occurs in Rinodina thiomela,"2-Dechloro-8-O-methylthiomelin, 4-Dechloro-8-O-methylthiomelin, 2- Dechlorothiomelin, 4-Dechlorothiomelin, 8-O-Methylthiomelin","Elix, JA/ Gaul, KL/ Sterns, M/ Samsudun, MW 1987: The structure of the novel lichen xanthone, thiomelin and its congenors. Australian Journal of Chemistry 40: 1169-1178.",Rinodina thiomela,,acetyl-polymalonyl pathway,xanthones & ergochromes,Xanthones,
"thiophanic acid [2,4,5,7-tetrachloronorlichexanthone]",55,56,52,49,2,10,,44,+,P,,x,P.Brown             ,P.Brown,,,,,,Orange,,,,,Yellow pigment. Acid Spray: very pale dirty yellowish brown. Occurs in Lecanora rupicola,"Arthothelin, Asemone, 3,6-Di-O-methylthiophanic acid, Isoarthothelin, 3- O-Methylthiophanic acid, 6-O-Methylthiophanic acid, Thuringione, 2,4,7-Trichloronorlichexanthone References: Culberson, CF 1969: Chemical and botanical guide to lichen products. Univ. North Carolina Press, Chapel Hill: 180. Huneck, S/ Yoshimura, I 1996: Identification of Lichen Substances. Springer-Verlag, Berlin, Heidelberg, New York: 212. Notes: Yellow pigment. Acid Spray: very pale dirty yellowish brown. Occurs in Lecanora rupicola","Culberson, CF 1969: Chemical and botanical guide to lichen products. Univ. North Carolina Press, Chapel Hill: 180. Huneck, S/ Yoshimura, I 1996: Identification of Lichen Substances. Springer-Verlag, Berlin, Heidelberg, New York: 212.",Lecanora rupicola,"2, 4, 5, 7-tetrachloronorlichexanthone",acetyl-polymalonyl pathway,xanthones & ergochromes,Xanthones,
thiophaninic acid,63,68,63,60,2,9,,41,+,f,,Brown,P. Yellow           ,Green,,,,,,Orange,,,,,Yellow pigment. LW UV: fades to deep pink. Occurs in Pertusaria xanthoplaca,"2-Chlorolichexanthone, 2-Chloro-6-O-methylnorlichexanthone, 4-Chloro- 6-O-methylnorlichexanthone, 2,4-Dichlorolichexanthone, Lichexanthone References: Culberson, CF 1969: Chemical and botanical guide to lichen products. Univ. North Carolina Press, Chapel Hill: 180. Huneck, S/ Yoshimura, I 1996: Identification of Lichen Substances. Springer-Verlag, Berlin, Heidelberg, New York: 213. Notes: Yellow pigment. LW UV: fades to deep pink. Occurs in Pertusaria xanthoplaca","Culberson, CF 1969: Chemical and botanical guide to lichen products. Univ. North Carolina Press, Chapel Hill: 180. Huneck, S/ Yoshimura, I 1996: Identification of Lichen Substances. Springer-Verlag, Berlin, Heidelberg, New York: 213.",Pertusaria xanthoplaca,,acetyl-polymalonyl pathway,xanthones & ergochromes,Xanthones,
thuringione,53,,58,48,15,35,,45,+,G,,Brown,P. Yellow           ,Green,,,,,,,,,,,Yellow pigment. Occurs in Lecidella carpathica,"Arthothelin, Thiophanic acid, 2,4,5-Trichlorolichexanthone References: Culberson, CF 1969: Chemical and botanical guide to lichen products. Univ. North Carolina Press, Chapel Hill: 180. Huneck, S/ Yoshimura, I 1996: Identification of Lichen Substances. Springer-Verlag, Berlin, Heidelberg, New York: 213. Notes: Yellow pigment. Occurs in Lecidella carpathica","Culberson, CF 1969: Chemical and botanical guide to lichen products. Univ. North Carolina Press, Chapel Hill: 180. Huneck, S/ Yoshimura, I 1996: Identification of Lichen Substances. Springer-Verlag, Berlin, Heidelberg, New York: 213.",Lecidella carpathica,,acetyl-polymalonyl pathway,xanthones & ergochromes,Xanthones,
toensbergianic acid,40,,48,45,,,,,,N,,x,No Result           ,No Result,,,,,,,,,,,Occurs in Lepraria toensbergiana,"Norjackinic acid, Jackinic acid","Bayerova, S/ Kukwa, M/ Fehrer, J 2005: A new species of Lepraria jackii (lichenized Ascomycetes) from Europe. Bryologist 108: 131-138.",Lepraria toensbergiana,,acetyl-polymalonyl pathway,aliphatic acids & aliphatic compounds,Aliphatic acids,
"2α,3β,22α-triacetoxystictane",,,,78,,,,,,O,,x,P.Brown             ,Orange,,,,,,,,,,,Occurs in Pseudocyphellaria coronata,,"Chin, WJ/ Corbett, RE/ Heng, CK/ Wilkins, AL 1973: Lichen and fungi. Part XI. triterpenoids. IV. Isolation and structural elucidation of a new group of triterpenes from Sticta coronata, S. colensoi, and S. flavicans, Journal of the Chemical Society, Perkin Transactions I: 1437-1446.",Pseudocyphellaria coronata,,mevalonic acid pathway,terpenoids & steroids,Terpenoids,
"2,4,5-trichlorolichexanthone",75,,65,84,59,80,,62,+,Y,,x,Orange              ,Yellow,,,,,,,,,,,Yellow pigment. Occurs in Pertusaria aleianta,"Arthothelin, 2-Chlorolichexanthone, 2,4-Dichlorolichexanthone, 2,5- Dichlorolichexanthone, 6-O-Methylarthothelin, Thuringione","Huneck, S/ Höfle, G 1978: Struktur und 13C-NMR-Spektroskopie von chlorhältigen Flechtenxanthonen. Tetrahedron 34: 2491-2502.",Pertusaria aleianta,,acetyl-polymalonyl pathway,xanthones & ergochromes,Xanthones,
"2,5,7-trichlorolichexanthone",87,,74,85,58,90,,54,+,Y,,x,Orange              ,Yellow,,,,,,,,,,,Yellow pigment. Occurs in Lecanora epibryon ssp. broccha,"5,7-Dichlorolichexanthone, 5,7-Dichloro-3-O-methylnorlichexanthone, Isoarthothelin, 3-O-Methylthiophanic acid, 2,5,7-Trichloro-3-O-methylnorlichexanthone","Elix, JA/ Crook, CE 1992: The joint occurrence of chloroxanthones in lichens, and a further thirteen new lichen xanthones. Bryologist 95: 52-64.",Lecanora epibryon ssp,,acetyl-polymalonyl pathway,xanthones & ergochromes,Xanthones,
"2,5,7-trichloro-3-o-methylnorlichexanthone [capistratone]",64,,56,56,6,18,,47,+,Y,,x,Orange              ,Yellow,,,,,,,,,,,"Pale yellow pigment. Occurs in Lecanora epibryon ssp. broccha, L. capistrata","5,7-Dichlorolichexanthone, 5,7-Dichloro-3-O-methylnorlichexanthone, Isoarthothelin, 3-O-Methylthiophanic acid, 2,5,7-Trichlorolichexanthone","Elix, JA/ Crook, CE 1992: The joint occurrence of chloroxanthones in lichens, and a further thirteen new lichen xanthones. Bryologist 95: 52-64.",Lecanora epibryon ssp,capistratone,acetyl-polymalonyl pathway,xanthones & ergochromes,Xanthones,
"2,4,7-trichloronorlichexanthone",51,,50,34,4,16,,37,+,Y,,x,Orange              ,Yellow,,,,,No Result      C Orange,,,,,,"Pale yellow pigment. Occurs in Lecanora sulphurata, L. flavopallescens","Arthothelin, Asemone, 2,4-Dichlorolichexanthone, 2,7- Dichlorolichexanthone, 4,7-Dichloronorlichexanthone, Isoarthothelin, Thiophanic acid","Elix, JA/ Crook, CE 1992: The joint occurrence of chloroxanthones in lichens, and a further thirteen new lichen xanthones. Bryologist 95: 52-64.","Lecanora sulphurata, L",,acetyl-polymalonyl pathway,xanthones & ergochromes,Xanthones,
"1,3,6-tri-o-methylarthothelin",72,,55,66,53,75,,56,+,Y,,x,Yellow              ,Yellow,,,,,No Result    C No Result,,,,,,Pale yellow pigment. Occurs in Dimelaena elevata,"Arthothelin, 6-O-Methylarthothelin, Thiophanic acid, 2,4,5- Trichlorolichexanthone","Elix, JA/ Bennett, SA 1990: 6-O-Methylarthothelin and 1,3,6-tri-O-methylarthothelin, two new xanthones from a Dimelaena lichen. Australian Journal of Chemistry 43: 1587-1590.",Dimelaena elevata,,acetyl-polymalonyl pathway,xanthones & ergochromes,Xanthones,
"2,4,5-tri-o-methylhiascic acid",40,35,31,38,,,,28,,G,,x,P.Yellow            ,Green,,,,,,,P.Red,,,,"Acid Spray: strong yellow, grey halo. Occurs in Hypotrachyna neodamaziana","2,4-Di-O-methylgyrophoric acid, 4,5-Di-O-methylhiascic acid, Gyrophoric acid, Hiascic acid, Gyrophoric acid, 4-O-Methylhiascic acid, 5-O-Methylhiascic acid","Elix, JA/ Jayanthi, VK/ Leznoff, CC 1981: 2,4-Di-O-methylgyrophoric acid and 2,4,5-tri-O- methylhiascic acid. New tridepsides from Parmelia damaziana. Australian Journal of Chemistry 34: 1757-1761.",Hypotrachyna neodamaziana,,,depsides,Orcinol Tridepsides,
umbilicaric acid,25,,29,18,,,,25,,s,,x,P.Yellow            ,Green,,,,,,,P.Red,,,,"Acid Spray: pale yellow, grey halo; weak-pale grey. LW UV: strong-purple, green halo. Occurs in","2,4-Di-O-methylgyrophoric acid, Gyrophoric acid, 3-Hydroxyumbilicaric acid, Lecanoric acid, 3-Methoxy-2,4-di-O-methylgyrophoric acid, 5-O-Methylhiascic acid, 3- Methoxyumbilicaric acid, 2,4,5-Tri-O-methylhiascic acid References: Culberson, CF 1969: Chemical and botanical guide to lichen products. Univ. North Carolina Press, Chapel Hill: 128. Huneck, S/ Yoshimura, I 1996: Identification of Lichen Substances. Springer-Verlag, Berlin, Heidelberg, New York: 311. Notes: Acid Spray: pale yellow, grey halo; weak-pale grey. LW UV: strong-purple, green halo. Occurs in","Culberson, CF 1969: Chemical and botanical guide to lichen products. Univ. North Carolina Press, Chapel Hill: 128. Huneck, S/ Yoshimura, I 1996: Identification of Lichen Substances. Springer-Verlag, Berlin, Heidelberg, New York: 311.",,,,depsides,Orcinol Tridepsides,
umbilicaria polyphylla,,,,,,,,,,,,,,,,,,,,,,,,,,,,,,,,,
ursolic acid,52,50,54,49,25,,,,,L,,x,Purple              ,Lilac,,,,,,,,,,,Common accessory compound in many lichens,"x References: Culberson, CF 1969: Chemical and botanical guide to lichen products. Univ. North Carolina Press, Chapel Hill: 205. Huneck, S/ Yoshimura, I 1996: Identification of Lichen Substances. Springer-Verlag, Berlin, Heidelberg, New York: 386. Notes: Common accessory compound in many lichens","Culberson, CF 1969: Chemical and botanical guide to lichen products. Univ. North Carolina Press, Chapel Hill: 205. Huneck, S/ Yoshimura, I 1996: Identification of Lichen Substances. Springer-Verlag, Berlin, Heidelberg, New York: 386.",,,mevalonic acid pathway,terpenoids & steroids,Terpenoids,
usnic acid,70,70,66,70,23,40,88,36,+,G,,x,Green               ,Green,,,,,,,Yellow,,,,Yellow pigment. Occurs in Usnea sp.,"Contortin, Isousnic acid, Placodiolic acid, Pseudoplacodiolic acid References: Culberson, CF 1969: Chemical and botanical guide to lichen products. Univ. North Carolina Press, Chapel Hill: 170. Huneck, S/ Yoshimura, I 1996: Identification of Lichen Substances. Springer-Verlag, Berlin, Heidelberg, New York: 228. Notes: Yellow pigment. Occurs in Usnea sp.","Culberson, CF 1969: Chemical and botanical guide to lichen products. Univ. North Carolina Press, Chapel Hill: 170. Huneck, S/ Yoshimura, I 1996: Identification of Lichen Substances. Springer-Verlag, Berlin, Heidelberg, New York: 228.",Usnea sp,,acetyl-polymalonyl pathway,usnic acid derivatives,Usnic acid derivatives,
valsarin [papulosin],,,,,,,,44,+,O,,x,Orange              ,Orange,,,,,Violet,,,,,,Red pigment. Occurs in Lasallia papulosa,"1,5,6,8-Tetrahydroxy-3-methylanthraquinone, Xanthorin","Lam, JKK/ Sargent, MV/ Elix, JA/ Smith, DO'N. 1972: The synthesis of valsarin and 5,7- dichloroemodin, Journal of the Chemical Society, Perkin Transactions 1: 1466-1470.",Lasallia papulosa,papulosin,acetyl-polymalonyl pathway,quinones,Anthraquinones,
variolaric acid,18,13,12,14,,,,3,,W,,x,Grey                ,White,,,,,,,,,,,Occurs in Ochrolechia parella,"x References: Culberson, CF 1969: Chemical and botanical guide to lichen products. Univ. North Carolina Press, Chapel Hill: 140. Huneck, S/ Yoshimura, I 1996: Identification of Lichen Substances. Springer-Verlag, Berlin, Heidelberg, New York: 351. Notes: Occurs in Ochrolechia parella","Culberson, CF 1969: Chemical and botanical guide to lichen products. Univ. North Carolina Press, Chapel Hill: 140. Huneck, S/ Yoshimura, I 1996: Identification of Lichen Substances. Springer-Verlag, Berlin, Heidelberg, New York: 351.",Ochrolechia parella,,acetyl-polymalonyl pathway,depsidones,Orcinol Depsidones,
verrucigeric acid,38,,5,22,,,45,14,,O,,No Result,Orange              ,Orange,430,386,385,384,,,,,,,Minor component in Xanthoparmelia verrucigera,"Constictic acid, Cryptostictic acid, Lusitanic acid, Norstictic acid, Stictic acid, Methyl stictic acid","Elix, JA/Wardlaw, JH 2000: Lusitanic acid, peristictic acid and verrucigeric acid, three new β-orcinol depsidones form the lichens Relicina sydneyensis and Xanthoparmelia verrucigera. Australian Journal of Chemistry 53: 815-818.",,,acetyl-polymalonyl pathway,depsidones,β-Orcinol Depsidones,
vicanicin,67,75,77,64,52,85,,37,,P,,x,Grey                ,Purple,,,,,,,,,,,Occurs in Teloschistes flavicans,"Argopsin, 7-Dechlorovicanicin, Isovicanicin, 4-O-Methylvicanicin, Norvicanicin, Pannarin References: Culberson, CF 1969: Chemical and botanical guide to lichen products. Univ. North Carolina Press, Chapel Hill: 165. Huneck, S/ Yoshimura, I 1996: Identification of Lichen Substances. Springer-Verlag, Berlin, Heidelberg, New York: 352. Notes: Occurs in Teloschistes flavicans","Culberson, CF 1969: Chemical and botanical guide to lichen products. Univ. North Carolina Press, Chapel Hill: 165. Huneck, S/ Yoshimura, I 1996: Identification of Lichen Substances. Springer-Verlag, Berlin, Heidelberg, New York: 352.",Teloschistes flavicans,,acetyl-polymalonyl pathway,depsidones,β-Orcinol Depsidones,
vioxanthin [pigmentosin b],42,,14,43,,,,28,+,Y,,x,Green-brown         ,Yellow,547,546,528,249,Red,,,,,,Yellow-green pigment. Minor component in Hypotrachyna osseoalba,"Demethylvioxanthin, Pigmentosin A","Elix, JA 2004: Vioxanthin from a lichen source. Australasian Lichenology 55: 14-15.",,pigmentosin b,acetyl-polymalonyl pathway,naphthopyrones,Naphthopyrone,
virensic acid,36,57,56,40,,,56,26,,B,,x,Brown               ,Brown,,,,,P.Brown,,,D.Red,,,Occurs in Lecanora caesiorubella,"Convirensic acid, Fumarprotocetraric acid, 2-Hydroxyvirensic acid, Hypoprotocetraric acid, Protocetraric acid, Subvirensic acid References: Culberson, CF 1969: Chemical and botanical guide to lichen products. Univ. North Carolina Press, Chapel Hill: 165. Huneck, S/ Yoshimura, I 1996: Identification of Lichen Substances. Springer-Verlag, Berlin, Heidelberg, New York: 352. Notes: Occurs in Lecanora caesiorubella","Culberson, CF 1969: Chemical and botanical guide to lichen products. Univ. North Carolina Press, Chapel Hill: 165. Huneck, S/ Yoshimura, I 1996: Identification of Lichen Substances. Springer-Verlag, Berlin, Heidelberg, New York: 352.",Lecanora caesiorubella,,acetyl-polymalonyl pathway,depsidones,β-Orcinol Depsidones,
vittatolic acid,8,,21,5,,,32,19,,p,,x,Orange              ,P.Yellow,,,,,,,Red,,,,"Acid Spray: pale orange, grey halo. LW UV: pale green-yellow, fades to mauve. Occurs in Hypogymnia","Alectoronic acid, 2'-O-Methylphysodic acid, Oxyphysodic acid, Physodic acid","Hirayama, T/ Fujikawa, F/ Yosioka, I/ Kitagawa, I 1975: Vittatolic acid, a new depsidone isolated from the lichen Hypogymnia vittata (Ach.) Gas. Chemical and Pharmaceutical Bulletin (Tokyo) 23: 693-695.",Hypogymnia vittata,,acetyl-polymalonyl pathway,depsidones,Orcinol Depsidones,
vulpinic acid,71,66,54,75,18,,,25,+,s,,x,Yellow              ,Green,,,,,,,,,,,"Intense yellow pigment. LW UV: strong-orange, large pale green halo. Occurs in Letharia vulpina","Pulvinamide, Pulvinic acid, Pulvinic dilactone References: Culberson, CF 1969: Chemical and botanical guide to lichen products. Univ. North Carolina Press, Chapel Hill: 216. Huneck, S/ Yoshimura, I 1996: Identification of Lichen Substances. Springer-Verlag, Berlin, Heidelberg, New York: 403. Notes: Intense yellow pigment. LW UV: strong-orange, large pale green halo. Occurs in Letharia vulpina","Culberson, CF 1969: Chemical and botanical guide to lichen products. Univ. North Carolina Press, Chapel Hill: 216. Huneck, S/ Yoshimura, I 1996: Identification of Lichen Substances. Springer-Verlag, Berlin, Heidelberg, New York: 403.",Letharia vulpina,,shikimic acid pathway,pulvinic acid derivatives,Pulvinic acid derivatives,
wrightiin,70,,55,74,42,,,29,,P,,x,P.Green             ,Pink,,,,,,,,,,,Occurs in Erioderma wrightii,"Methyl 3,5-dichlorolecanorate, Methyl evernate, Methyl lecanorate","Maass, WSG/ Hanson, A 1986: Wrightiin, a new chlorinated depside from Erioderma wrightii Tuck. (Ascolichenes). Zeitschrift für Naturforschung 41b: 1589-1592.",Erioderma wrightii,,acetyl-polymalonyl pathway,depsides,Orcinol Depsides,
xantholepinone a,38,,7,28,2,,,15,+,S,,x,Yellow-brown        ,Sky Blue,606,,,,Yellow-orange,Orange,Red,,,,Yellow pigment. Occurs in Chrysothrix sulphurella and Myelochroa xantholepis,"Reference: Elix, JA/ Liao, L/Barrow, RA 2019: The structure of xantholepinone A, a new secalonic acid derivative from the lichen Chrysothrix sulphurella. Australasian Lichenology 84: 3–9. Notes: Yellow pigment. Occurs in Chrysothrix sulphurella and Myelochroa xantholepis","Elix, JA/ Liao, L/Barrow, RA 2019: The structure of xantholepinone A, a new secalonic acid derivative from the lichen Chrysothrix sulphurella. Australasian Lichenology 84: 3–9.",Chrysothrix sulphurella and Myelochroa xantholepis,,acetyl-polymalonyl pathway,xanthones & ergochromes,Ergochromes,
"xanthorin [1,5,8-trihydroxy-6-methoxy-3-methylanthraquinone]",,,,60,20,,,60,+,R,,x,Red                 ,Red,,,,,Violet,,,,,,Red pigment. Occurs in Xanthoria elegans,"Erythroglaucin, Parietin, 1,5,6,8-Tetrahydroxy-3-methylanthraquinone References: Culberson, CF 1969: Chemical and botanical guide to lichen products. Univ. North Carolina Press, Chapel Hill: 191. Huneck, S/ Yoshimura, I 1996: Identification of Lichen Substances. Springer-Verlag, Berlin, Heidelberg, New York: 183. Notes: Red pigment. Occurs in Xanthoria elegans","Culberson, CF 1969: Chemical and botanical guide to lichen products. Univ. North Carolina Press, Chapel Hill: 191. Huneck, S/ Yoshimura, I 1996: Identification of Lichen Substances. Springer-Verlag, Berlin, Heidelberg, New York: 183.",Xanthoria elegans,"1, 5, 8-trihydroxy-6-methoxy-3-methylanthraquinone",acetyl-polymalonyl pathway,quinones,Anthraquinones,
