species;substances;origin
Acanthothecis abaphoides;protocetraric acid;lias
Acanthothecis africana;norstictic acid;lias
Acanthothecis aurantiaca;connorstictic acid, norstictic acid, stictic acid;lias
Acanthothecis borealis;protocetraric acid;lias
Acanthothecis coccinea;norstictic acid;lias
Acanthothecis collateralis;norstictic acid, stictic acid;lias
Acanthothecis dialeuca;constictic acid, stictic acid;lias
Acanthothecis gyridia;stictic acid;lias
Acanthothecis kalbii;norstictic acid;lias
Acanthothecis nivalis;psoromic acid;lias
Acanthothecis pruinocarpa;stictic acid;lias
Acanthothecis socotrina;norstictic acid;lias
Acanthothecis subaggregans;norstictic acid;lias
Acanthothecis subclavulifera;protocetraric acid, unknown/unidentified compound(s);lias
Acanthothecis tetraphora;norstictic acid;lias
Acarospora affinis;acaranoic acid, hypoprotocetraric acid, rhizocarpic acid;lias
Acarospora brattiae;norstictic acid;lias
Acarospora brouardii;rhizocarpic acid;lias
Acarospora bullata;gyrophoric acid;italic
Acarospora bullata;gyrophoric acid;lias
Acarospora calcarea;connorstictic acid, epanorin, gyrophoric acid, norstictic acid, rhizocarpic acid;lias
Acarospora chrysocardia;rhizocarpic acid;italic
Acarospora chrysops;epanorin, rhizocarpic acid;lias
Acarospora contigua;pulvinic acid;lias
Acarospora epilutescens;rhizocarpic acid;lias
Acarospora episulphurata;gyrophoric acid;italic
Acarospora epithallina;rhizocarpic acid;italic
Acarospora erythrophora;epanorin, gyrophoric acid, lecanoric acid, rhizocarpic acid;lias
Acarospora flavisparsa;epanorin;italic
Acarospora flavisparsa;epanorin, rhizocarpic acid;lias
Acarospora fuscata;gyrophoric acid, lecanoric acid;lias
Acarospora gallica;gyrophoric acid, lecanoric acid;lias
Acarospora gypsi-deserti;rhizocarpic acid;lias
Acarospora heufleriana;norstictic acid, rhizocarpic acid;lias
Acarospora hilaris;epanorin;italic
Acarospora interspersa;gyrophoric acid, lecanoric acid, methyl lecanorate;lias
Acarospora janae;gyrophoric acid;lias
Acarospora lavicola;rhizocarpic acid;italic
Acarospora marcii;gyrophoric acid;italic
Acarospora nevadensis;gyrophoric acid;lias
Acarospora nicolai;gyrophoric acid;lias
Acarospora nodulosa;norstictic acid;lias
Acarospora novomexicana;epanorin, rhizocarpic acid, vulpinic acid;lias
Acarospora obpallens;gyrophoric acid, lecanoric acid, methyl lecanorate;lias
Acarospora oligyrophorica;gyrophoric acid;lias
Acarospora paupera;norstictic acid;lias
Acarospora peliscypha;gyrophoric acid;lias
Acarospora pseudofuscata;gyrophoric acid, lecanoric acid;lias
Acarospora ramosa;gyrophoric acid, lecanoric acid, rhizocarpic acid, unknown/unidentified compound(s);lias
Acarospora rhabarbarina;epanorin, rhizocarpic acid, vulpinic acid;lias
Acarospora robiniae;acaranoic acid, gyrophoric acid, ovoic acid, rhizocarpic acid;lias
Acarospora rosulata;gyrophoric acid;italic
Acarospora rouxii;connorstictic acid, epanorin, gyrophoric acid, norstictic acid, rhizocarpic acid;lias
Acarospora rugulosa;gyrophoric acid;italic
Acarospora schleicheri;rhizocarpic acid;italic
Acarospora schleicheri;rhizocarpic acid;lias
Acarospora smaragdula;norstictic acid;lias
Acarospora socialis;epanorin, rhizocarpic acid;lias
Acarospora squamulosa;gyrophoric acid;italic
Acarospora stapfiana;rhizocarpic acid;lias
Acarospora stictica;cryptostictic acid, epanorin, norstictic acid, peristictic acid, rhizocarpic acid, stictic acid;lias
Acarospora subrufula;norstictic acid;italic
Acarospora subrufula;norstictic acid;lias
Acarospora sulphurata;rhizocarpic acid;italic
Acarospora thamnina;gyrophoric acid, lecanoric acid, methyl lecanorate;lias
Acarospora trachytica;norstictic acid;italic
Acarospora tuckerae;acaranoic acid, gyrophoric acid, lecanoric acid, rhizocarpic acid;lias
Acarospora umbilicata;gyrophoric acid;lias
Acarospora variegata;gyrophoric acid;italic
Acolium inquinans;placodiolic acid;italic
Acroscyphus sphaerophoroides;calycin, graciliformin, gyrophoric acid, lecanoric acid, norstictic acid, rugulosin, skyrin (rhodophyscin), unknown/unidentified compound(s), zeorin (hopane-6α,22-diol);lias
Adelolecia pilati;2-chloroemodin, atranorin, unknown/unidentified compound(s);lias
Ahtiana aurescens;caperatic acid, lichesterinic acid, protolichesterinic acid, usnic acid;lias
Ahtiana pallidula;unknown/unidentified fatty acid(s), usnic acid;lias
Ahtiana sphaerosporella;caperatic acid, thiophanic acid;lias
Ainoa geochroa;gyrophoric acid;italic
Ainoa mooreana;gyrophoric acid;italic
Alectoria imshaugii;squamatic acid, thamnolic acid;lias
Alectoria lata;alectoronic acid;lias
Alectoria nigricans;alectorialic acid;italic
Alectoria nigricans;alectorialic acid, barbatolic acid;lias
Alectoria ochroleuca;usnic;italic
Alectoria ochroleuca;diffractaic acid, usnic acid;lias
Alectoria sarmentosa;usnic;italic
Alectoria sarmentosa;alectorialic acid, alectoronic acid, squamatic acid, usnic acid;lias
Alectoria vancouverensis;alectoronic acid, barbatic acid, olivetoric acid, usnic acid;lias
Allantoparmelia almquistii;olivetoric acid;lias
Allantoparmelia alpicola;alectorialic acid, barbatolic acid, unknown/unidentified compound(s);lias
Allocetraria madreporiformis;lichesterinic acid, usnic acid;lias
Almbornia azaniensis;lichesterinic acid, unknown/unidentified fatty acid(s);lias
Almbornia cafferensis;connorstictic acid, norstictic acid, stictic acid;lias
Amandinea conglomerata;norstictic acid;lias
Amandinea dakotensis;atranorin;lias
Amandinea devilliersiana;connorstictic acid, norstictic acid;lias
Amandinea diorista;4,5-dichloro-3-o-methylnorlichexanthone, 4,5-dichloronorlichexanthone, arthothelin, lichexanthone, thuringione;lias
Amandinea efflorescens;4,5-dichloronorlichexanthone, lobaric acid;lias
Amandinea lecideina;connorstictic acid, norstictic acid;lias
Amandinea maritima;lichesterinic acid;lias
Amandinea petermannii;norstictic acid;lias
Amandinea subduplicata;atranorin;lias
Amazonomyces farkasiae;unknown/unidentified compound(s);lias
Amazonomyces sprucei;unknown/unidentified compound(s);lias
Amphorothecium occultum;amphorothecic acid a, amphorothecic acid b, atranorin;lias
Ampliotrema auratum;confumarprotocetraric acid, fumarprotocetraric acid, protocetraric acid, unknown/unidentified pigment(s), virensic acid;lias
Ampliotrema cocosense;protocetraric acid, virensic acid;lias
Amygdalaria panaeola;gyrophoric acid;lias
Amygdalaria pelobotryon;gyrophoric acid;lias
Amylora cervinocuprea;5-o-methylhiascic acid;italic
Amylora cervinocuprea;5-o-methylhiascic acid;lias
Anamylopsora pulcherrima;5,7-dihydroxy-6-methylphthalide, alectorialic acid, alectorialin;lias
Anaptychia bryorum;zeorin;italic
Anaptychia bryorum;unknown/unidentified (tri-)terpenoid(s), (tri-)terpene(s), variolaric acid;lias
Anaptychia crinalis;unknown/unidentified compound(s);lias
Anaptychia elbursiana;unknown/unidentified (tri-)terpenoid(s), (tri-)terpene(s);lias
Anaptychia palmulata;atranorin, variolaric acid;lias
Anaptychia runcinata;atranorin, zeorin (hopane-6α,22-diol);lias
Anaptychia ulotrichoides;unknown/unidentified (tri-)terpenoid(s), (tri-)terpene(s);lias
Ancistrosporella psoromica;2'-o-demethylpsoromic acid, psoromic acid;lias
Andreiomyces obtusaticus;norobtusatic acid;italic
Angiactis bermudensis;erythrin, unknown/unidentified compound(s);lias
Angiactis littoralis;gyrophoric acid, lecanoric acid;lias
Angiactis spinicola;erythrin, gyrophoric acid, methyl gyrophorate;lias
Anisomeridium elegans;lichexanthone;lias
Anisomeridium phaeospermum;lichexanthone;lias
Anisomeridium tuckerae;lichexanthone;lias
Anomalographis madeirensis;connorstictic acid, norstictic acid, subnorstictic acid, α-acetylconstictic acid;lias
Anomomorpha aggregans;connorstictic acid, norstictic acid;lias
Anomomorpha elegans;salazinic acid;lias
Anomomorpha lecanorina;constictic acid;lias
Anomomorpha roseola;neotricone, norperistictic acid, norstictic acid, protocetraric acid, salazinic acid, virensic acid;lias
Anomomorpha sordida;connorstictic acid, lichexanthone, norstictic acid, subnorstictic acid;lias
Anomomorpha subtorquens;neotricone, norstictic acid;lias
Anomomorpha turbulenta;neotricone, norstictic acid;lias
Anzia afromontana;atranorin, divaricatic acid;lias
Anzia americana;atranorin, divaricatic acid;lias
Anzia centrifuga;atranorin, divaricatic acid, unknown/unidentified (tri-)terpenoid(s), (tri-)terpene(s);lias
Anzia colpodes;atranorin, divaricatic acid;lias
Anzia corallophora;anziaic acid, atranorin, caperatic acid;lias
Anzia dictyorhiza;atranorin, divaricatic acid, nordivaricatic acid;lias
Anzia endoflavida;anziaic acid, atranorin, secalonic acid a;lias
Anzia entingiana;atranorin, chloroatranorin, protocetraric acid, virensic acid;lias
Anzia gallowayi;atranorin, chloroatranorin, divaricatic acid;lias
Anzia gregoriana;anziaic acid, atranorin, caperatic acid, loxodin;lias
Anzia isidiolenta;atranorin, chloroatranorin, lobaric acid, unknown/unidentified compound(s);lias
Anzia isidiosa;atranorin, chloroatranorin, fumarprotocetraric acid, lobaric acid, loxodin, norlobaridone, protocetraric acid;lias
Anzia jamesii;4-o-methylhypoprotocetraric acid, anziaic acid, atranorin, chloroatranorin;lias
Anzia leucobates;atranorin, divaricatic acid;lias
Anzia leucobatoides;atranorin, chloroatranorin, fumarprotocetraric acid, lobaric acid;lias
Anzia lopezii;atranorin, divaricatic acid;lias
Anzia madagascariensis;atranorin, chloroatranorin, fumarprotocetraric acid, protocetraric acid, stictic acid, unknown/unidentified xanthone(s);lias
Anzia masonii;atranorin, divaricatic acid;lias
Anzia minor;4-o-demethylnotatic acid, 4-o-methylhypoprotocetraric acid, atranorin, chloroatranorin, hypoprotocetraric acid, isonotatic acid, protocetraric acid, subnotatic acid;lias
Anzia niuginiensis;4-o-methylhypoprotocetraric acid, anziaic acid, atranorin, chloroatranorin;lias
Anzia ornatoides;atranorin, chloroatranorin, fumarprotocetraric acid, lobaric acid, protocetraric acid;lias
Anzia parasitica;atranorin, divaricatic acid;lias
Anzia pseudoangustata;atranorin, caperatic acid, chloroatranorin, lobaric acid, unknown/unidentified compound(s);lias
Anzia pseudopustulata;atranorin, caperatic acid, chloroatranorin, lobaric acid, unknown/unidentified compound(s);lias
Anzia pustulata;anziaic acid, atranorin, chloroatranorin;lias
Anzia semiteres;atranorin, caperatic acid, chloroatranorin, fumarprotocetraric acid, lobaric acid, loxodin, norlobaridone;lias
Anzia tianjarana;4-o-methylhypoprotocetraric acid, anziaic acid, atranorin, chloroatranorin;lias
Aquacidia trachona;argopsin;italic
Architrypethelium hyalinum;lichexanthone;lias
Arctoparmelia aleuritica;alectoronic acid, atranorin, chloroatranorin, α-collatolic acid;lias
Arctoparmelia centrifuga;atranorin, usnic;italic
Arctoparmelia centrifuga;alectoronic acid, atranorin, chloroatranorin, usnic acid, α-collatolic acid;lias
Arctoparmelia incurva;atranorin, usnic;italic
Arctoparmelia incurva;alectoronic acid, atranorin, chloroatranorin, protocetraric acid, usnic acid, α-collatolic acid;lias
Arctoparmelia separata;alectoronic acid, atranorin, chloroatranorin, usnic acid, α-collatolic acid;lias
Arctoparmelia subcentrifuga;alectoronic acid, atranorin, chloroatranorin, usnic acid, α-collatolic acid;lias
Arthonia anglica;gyrophoric acid;lias
Arthonia anombrophila;unknown/unidentified compound(s);lias
Arthonia astroidestera;lichexanthone;lias
Arthonia atlantica;atranorin, confluentic acid, stictic acid, unknown/unidentified compound(s);lias
Arthonia cinereopruinosa;psoromic acid;lias
Arthonia cinnabarina;unknown/unidentified anthraquinone(s);lias
Arthonia cyanea;unknown/unidentified compound(s);lias
Arthonia cyanea;unknown/unidentified compound(s);lias
Arthonia cyanea;unknown/unidentified compound(s);lias
Arthonia didyma;unknown/unidentified pigment(s);lias
Arthonia endlicheri;lecanoric acid;lias
Arthonia excipiens;hypoconstictic acid, hyposalazinic acid, hypostictic acid;lias
Arthonia flavoverrucosa;unknown/unidentified pigment(s);lias
Arthonia gerhardii;confluentic acid, psoromic acid;lias
Arthonia glaucofusca;atranorin, chloroatranorin, constipatic acid, protoconstipatic acid;lias
Arthonia isidiata;unknown/unidentified pigment(s);lias
Arthonia madreana;confluentic acid;lias
Arthonia mira;unknown/unidentified anthraquinone(s);lias
Arthonia nigrum;consalazinic acid, norlobaridone, protocetraric acid, salazinic acid, usnic acid;lias
Arthonia pruinata;arthoniaic acid;lias
Arthonia seifrigii;constictic acid, isousnic acid, stictic acid;lias
Arthonia stellaris;unknown/unidentified compound(s);lias
Arthonia turgida;constictic acid, cryptostictic acid, norstictic acid, stictic acid, usnic acid;lias
Arthonia verrucosa;psoromic acid;lias
Arthonia vinosa;unknown/unidentified anthraquinone(s);lias
Arthonia zwackhii;norstictic acid, unknown/unidentified compound(s);lias
Arthopyrenia koerberi;capistraton, congyrophoric acid, consalazinic acid, gyrophoric acid, salazinic acid, usnic acid;lias
Arthopyrenia punctulata;protocetraric acid, usnic acid;lias
Arthothelium desertorum;divaricatic acid;lias
Arthothelium feuereri;gyrophoric acid;lias
Arthothelium saxicola;barbatic acid, unknown/unidentified compound(s);lias
Arthrorhaphis alpina;epanorin, rhizocarpic acid;italic
Arthrorhaphis alpina;epanorin, rhizocarpic acid;lias
Arthrorhaphis citrinella;epanorin, rhizocarpic acid;italic
Arthrorhaphis citrinella;epanorin, rhizocarpic acid;lias
Arthrorhaphis citrinella;rhizocarpic acid;lias
Arthrorhaphis vacillans;atranorin, epanorin, rhizocarpic acid;italic
Arthrorhaphis vacillans;epanorin, rhizocarpic acid;lias
Arthrorhaphis vulgaris;epanorin, rhizocarpic acid;italic
Asahinea chrysantha;alectoronic acid, atranorin, usnic acid;lias
Aspicilia anglica;substictic acid;lias
Aspicilia arizonica;connorstictic acid, norstictic acid;lias
Aspicilia aurantiaca;hyposalazinic acid, hypostictic acid, norstictic acid, stictic acid;lias
Aspicilia berntii;norstictic acid, stictic acid;lias
Aspicilia boykinii;hyposalazinic acid, norstictic acid, stictic acid;lias
Aspicilia bricconensis;norstictic acid;italic
Aspicilia brucei;connorstictic acid, hyposalazinic acid, norstictic acid;lias
Aspicilia caesiocinerea;aspicilin;lias
Aspicilia californica;connorstictic acid, norstictic acid;lias
Aspicilia candida;substictic acid;italic
Aspicilia cinerea;norstictic acid;italic
Aspicilia cinerea;norstictic acid, stictic acid;lias
Aspicilia contorta;aspicilin;lias
Aspicilia contorta;aspicilin;lias
Aspicilia contorta;aspicilin;lias
Aspicilia cuprea;connorstictic acid, norstictic acid;lias
Aspicilia desertorum;aspicilin;lias
Aspicilia epiglypta;norstictic acid;lias
Aspicilia fimbriata;norstictic acid;italic
Aspicilia flavoreagens;stictic acid;italic
Aspicilia fluviatilis;norstictic acid;italic
Aspicilia fluviatilis;norstictic acid;lias
Aspicilia granulosa;connorstictic acid, norstictic acid;lias
Aspicilia grisea;norstictic acid;italic
Aspicilia grisea;norstictic acid;lias
Aspicilia intermutans;norstictic acid;lias
Aspicilia knudsenii;hyposalazinic acid, norstictic acid, stictic acid;lias
Aspicilia laevata;norstictic acid;italic
Aspicilia laevata;norstictic acid, stictic acid;lias
Aspicilia leprosescens;aspicilin;lias
Aspicilia mansourii;aspicilin, unknown/unidentified fatty acid(s);lias
Aspicilia mashiginensis;substictic acid;italic
Aspicilia mauritii;norstictic acid;italic
Aspicilia melanaspis;norstictic acid, unknown/unidentified compound(s);lias
Aspicilia myrinii;norstictic acid;lias
Aspicilia olivaceobrunnea;connorstictic acid, norstictic acid;lias
Aspicilia pacifica;norstictic acid, stictic acid;lias
Aspicilia permutata;substictic acid;italic
Aspicilia phaea;unknown/unidentified compound(s);lias
Aspicilia praecrenata;aspicilin;lias
Aspicilia prestensis;norstictic acid;italic
Aspicilia proluta;stictic acid;italic
Aspicilia santamonicae;norstictic acid;lias
Aspicilia serpentinicola;substictic acid;lias
Aspicilia simoënsis;norstictic acid, stictic acid;lias
Aspicilia sipeana;connorstictic acid, norstictic acid;lias
Aspicilia spermatomanes;norstictic acid;italic
Aspicilia subdepressa;norstictic acid, stictic acid;italic
Aspicilia subdepressa;norstictic acid, stictic acid;lias
Aspicilia substictica;stictic acid, substictic acid;lias
Aspicilia supertegens;aspicilin;italic
Aspicilia tuberculosa;aspicilin;lias
Aspicilia verrucigera;norstictic acid, stictic acid;italic
Aspicilia verrucigera;norstictic acid, stictic acid;lias
Aspicilia verruculosa;stictic acid;italic
Astrothelium cinnamomeum;unknown/unidentified anthraquinone(s);lias
Astrothelium congregans;constictic acid, norstictic acid, stictic acid, usnic acid;lias
Astrothelium diplocarpum;unknown/unidentified anthraquinone(s);lias
Astrothelium galbineum;lichexanthone, unknown/unidentified anthraquinone(s);lias
Astrothelium interjectum;lichexanthone;lias
Astrothelium leucothelium;lichexanthone;lias
Astrothelium mosigii;constictic acid, cryptostictic acid, norstictic acid, stictic acid, usnic acid;lias
Astrothelium subaequans;unknown/unidentified anthraquinone(s);lias
Astrothelium versicolor;lichexanthone, unknown/unidentified anthraquinone(s);lias
Athallia alnetorum;emodin, fallacinal, parietin, teloschistin;italic
Athallia brachyspora;emodin, fallacinal, parietin, teloschistin;italic
Athallia cerinella;emodin, fallacinal, parietin, teloschistin;italic
Athallia cerinelloides;emodin, fallacinal, parietin, teloschistin;italic
Athallia holocarpa;emodin, fallacinal, parietin, teloschistin;italic
Athallia inconnexa;emodin, fallacinal, parietin, teloschistin;italic
Athallia necator;emodin, fallacinal, parietin, teloschistin;italic
Athallia pyracea;emodin, fallacinal, parietin, teloschistin;italic
Athallia raesaenenii;emodin, fallacinal, parietin, parietinic acid, teloschistin;italic
Athallia saxifragarum;emodin, fallacinal, parietin, teloschistin;italic
Athallia skii;emodin, fallacinal, parietin, parietinic acid, teloschistin;italic
Athallia vitellinaria;emodin, fallacinal, teloschistin;italic
Australiaena streimannii;4,7-dichloronorlichexanthone, 5-chlorolichexanthone, conlobaric acid, gyrophoric acid, lecanoric acid, lobaric acid, perlatolic acid;lias
Austrographa skyrinica;skyrin (rhodophyscin);lias
Austrolecia antarctica;connorstictic acid, norstictic acid;lias
Austroparmelina elixiana;atranorin, chloroatranorin, lecanoric acid, orsellinic acid;lias
Austroparmelina pallida;atranorin, chloroatranorin, lecanoric acid, orsellinic acid;lias
Austroparmelina whinrayi;atranorin, chloroatranorin, lecanoric acid, orsellinic acid;lias
Austroroccella gayana;roccellic acid;lias
Bacidia absistens;unknown/unidentified compound(s);lias
Bacidia aggregatula;atranorin;lias
Bacidia arceutina;unknown/unidentified pigment(s);lias
Bacidia biatorina;atranorin;lias
Bacidia caesiovirens;atranorin;lias
Bacidia campalea;atranorin, zeorin (hopane-6α,22-diol);lias
Bacidia carneoglauca;lichexanthone;lias
Bacidia corisopitensis;constictic acid, cryptostictic acid, norstictic acid, stictic acid, usnic acid;lias
Bacidia diffracta;atranorin, zeorin (hopane-6α,22-diol);lias
Bacidia fraxinea;atranorin;italic
Bacidia heterochroa;atranorin;italic
Bacidia heterochroa;atranorin;lias
Bacidia iberica;atranorin;italic
Bacidia iberica;atranorin;lias
Bacidia igniarii;unknown/unidentified pigment(s);lias
Bacidia irrorata;loxodin, norlobaridone, unknown/unidentified compound(s), usnic acid;lias
Bacidia johnstoniae;4,5-dichloro-3-o-methylnorlichexanthone, 4,5-dichlorolichexanthone (coronatone), 4-chlorolichexanthone, dioxocondidymic acid, dioxodidymic acid, dioxoisodidymic acid, oxodidymic acid;lias
Bacidia laurocerasi;atranorin;italic
Bacidia lobarica;lobaric acid;lias
Bacidia macrocucospora;consalazinic acid, salazinic acid, usnic acid;lias
Bacidia minutula;consalazinic acid, protocetraric acid, salazinic acid, usnic acid;lias
Bacidia muscicola;constictic acid, norstictic acid, stictic acid, usnic acid;lias
Bacidia mutabilis;atranorin, zeorin (hopane-6α,22-diol);lias
Bacidia paramedialis;unknown/unidentified pigment(s);lias
Bacidia parathalassica;atranorin;italic
Bacidia polychroa;atranorin;italic
Bacidia polychroa;atranorin;lias
Bacidia rhabdospora;conechinocarpic acid, echinocarpic acid, usnic acid;lias
Bacidia rosellizans;atranorin;lias
Bacidia salazarensis;atranorin;lias
Bacidia sanctae-luciae;connorstictic acid, constictic acid, cryptostictic acid, hypostictic acid, norstictic acid, stictic acid, usnic acid;lias
Bacidia stigmatoidea;consalazinic acid, salazinic acid, usnic acid;lias
Bacidia syncephala;2'-o-demethylpsoromic acid, psoromic acid, usnic acid;lias
Bacidia viridifarinosa;lichexanthone;lias
Bactrospora flavopruinosa;protosimonyellin, simonyellin_= 686;lias
Bactrospora myriadea;unknown/unidentified compound(s);lias
Bactrospora pleistophragmia;unknown/unidentified compound(s);lias
Baculifera epifuscescens;connorstictic acid, norstictic acid;lias
Baculifera imshaugiana;atranorin, connorstictic acid, norstictic acid;lias
Baculifera intermedioides;atranorin, connorstictic acid, norstictic acid;lias
Baculifera macromera;atranorin;lias
Baculifera metaphragmioides;connorstictic acid, norstictic acid;lias
Baculifera micromera;atranorin;lias
Baculifera orosa;connorstictic acid, norstictic acid;lias
Baculifera pseudomicromera;atranorin, connorstictic acid, norstictic acid;lias
Badimia dimidiata;usnic acid, zeorin (hopane-6α,22-diol);lias
Badimia galbinea;usnic acid, zeorin (hopane-6α,22-diol);lias
Badimia montoyana;unknown/unidentified compound(s), usnic acid, zeorin (hopane-6α,22-diol);lias
Badimia multiseptata;usnic acid, zeorin (hopane-6α,22-diol);lias
Badimia pallidula;usnic acid, zeorin (hopane-6α,22-diol);lias
Badimia polillensis;usnic acid, zeorin (hopane-6α,22-diol);lias
Badimia tuckermanii;3-o-methylasemone, usnic acid, zeorin (hopane-6α,22-diol);lias
Badimia vezdana;usnic acid, zeorin (hopane-6α,22-diol);lias
Baeomyces amoenus;consalazinic acid, norstictic acid, salazinic acid, usnic acid;lias
Baeomyces heteromorphus;connorstictic acid, crustinic acid, gyrophoric acid, norstictic acid, salazinic acid, subnorstictic acid;lias
Baeomyces placophyllus;stictic acid;lias
Baeomyces rufus;barbatic acid, constictic acid, cryptostictic acid, gyrophoric acid, norstictic acid, squamatic acid, stictic acid;lias
Baeotithis alpina;constictic acid, cryptostictic acid, hypoconstictic acid, hyposalazinic acid, hypostictic acid, stictic acid, usnic acid;lias
Baflavia flavescens;isousnic acid, usnic acid, zeorin (hopane-6α,22-diol);lias
Bapalmuia lineata;4,5-dichlorolichexanthone (coronatone);lias
Bapalmuia pallescens;4,5-dichlorolichexanthone (coronatone);lias
Bapalmuia palmularis;4,5-dichlorolichexanthone (coronatone);lias
Bathelium degenerans;unknown/unidentified anthraquinone(s);lias
Bathelium feei;unknown/unidentified anthraquinone(s);lias
Bathelium madreporiforme;unknown/unidentified anthraquinone(s);lias
Bathelium mastoideum;unknown/unidentified anthraquinone(s);lias
Bellemerea alpina;norstictic acid;italic
Bellemerea alpina;norstictic acid;lias
Biatora aegrefaciens;gyrophoric acid;lias
Biatora aureolepra;5-o-methylhiascic acid, gyrophoric acid, lecanoric acid;lias
Biatora britannica;argopsin, norargopsin;lias
Biatora chrysantha;gyrophoric acid, lecanoric acid;italic
Biatora chrysantha;atranorin, gyrophoric acid, lecanoric acid;lias
Biatora cuprea;argopsin;italic
Biatora cuprea;argopsin;lias
Biatora efflorescens;argopsin;italic
Biatora efflorescens;argopsin, norargopsin;lias
Biatora epixanthoidiza;gyrophoric acid;lias
Biatora fallax;argopsin;italic
Biatora fallax;argopsin, gyrophoric acid, norargopsin;lias
Biatora flavopunctata;atranorin, isousnic acid, usnic, usnic acid;italic
Biatora flavopunctata;atranorin, cryptostictic acid, isousnic acid, stictic acid, unknown/unidentified (tri-)terpenoid(s), (tri-)terpene(s), usnic acid;lias
Biatora helvola;gyrophoric acid;italic
Biatora helvola;gyrophoric acid, lecanoric acid;lias
Biatora hertelii;argopsin, norargopsin;lias
Biatora hypophaea;argopsin, norargopsin;lias
Biatora kodiakensis;gyrophoric acid, lecanoric acid;lias
Biatora ligni-mollis;lobaric acid;lias
Biatora mendax;argopsin;italic
Biatora mendax;argopsin, norargopsin;lias
Biatora ocelliformis;argopsin;italic
Biatora ocelliformis;argopsin;lias
Biatora pallens;usnic, zeorin;italic
Biatora pontica;thiophanic acid;italic
Biatora sphaeroidiza;4,5,7-trichloronorlichexanthone (asemone), thiophanic acid;lias
Biatora subduplex;unknown/unidentified compound(s);lias
Biatora subgilva;usnic;italic
Biatora subgilva;isousnic acid, usnic acid;lias
Biatora toensbergii;argopsin, norargopsin;lias
Biatora troendelagica;divaricatic acid;lias
Biatora vacciniicola;gyrophoric acid;italic
Biatora vacciniicola;gyrophoric acid;lias
Biatorella carestiae;connorstictic acid, norstictic acid, usnic acid;lias
Bilimbia lobulata;zeorin;italic
Blarneya hibernica;lecanoric acid;lias
Blastenia ameliensis;constictic acid, cryptostictic acid, norstictic acid, stictic acid, usnic acid;lias
Blastenia cretacea;consalazinic acid, norstictic acid, protocetraric acid, salazinic acid, usnic acid;lias
Blastenia granulosa;emodin, evernic acid, lecanoric acid, usnic acid;lias
Blastenia metzleri;lecanoric acid, usnic acid;lias
Blastenia subathallina;parietin;italic
Boreoplaca ultrafrigida;lecanoric acid;lias
Botryolepraria lesdainii;lesdainic acid (6α-acetoxyhopan-22-ol), zeorin (hopane-6α,22-diol);lias
Botryolepraria neotropica;unknown/unidentified (tri-)terpenoid(s), (tri-)terpene(s), zeorin (hopane-6α,22-diol);lias
Brasilicia brasiliensis;zeorin (hopane-6α,22-diol);lias
Brigantiaea fuscolutea;atranorin, chloroatranorin, parietin;lias
Brigantiaea leucoxantha;atranorin, parietin, unknown/unidentified (tri-)terpenoid(s), (tri-)terpene(s), zeorin (hopane-6α,22-diol);lias
Brigantiaea lobulata;atranorin, caloploicin, fulgidin, isofulgidin, parietin, vicanicin;lias
Brigantiaea lobulatisidiata;parietin, zeorin (hopane-6α,22-diol);lias
Brigantiaea lordhowensis;7-chloroemodin, atranorin, parvifoliellin, unknown/unidentified (tri-)terpenoid(s), (tri-)terpene(s), zeorin (hopane-6α,22-diol);lias
Brigantiaea microcarpa;atranorin, parietin, zeorin (hopane-6α,22-diol);lias
Brigantiaea phaeomma;atranorin, caloploicin, fulgidin, isofulgidin, parietin, vicanicin;lias
Brigantiaea tricolor;atranorin, ligastroquinone, parietin, simonyellin, zeorin (hopane-6α,22-diol);lias
Brodoa atrofusca;atranorin, chloroatranorin;italic
Brodoa atrofusca;atranorin, physodic acid, protocetraric acid;lias
Brodoa intestiniformis;atranorin, chloroatranorin;italic
Brodoa intestiniformis;atranorin, fumarprotocetraric acid;lias
Brodoa oroarctica;atranorin, physodic acid, protocetraric acid;lias
Bryocaulon divergens;olivetoric acid;lias
Bryocaulon pseudosatoanum;olivetoric acid;lias
Bryocaulon satoanum;physodic acid;lias
Bryonora castanea;norstictic acid;italic
Bryonora castanea;norstictic acid;lias
Bryonora granulata;perlatolic acid;lias
Bryonora peltata;protocetraric acid, usnic acid;lias
Bryonora pruinosa;usnic, usnic acid;italic
Bryonora rhypariza;norstictic acid;lias
Bryoplaca jungermanniae;emodin, emodinic acid;italic
Bryoplaca sinapisperma;atranorin;italic
Bryoria bicolor;fumarprotocetraric acid;italic
Bryoria bicolor;fumarprotocetraric acid;lias
Bryoria capillaris;atranorin, barbatolic acid, fumarprotocetraric acid, psoromic acid;italic
Bryoria capillaris;alectorialic acid, atranorin, barbatolic acid;lias
Bryoria carlottae;fumarprotocetraric acid;lias
Bryoria cervinula;fumarprotocetraric acid;lias
Bryoria chalybeiformis;fumarprotocetraric acid;lias
Bryoria divergescens;confumarprotocetraric acid, fumarprotocetraric acid, lobaric acid, protocetraric acid, unknown/unidentified compound(s);lias
Bryoria fremonti;vulpinic acid;lias
Bryoria fremontii;vulpinic acid;italic
Bryoria furcellata;fumarprotocetraric acid;italic
Bryoria furcellata;fumarprotocetraric acid, protocetraric acid;lias
Bryoria fuscescens;atranorin, chloroatranorin;italic
Bryoria fuscescens;fumarprotocetraric acid, protocetraric acid;lias
Bryoria glabra;fumarprotocetraric acid;lias
Bryoria implexa;atranorin, fumarprotocetraric acid, gyrophoric acid, psoromic acid;lias
Bryoria implexa;connorstictic acid, norstictic acid;lias
Bryoria lanestris;fumarprotocetraric acid, protocetraric acid;lias
Bryoria mariensis;norstictic acid;lias
Bryoria motykae;fumarprotocetraric acid;lias
Bryoria nadvornikiana;atranorin, fumarprotocetraric acid;italic
Bryoria nadvornikiana;alectorialic acid, atranorin, barbatolic acid, fumarprotocetraric acid;lias
Bryoria nitidula;fumarprotocetraric acid;lias
Bryoria pikei;alectorialic acid, barbatolic acid, gyrophoric acid;lias
Bryoria pseudocapillaris;alectorialic acid, barbatolic acid, unknown/unidentified compound(s);lias
Bryoria spiralifera;atranorin, connorstictic acid, norstictic acid;lias
Bryoria subcana;fumarprotocetraric acid;lias
Bryoria tenuis;fumarprotocetraric acid;lias
Bryoria tortuosa;vulpinic acid;lias
Bryoria trichodes;atranorin, chloroatranorin, fumarprotocetraric acid;lias
Bryoria trichodes;atranorin, fumarprotocetraric acid;lias
Buellia aeruginosa;unknown/unidentified xanthone(s);lias
Buellia aethalea;connorstictic acid, constictic acid, cryptostictic acid, menegazziaic acid, norstictic acid, stictic acid;lias
Buellia afghanica;unknown/unidentified fatty acid(s), usnic acid;lias
Buellia alboatra;norstictic acid;lias
Buellia alboatrior;atranorin, diploicin;lias
Buellia almeriensis;atranorin;italic
Buellia almeriensis;atranorin, connorstictic acid, norstictic acid;lias
Buellia aptrootii;unknown/unidentified xanthone(s);lias
Buellia arborea;atranorin, placodiolic acid;italic
Buellia arborea;atranorin, placodiolic acid;lias
Buellia argillicola;connorstictic acid, hypostictic acid, norstictic acid, stictic acid;lias
Buellia arnoldii;atranorin;italic
Buellia arnoldii;atranorin;lias
Buellia asterella;atranorin;italic
Buellia asterella;atranorin, norstictic acid;lias
Buellia atrocinerella;connorstictic acid, norstictic acid;lias
Buellia austroalpina;atranorin, connorstictic acid, norstictic acid;lias
Buellia bogongensis;atranorin, chloroatranorin, connorstictic acid, norstictic acid;lias
Buellia bolacina;atranorin;lias
Buellia caesia;fumarprotocetraric acid, protocetraric acid, succinprotocetraric acid, usnic acid;lias
Buellia caldesiana;atranorin, thiophanic acid;italic
Buellia caldesiana;arthothelin, atranorin;lias
Buellia capitis-regum;atranorin, chloroatranorin, diploicin, isofulgidin, o-methyldiploicin, placodiolic acid;lias
Buellia carballaliana;5-methoxylecanoric acid, 5-o-methylhiascic acid, lecanoric acid, methyl orsellinate, unknown/unidentified compound(s);lias
Buellia cedricola;connorstictic acid, norstictic acid, usnic acid;lias
Buellia centralis;hypoprotocetraric acid, nornotatic acid, rhizocarpic acid;lias
Buellia chloroleuca;4,5-dichloro-6-o-methylnorlichexanthone, 5,7-dichloro-3-o-methylnorlichexanthone, 5,7-dichloronorlichexanthone, 6-o-methylarthothelin, arthothelin, atranorin, isoarthothelin, variolaric acid;lias
Buellia christophii;connorstictic acid, norstictic acid;lias
Buellia cinnabarina;atranorin, eumitrin u, pannarin, secalonic acid a, unknown/unidentified secalonic acid derivate(s);lias
Buellia concinna;2,5,7-trichloro-3-o-methylnorlichexanthone, arthothelin;lias
Buellia cranfieldii;atranorin, chloroatranorin;lias
Buellia curatellae;connorstictic acid, norstictic acid;lias
Buellia curtisii;atranorin, norstictic acid, stictic acid;lias
Buellia desertica;atranorin, chloroatranorin, diploicin, fulgidin, isofulgidin, norstictic acid;lias
Buellia dijiana;4,5-dichloronorlichexanthone, arthothelin, thiophanic acid;lias
Buellia disciformis;atranorin;italic
Buellia disciformis;atranorin, brialmontin 1, brialmontin 2, fulgidin, fulgoicin, norfulgoicin;lias
Buellia discoensis;norlobaridone, usnic acid;lias
Buellia dispersa;atranorin;italic
Buellia dispersa;2-o-methylperlatolic acid, atranorin, chloroatranorin, confluentic acid;lias
Buellia dissa;atranorin, diploicin, fulgidin, isofulgidin;lias
Buellia dissa;atranorin, diploicin, fulgidin, isofulgidin;lias
Buellia dives;atranorin;italic
Buellia dives;atranorin, connorstictic acid, norstictic acid;lias
Buellia ectolechioides;norstictic acid;lias
Buellia eganii;lecanoric acid;lias
Buellia elegans;atranorin, o-methylperlatolic acid;italic
Buellia endoferruginea;atranorin, connorstictic acid, divaricatic acid, norstictic acid, variolaric acid;lias
Buellia epifimbriata;norstictic acid;lias
Buellia erubescens;atranorin;italic
Buellia erubescens;atranorin, norstictic acid;lias
Buellia excelsa;atranorin, chloroatranorin;lias
Buellia fimbriata;3-chlorodivaricatic acid;lias
Buellia flavescens;atranorin;italic
Buellia fraudans;connorstictic acid, norstictic acid;lias
Buellia fusca;o-methylperlatolic acid;italic
Buellia fusca;2'-o-methylperlatolic acid;lias
Buellia galapogina;consalazinic acid, norstictic acid, protocetraric acid, salazinic acid, usnic acid;lias
Buellia geophila;6-o-methylarthothelin, capistraton;lias
Buellia georgei;4,5-dichloronorlichexanthone, arthothelin, thiophanic acid;lias
Buellia graminicola;6-o-methylarthothelin, unknown/unidentified anthraquinone(s);lias
Buellia granulosa;6-o-methylarthothelin;lias
Buellia griseovirens;atranorin, connorstictic acid, norstictic acid;italic
Buellia griseovirens;atranorin, connorstictic acid, norstictic acid, unknown/unidentified pigment(s);lias
Buellia halonia;2,4-dichloronorlichexanthone, 2,5-dichloronorlichexanthone, 2,7-dichloronorlichexanthone, 4,5-dichloronorlichexanthone, 5,7-dichloronorlichexanthone, arthothelin, atranorin, isoarthothelin, norstictic acid, thiophanic acid, thiophaninic acid;lias
Buellia heppiana;constictic acid, cryptostictic acid, norstictic acid, stictic acid, usnic acid;lias
Buellia himalayensis;atranorin, norstictic acid;lias
Buellia homophylia;atranorin, connorstictic acid, norstictic acid;lias
Buellia hookeri;consalazinic acid, salazinic acid, usnic acid;lias
Buellia hyperbolica;atranorin;italic
Buellia iberica;atranorin;italic
Buellia imshaugii;atranorin, pannarin;italic
Buellia imshaugii;stictic acid, usnic acid;lias
Buellia indissimilis;norstictic acid, unknown/unidentified xanthone(s);lias
Buellia insignis;6-o-methylarthothelin;lias
Buellia jugorum;arthothelin;lias
Buellia kimberleyana;connorstictic acid, norstictic acid;lias
Buellia lacteoidea;atranorin, connorstictic acid, gyrophoric acid, norstictic acid;lias
Buellia lauricassiae;atranorin, connorstictic acid, norstictic acid;lias
Buellia laurocanariensis;unknown/unidentified compound(s);lias
Buellia lepidastroidea;3-dechlorodiploicin, atranorin, chloroatranorin, diploicin, fulgidin, isofulgidin;lias
Buellia leptocline;atranorin;italic
Buellia leptocline;atranorin;lias
Buellia leptoclinoides;atranorin, placodiolic acid;italic
Buellia leptolepis;norstictic acid;italic
Buellia leucomela;6-o-methylarthothelin, lichexanthone;lias
Buellia lindingeri;hypostictic acid;lias
Buellia lobata;4,5-dichloronorlichexanthone, arthothelin, thiophanic acid, thuringione;lias
Buellia longispora;atranorin, norstictic acid, stictic acid;italic
Buellia longispora;atranorin, connorstictic acid, constictic acid, cryptostictic acid, menegazziaic acid, stictic acid;lias
Buellia mamillana;2-o-methylperlatolic acid, 4,5-dichloro-3-o-methylnorlichexanthone, 4,5-dichlorolichexanthone (coronatone), 4-chlorolichexanthone, atranorin, cryptostictic acid, divaricatic acid, hypostictic acid, methyl stictic acid, norstictic acid, stictic acid;lias
Buellia maritima;connorstictic acid, norstictic acid;lias
Buellia mediterranea;atranorin;italic
Buellia megaspora;atranorin;lias
Buellia mexicana;atranorin, connorstictic acid, norstictic acid;lias
Buellia miriquidica;miriquidic acid;italic
Buellia miriquidica;miriquidic acid;lias
Buellia molonglo;2,5-dichloronorlichexanthone, 2,7-dichloronorlichexanthone, 5,7-dichloronorlichexanthone, atranorin, eumitrin u, isoarthothelin, secalonic acid(s) – unspecified, thiophanic acid, unknown/unidentified (tri-)terpenoid(s), (tri-)terpene(s);lias
Buellia morsina;atranorin, connorstictic acid, norstictic acid;lias
Buellia muriformis;atranorin, placodiolic acid, unknown/unidentified compound(s);lias
Buellia muscorum;fumarprotocetraric acid, protocetraric acid, succinprotocetraric acid, usnic acid;lias
Buellia nashii;atranorin, connorstictic acid, norstictic acid, stictic acid;lias
Buellia navajoensis;4,5-dichloronorlichexanthone, arthothelin, atranorin, norstictic acid, thiophanic acid;lias
Buellia nordinii;atranorin;lias
Buellia ocellata;arthothelin, stictic acid;lias
Buellia oidalea;2,7-dichloro-3-o-methylnorlichexanthone, diploicin, isofulgidin;lias
Buellia oidaliella;7-chlorolichexanthone, diploicin, isofulgidin;lias
Buellia pallida;norstictic acid;lias
Buellia pallidomarginata;atranorin, diploicin;lias
Buellia paniformis;3-o-demethylscensidin, atranorin, chloroatranorin, diploicin, isofulgidin;lias
Buellia papillata;atranorin;lias
Buellia parastata;atranorin, diploicin, fulgidin, isofulgidin;lias
Buellia patouillardii;atranorin;italic
Buellia penichra;atranorin, placodiolic acid;lias
Buellia poeltii;placodiolic acid;lias
Buellia poimenae;5-o-methylhiascic acid, gyrophoric acid, lecanoric acid, methyl psoromate;lias
Buellia polyspora;atranorin;lias
Buellia polyxanthonica;2,7-dichlorolichexanthone, 3-o-methylasemone, 3-o-methylthiophanic acid, 4,5,7-trichloronorlichexanthone (asemone), 6-o-methylarthothelin, arthothelin, di-o-methylthiophanic acid, isoarthothelin, thiophanic acid, thuringione, unknown/unidentified pigment(s);lias
Buellia polyxanthonica;2,7-dichlorolichexanthone, 3-o-methylasemone, 3-o-methylthiophanic acid, 4,5,7-trichloronorlichexanthone (asemone), arthothelin, di-o-methylthiophanic acid, isoarthothelin, thiophanic acid, thuringione;lias
Buellia porphyrica;connorstictic acid, norstictic acid;lias
Buellia postglacialis;norstictic acid;lias
Buellia procellarum;atranorin, diploicin, fulgidin, isofulgidin;lias
Buellia prospersa;2,4,5-trichlorolichexanthone, 4,5-dichloro-3-o-methylnorlichexanthone, 4,5-dichlorolichexanthone (coronatone), atranorin, connorstictic acid, norstictic acid, thuringione;lias
Buellia proximata;atranorin, diploicin;lias
Buellia pseudotetrapla;atranorin, diploicin, fulgidin, isofulgidin;lias
Buellia psoromica;2'-o-demethylpsoromic acid, atranorin, chloroatranorin, psoromic acid, subpsoromic acid;lias
Buellia pulverea;alectorialic acid;lias
Buellia reagenella;4,5-dichlorolichexanthone (coronatone);lias
Buellia regineae;3-dechlorodiploicin, atranorin, chloroatranorin, chlorolecideoidin, diploicin, fulgidin, gangaleoidin, isofulgidin, norgangaleoidin (californin), virensic acid;lias
Buellia rhizocarpica;alectorialic acid, atranorin, conrhizocarpic acid, epanorin, gyrophoric acid, unknown/unidentified pulvinic acid derivative(s);lias
Buellia romoletia;6-o-methylarthothelin;lias
Buellia rubroreagens;atranorin, norstictic acid, unknown/unidentified pigment(s);lias
Buellia sanguinolenta;atranorin;italic
Buellia sanguinolenta;norstictic acid;lias
Buellia sardiniensis;atranorin;italic
Buellia sardiniensis;atranorin, connorstictic acid, gyrophoric acid, norstictic acid;lias
Buellia saxorum;atranorin, gyrophoric acid;italic
Buellia saxorum;atranorin, gyrophoric acid, lecanoric acid;lias
Buellia selkirkii;connorstictic acid, constictic acid, cryptostictic acid, lusitanic acid, methyl stictic acid, usnic acid, verrucigeric acid;lias
Buellia sequax;atranorin, chloroatranorin;italic
Buellia sequax;norstictic acid;lias
Buellia sharpiana;arthothelin;lias
Buellia sorediata;atranorin;lias
Buellia spuria;atranorin;italic
Buellia spuria;atranorin, chloroatranorin, connorstictic acid, constictic acid, cryptostictic acid, menegazziaic acid, norstictic acid, stictic acid;lias
Buellia stellulata;atranorin;italic
Buellia stellulata;2'-o-methylperlatolic acid, atranorin, confluentic acid;lias
Buellia stellulata;atranorin, chloroatranorin, roccellic acid;lias
Buellia subaethalea;4,5-dichlorolichexanthone (coronatone), cryptostictic acid, methyl stictic acid, norstictic acid;lias
Buellia subcrassata;4,5-dichlorolichexanthone (coronatone), connorstictic acid, norstictic acid;lias
Buellia subdisciformis;atranorin;italic
Buellia subdisciformis;atranorin, connorstictic acid, norstictic acid, stictic acid;lias
Buellia submuriformis;atranorin, diploicin;lias
Buellia subperrimosa;constictic acid, cryptostictic acid, hypoconstictic acid, hyposalazinic acid, hypostictic acid, stictic acid, usnic acid;lias
Buellia subsquamosa;atranorin;italic
Buellia subsquamosa;atranorin, psoromic acid;lias
Buellia sulphurica;rhizocarpic acid;lias
Buellia terricola;arthothelin, atranorin, norstictic acid;lias
Buellia tesserata;atranorin, chloroatranorin;italic
Buellia tesserata;2-o-methylperlatolic acid, 3-chlorodivaricatic acid, atranorin, chloroatranorin, cryptostictic acid, divaricatic acid, nordivaricatic acid, norstictic acid, stictic acid;lias
Buellia testaceina;testacein;lias
Buellia thiopoliza;6-o-methylarthothelin, arthothelin, cinnamomeic acid b, granulosin, thiophanic acid, unknown/unidentified xanthone(s);lias
Buellia tirolensis;connorstictic acid, norstictic acid;lias
Buellia tombadorensis;unknown/unidentified xanthone(s);lias
Buellia trachyspora;4,5-dichloro-3-o-methylnorlichexanthone, 4,5-dichlorolichexanthone (coronatone);lias
Buellia triphragmioides;arthothelin, unknown/unidentified xanthone(s);lias
Buellia triseptata;atranorin;italic
Buellia triseptata;atranorin;lias
Buellia tyrolensis;norstictic acid;italic
Buellia tyrolensis;2-o-methylperlatolic acid, connorstictic acid, norstictic acid;lias
Buellia uberior;gyrophoric acid;italic
Buellia uberior;gyrophoric acid, stictic acid;lias
Buellia uberiuscula;connorstictic acid, norstictic acid;lias
Buellia venusta;norstictic acid;lias
Buellia vernicoma;unknown/unidentified xanthone(s);lias
Buellia vioxanthina;atranorin, chloroatranorin, connorstictic acid, norstictic acid, o-demethylvioxanthin, vioxanthin;lias
Buellia xanthonica;4,5-dichloronorlichexanthone, brialmontin 1;lias
Buellia yilliminningensis;gyrophoric acid, hiascic acid, lecanoric acid, thiophanic acid;lias
Bulbothrix affixa;atranorin, chloroatranorin, gyrophoric acid;lias
Bulbothrix apophystata;atranorin, chloroatranorin, lobaric acid;lias
Bulbothrix atrichella;atranorin, chloroatranorin, gyrophoric acid;lias
Bulbothrix australiensis;atranorin, chloroatranorin, consalazinic acid, salazinic acid;lias
Bulbothrix bicornuta;atranorin, chloroatranorin, lecanoric acid;lias
Bulbothrix bulbochaeta;atranorin, chloroatranorin, unknown/unidentified fatty acid(s);lias
Bulbothrix cassa;atranorin, chloroatranorin, unknown/unidentified fatty acid(s);lias
Bulbothrix chowoensis;atranorin, chloroatranorin, protocetraric acid;lias
Bulbothrix cinerea;atranorin, chloroatranorin, connorstictic acid, norstictic acid;lias
Bulbothrix confoederata;atranorin, chloroatranorin, lecanoric acid;lias
Bulbothrix coronata;atranorin, chloroatranorin, gyrophoric acid;lias
Bulbothrix decurtata;atranorin, chloroatranorin, norlobaridone, salazinic acid;lias
Bulbothrix enormis;atranorin, chloroatranorin, consalazinic acid, salazinic acid;lias
Bulbothrix fungicola;atranorin, chloroatranorin, gyrophoric acid;lias
Bulbothrix goebelii;atranorin, chloroatranorin, gyrophoric acid;lias
Bulbothrix haleana;atranorin, chloroatranorin, consalazinic acid, salazinic acid;lias
Bulbothrix hypochraea;atranorin, chloroatranorin, consalazinic acid, salazinic acid;lias
Bulbothrix imshaugii;atranorin, chloroatranorin, consalazinic acid, salazinic acid;lias
Bulbothrix isidiza;atranorin, chloroatranorin, consalazinic acid, salazinic acid;lias
Bulbothrix klementii;atranorin, chloroatranorin, colensoic acid;lias
Bulbothrix laevigatula;atranorin, chloroatranorin, lecanoric acid;lias
Bulbothrix laeviuscula;atranorin;lias
Bulbothrix leprieurii;atranorin, chloroatranorin, gyrophoric acid, lecanoric acid, orsellinic acid;lias
Bulbothrix linteolocarpa;atranorin, chloroatranorin, consalazinic acid, salazinic acid, secalonic acid a;lias
Bulbothrix lobarica;atranorin, chloroatranorin, gyrophoric acid, lobaric acid;lias
Bulbothrix lopezii;atranorin, chloroatranorin, unknown/unidentified fatty acid(s);lias
Bulbothrix lordhowensis;atranorin, chloroatranorin, norstictic acid, unknown/unidentified compound(s);lias
Bulbothrix megapotamica;atranorin, chloroatranorin, norstictic acid;lias
Bulbothrix meizospora;atranorin, chloroatranorin, consalazinic acid, salazinic acid;lias
Bulbothrix microscopica;atranorin, chloroatranorin, consalazinic acid, salazinic acid;lias
Bulbothrix oliveirai;atranorin, chloroatranorin, gyrophoric acid;lias
Bulbothrix pigmentacea;atranorin, chloroatranorin, unknown/unidentified fatty acid(s), unknown/unidentified pigment(s);lias
Bulbothrix pseudocoronata;atranorin, chloroatranorin, gyrophoric acid, lecanoric acid;lias
Bulbothrix pustulata;atranorin, chloroatranorin, consalazinic acid, salazinic acid;lias
Bulbothrix queenslandica;atranorin, chloroatranorin, unknown/unidentified fatty acid(s);lias
Bulbothrix regnelliana;atranorin, norstictic acid, unknown/unidentified compound(s);lias
Bulbothrix schiffneri;atranorin, chloroatranorin, gyrophoric acid;lias
Bulbothrix semilunata;atranorin, chloroatranorin, skyrin (rhodophyscin);lias
Bulbothrix sensibilis;atranorin, chloroatranorin, consalazinic acid, salazinic acid;lias
Bulbothrix setschwanensis;atranorin, chloroatranorin, consalazinic acid, salazinic acid;lias
Bulbothrix sipmanii;atranorin, chloroatranorin, gyrophoric acid;lias
Bulbothrix subcoronata;atranorin, chloroatranorin, norstictic acid;lias
Bulbothrix subglandulifera;atranorin, salazinic acid;lias
Bulbothrix subklementii;atranorin, chloroatranorin, unknown/unidentified fatty acid(s);lias
Bulbothrix subscortea;atranorin, salazinic acid;lias
Bulbothrix subtabacina;atranorin, chloroatranorin, consalazinic acid, salazinic acid;lias
Bulbothrix suffixa;atranorin, chloroatranorin, gyrophoric acid, unknown/unidentified fatty acid(s);lias
Bulbothrix tabacina;atranorin, chloroatranorin, consalazinic acid, salazinic acid;lias
Bulbothrix thomasiana;atranorin, lobaric acid;lias
Bulbothrix vainioi;atranorin, consalazinic acid, salazinic acid, unknown/unidentified compound(s);lias
Bulbothrix ventricosa;atranorin, chloroatranorin, norstictic acid;lias
Bulbothrix viatica;atranorin, chloroatranorin, connorstictic acid, norstictic acid;lias
Bulbothrix viridescens;atranorin, chloroatranorin, unknown/unidentified fatty acid(s);lias
Bunodophoron agnetae;isosphaeric acid, methyl ascomatate, protocetraric acid, salazinic acid, sphaerophorin;lias
Bunodophoron australe;ascomatic acid, constictic acid, isousnic acid, norstictic acid, placodiolic acid, sphaerophorin, stictic acid, unknown/unidentified pigment(s);lias
Bunodophoron coomerense;ascomatic acid, protocetraric acid, sphaerophorin;lias
Bunodophoron diplotypum;constictic acid, norstictic acid, sphaerophorin, strepsilin;lias
Bunodophoron dodgei;sphaerophorin, unknown/unidentified compound(s);lias
Bunodophoron flaccidum;ascomatic acid, methyl ascomatate, protocetraric acid;lias
Bunodophoron formosanum;constictic acid, cryptostictic acid, norstictic acid, sphaerophorin, stictic acid;lias
Bunodophoron imshaugii;ascomatic acid, protocetraric acid, sphaerophorin, unknown/unidentified compound(s);lias
Bunodophoron insigne;ascomatic acid, methyl ascomatate, protocetraric acid, sphaerophorin, unknown/unidentified compound(s);lias
Bunodophoron macrocarpum;4-o-demethylsphaerophorin, 7-o-methylnorascomatic acid, constictic acid, cryptostictic acid, isousnic acid, placodiolic acid, skyrin (rhodophyscin), sphaerophorin, stictic acid;lias
Bunodophoron melanocarpum;constictic acid, sordidone, sphaerophorin, stictic acid;lias
Bunodophoron murrayi;7-o-methylnorascomatic acid, ascomatic acid, methyl ascomatate, patagonic acid, protocetraric acid, usnic acid;lias
Bunodophoron notatum;constictic acid, isousnic acid, placodiolic acid, stictic acid, unknown/unidentified compound(s);lias
Bunodophoron palmatum;protocetraric acid;lias
Bunodophoron patagonicum;4-o-demethylsphaerophorin, 7-o-methylnorascomatate, 7-o-methylnorascomatic acid, ascomatic acid, isopatagonic acid, methyl ascomatate, norascomatic acid, patagonic acid, usnic acid;lias
Bunodophoron pinnatum;protocetraric acid, sphaerophorin;lias
Bunodophoron ramuliferum;constictic acid, isousnic acid, sphaerophorin, stictic acid, unknown/unidentified compound(s);lias
Bunodophoron tibellii;ascomatic acid, protocetraric acid, sphaerophorin, unknown/unidentified compound(s);lias
Byssolecania fumosonigricans;unknown/unidentified compound(s);lias
Byssoloma chloroticum;pigmentosin a, scabrosin(s) – unspecified, secalonic acid a, usnic acid, vioxanthin;lias
Byssoloma leucoblepharum;argopsin;italic
Byssoloma pubescens;unknown/unidentified xanthone(s);lias
Byssoloma tricholomum;unknown/unidentified pigment(s);lias
Caleniopsis aggregata;unknown/unidentified compound(s);lias
Caleniopsis conspersa;unknown/unidentified compound(s);lias
Calicium adspersum;norstictic acid, vulpinic acid;lias
Calicium chlorosporum;norstictic acid, placodiolic acid, unknown/unidentified xanthone(s);lias
Calicium corynellum;usnic;italic
Calicium corynellum;rhizocarpic acid, usnic acid;lias
Calicium glaucellum;2-o-methylsekikaic acid, 4-o-methylhypoprotocetraric acid, sekikaic acid, unknown/unidentified compound(s);lias
Calicium grande;constictic acid, cryptostictic acid, lusitanic acid, norstictic acid, stictic acid, usnic acid;lias
Calicium hyperelloides;arthothelin, thiophanic acid, thuringione;lias
Calicium lecideinum;atranorin, chloroatranorin;italic
Calicium lenticulare;4-o-methylhypoprotocetraric acid, placodiolic acid;lias
Calicium montanum;2-o-methyldivaricatic acid, divaricatic acid;lias
Calicium ornicolum;consalazinic acid, norstictic acid, protocetraric acid, salazinic acid, usnic acid;lias
Calicium parvum;4-o-demethylbarbatic acid, diffractaic acid;lias
Calicium quercinum;norstictic acid;lias
Calicium salicinum;norstictic acid, placodiolic acid;lias
Calicium sequoiae;decarboxythamnolic acid, protocetraric acid, squamatic acid, thamnolic acid;lias
Calicium trabinellum;vulpinic acid;lias
Calicium victorianum;physodalic acid;lias
Calicium viride;epanorin;italic
Calicium viride;epanorin, rhizocarpic acid;lias
Calogaya arnoldii;emodin, fallacinal, parietin, teloschistin;italic
Calogaya arnoldiiconfusa;emodin, fallacinal, parietin, teloschistin;italic
Calogaya biatorina;emodin, fallacinal, parietin, teloschistin;italic
Calogaya bryochrysion;emodin, fallacinal, parietin, parietinic acid, teloschistin;italic
Calogaya clauzadeana;emodin, fallacinal, parietin, teloschistin;italic
Calogaya decipiens;emodin, fallacinal, parietin, teloschistin;italic
Calogaya nana;emodin, fallacinal, parietin, teloschistin;italic
Calogaya oblitterata;emodin, fallacinal, parietin, teloschistin;italic
Calogaya pseudofulgensia;emodin, fallacinal, parietin, teloschistin;italic
Calogaya pusilla;emodin, fallacinal, parietin, teloschistin;italic
Calogaya schistidii;emodin, fallacinal, parietin, teloschistin;italic
Calopadia aurantiaca;unknown/unidentified xanthone(s);lias
Calopadia erythrocephala;fusarubin;lias
Calopadia foliicola;unknown/unidentified compound(s);lias
Calopadia lucida;2,7-dichloronorlichexanthone;lias
Calopadia perpallida;unknown/unidentified compound(s);lias
Caloplaca adelphoparasitica;emodin, fallacinal, parietin, teloschistin;italic
Caloplaca aegaea;parietin, unknown/unidentified anthraquinone(s);lias
Caloplaca aegatica;unknown/unidentified anthraquinone(s);lias
Caloplaca alastenia;unknown/unidentified xanthone(s);lias
Caloplaca albolutea;protocetraric acid, usnic acid;lias
Caloplaca albolutescens;parietin, unknown/unidentified anthraquinone(s);lias
Caloplaca albopustulata;unknown/unidentified anthraquinone(s);lias
Caloplaca allochroa;7-chloroemodin, emodin, fragilin, parietin;lias
Caloplaca almbornii;parietin, unknown/unidentified compound(s);lias
Caloplaca alnetorum;parietin, unknown/unidentified compound(s);lias
Caloplaca amarkantakana;parietin, unknown/unidentified compound(s);lias
Caloplaca ammiospila;parietin, unknown/unidentified anthraquinone(s);lias
Caloplaca andina;2'-o-demethylpsoromic acid, psoromic acid, usnic acid;lias
Caloplaca appressa;parietin, unknown/unidentified anthraquinone(s);lias
Caloplaca approximata;parietin, unknown/unidentified anthraquinone(s);lias
Caloplaca aractina;parietin, unknown/unidentified anthraquinone(s);lias
Caloplaca arbensis;hypoconstictic acid, hyposalazinic acid, hypostictic acid, usnic acid;lias
Caloplaca archeri;5-chloroemodin, atranorin, caloploicin, diploicin, fulgidin, isofulgidin, o-methylvioxanthin, parietin, vicanicin;lias
Caloplaca arcis;emodin, fallacinal, parietin, parietinic acid, teloschistin;lias
Caloplaca arcisproxima;emodin, fallacinal, parietin, parietinic acid, teloschistin;lias
Caloplaca arenaria;parietin, unknown/unidentified anthraquinone(s);lias
Caloplaca areolata;parietin, unknown/unidentified anthraquinone(s);lias
Caloplaca arizonica;emodin, parietin;lias
Caloplaca arnoldii;parietin, unknown/unidentified anthraquinone(s);lias
Caloplaca arnoldii;parietin, unknown/unidentified anthraquinone(s);lias
Caloplaca arnoldiiconfusa;parietin, unknown/unidentified anthraquinone(s);lias
Caloplaca aseptatospora;fragilin;lias
Caloplaca atroalba;unknown/unidentified anthraquinone(s);lias
Caloplaca atroflava;parietin, unknown/unidentified anthraquinone(s);lias
Caloplaca aurantia;parietin, unknown/unidentified anthraquinone(s);lias
Caloplaca aurea;parietin, unknown/unidentified anthraquinone(s);lias
Caloplaca austroatlantica;parietin, unknown/unidentified anthraquinone(s), unknown/unidentified compound(s);lias
Caloplaca austrocitrina;emodin, fallacinal, parietin, parietinic acid, teloschistin;lias
Caloplaca awasthii;parietin;lias
Caloplaca badioreagens;parietin, unknown/unidentified compound(s);lias
Caloplaca bassiae;fragilin;lias
Caloplaca baueri;parietin, unknown/unidentified anthraquinone(s);lias
Caloplaca biatorina;parietin, unknown/unidentified anthraquinone(s);lias
Caloplaca boergesenii;parietin, unknown/unidentified compound(s);lias
Caloplaca bogilana;7-chloroemodin, atranorin, fragilin, gyrophoric acid, parietin, unknown/unidentified (tri-)terpenoid(s), (tri-)terpene(s);lias
Caloplaca bolacina;emodin, fallacinal, parietin, xanthorin;lias
Caloplaca bonae-spei;emodin, erythroglaucin, fallacinal, parietin, teloschistin, xanthorin;lias
Caloplaca brattiae;emodin, fallacinal, parietin, parietinic acid, teloschistin;lias
Caloplaca britannica;parietin, unknown/unidentified anthraquinone(s);lias
Caloplaca brouardii;emodin, fallacinal, parietin, teloschistin;lias
Caloplaca brownlieae;erythroglaucin, gyrophoric acid, lecanoric acid, ovoic acid, parietin, xanthorin;lias
Caloplaca buelliae;parietin, unknown/unidentified anthraquinone(s);lias
Caloplaca bullata;unknown/unidentified anthraquinone(s);lias
Caloplaca calcitrapa;emodin, fragilin, parietin, parietinic acid, teloschistin;lias
Caloplaca calicioides;parietin;lias
Caloplaca camptidia;parietin, unknown/unidentified anthraquinone(s);lias
Caloplaca cancarixiticola;parietin, unknown/unidentified anthraquinone(s);lias
Caloplaca catalinae;parietin, unknown/unidentified anthraquinone(s);lias
Caloplaca ceracea;parietin, unknown/unidentified anthraquinone(s);lias
Caloplaca cerina;emodin, fallacinal, parietin, teloschistin;italic
Caloplaca cerina;parietin, unknown/unidentified anthraquinone(s);lias
Caloplaca cerina;parietin, unknown/unidentified anthraquinone(s);lias
Caloplaca cerina;parietin, unknown/unidentified anthraquinone(s);lias
Caloplaca cerinella;parietin, unknown/unidentified anthraquinone(s);lias
Caloplaca cerinelloides;parietin, unknown/unidentified anthraquinone(s);lias
Caloplaca chalybaea;parietin, unknown/unidentified anthraquinone(s);lias
Caloplaca chilensis;emodin, fallacinal, parietin, parietinic acid, teloschistin;lias
Caloplaca chlorina;emodin, fallacinal, parietin, teloschistin;italic
Caloplaca chlorina;parietin;lias
Caloplaca chlorina;unknown/unidentified anthraquinone(s);lias
Caloplaca chrysodeta;unknown/unidentified anthraquinone(s);lias
Caloplaca chrysophthalma;emodin, fragilin, parietin;lias
Caloplaca cinnabarina;emodin, erythroglaucin, fallacinal, parietin, parietinic acid, teloschistin, xanthorin;lias
Caloplaca cinnamomea;unknown/unidentified anthraquinone(s);lias
Caloplaca cirrochroa;unknown/unidentified anthraquinone(s);lias
Caloplaca citrina;emodin, parietin;lias
Caloplaca cladodes;emodin, fallacinal, parietin, teloschistin;lias
Caloplaca cliffwetmorei;parietin;lias
Caloplaca coccinea;emodin, fallacinal, parietin, parietinic acid, teloschistin;italic
Caloplaca coeruleofrigida;emodin, fallacinal, parietin, parietinic acid, teloschistin;lias
Caloplaca communis;emodin, fallacinal, parietin, parietinic acid, teloschistin;lias
Caloplaca concilians;unknown/unidentified anthraquinone(s);lias
Caloplaca confusa;emodin, fallacinal, parietin, parietinic acid, teloschistin;lias
Caloplaca conglomerata;emodin, fallacinal, parietin, teloschistin;italic
Caloplaca congrediens;unknown/unidentified anthraquinone(s);lias
Caloplaca conversa;unknown/unidentified anthraquinone(s);lias
Caloplaca coralloides;emodin, fallacinal, parietin, parietinic acid, teloschistin;lias
Caloplaca coronata;unknown/unidentified anthraquinone(s);lias
Caloplaca craggyensis;4,5-dichloronorlichexanthone, arthothelin, atranorin, erythroglaucin, parietin, parietinic acid, xanthorin;lias
Caloplaca crenularia;unknown/unidentified anthraquinone(s);lias
Caloplaca crenulatella;unknown/unidentified anthraquinone(s);lias
Caloplaca decipiens;unknown/unidentified anthraquinone(s);lias
Caloplaca decipioides;caloploicin, emodin, fallacinal, isofulgidin, parietin, parietinic acid, teloschistin, vicanicin;lias
Caloplaca demissa;caloploicin, vicanicin;lias
Caloplaca dichroa;emodin, fallacinal, parietin, parietinic acid, teloschistin;lias
Caloplaca digitaurea;emodin, fallacinal, parietin, parietinic acid, teloschistin;lias
Caloplaca diphasia;parietin, unknown/unidentified compound(s);lias
Caloplaca durietzii;unknown/unidentified anthraquinone(s);lias
Caloplaca elegantissima;emodin, erythroglaucin, fallacinal, parietin, parietinic acid, teloschistin, unknown/unidentified anthraquinone(s), xanthorin;lias
Caloplaca elixii;unknown/unidentified anthraquinone(s);lias
Caloplaca epiphora;unknown/unidentified anthraquinone(s);lias
Caloplaca epiphyta;unknown/unidentified anthraquinone(s);lias
Caloplaca epithallina;unknown/unidentified anthraquinone(s);lias
Caloplaca erecta;emodin, fallacinal, parietin, parietinic acid, teloschistin;lias
Caloplaca erythrocarpa;unknown/unidentified anthraquinone(s);lias
Caloplaca erythrosticta;unknown/unidentified anthraquinone(s);lias
Caloplaca eugyra;unknown/unidentified anthraquinone(s);lias
Caloplaca exsecuta;emodin, fallacinal, parietin, parietinic acid, xanthorin;lias
Caloplaca ferruginea;unknown/unidentified anthraquinone(s);lias
Caloplaca ferrugineoides;unknown/unidentified anthraquinone(s);lias
Caloplaca festivella;unknown/unidentified anthraquinone(s);lias
Caloplaca filsonii;norlobaridone, usnic acid;lias
Caloplaca flavescens;unknown/unidentified anthraquinone(s);lias
Caloplaca flavocitrina;emodin, fallacinal, parietin, parietinic acid, teloschistin;lias
Caloplaca flavogranulosa;emodin, fallacinal, parietin, parietinic acid, teloschistin;lias
Caloplaca flavorubescens;unknown/unidentified anthraquinone(s);lias
Caloplaca flavovirescens;unknown/unidentified anthraquinone(s);lias
Caloplaca furfuracea;unknown/unidentified anthraquinone(s);lias
Caloplaca galactophylla;unknown/unidentified anthraquinone(s);lias
Caloplaca geleverjae;emodin, fallacinal, parietin, parietinic acid, teloschistin;lias
Caloplaca gilfillaniorum;parietin;lias
Caloplaca granulosa;unknown/unidentified anthraquinone(s);lias
Caloplaca grimmiae;unknown/unidentified anthraquinone(s);lias
Caloplaca gyalectoides;parietin;lias
Caloplaca haematites;unknown/unidentified anthraquinone(s);lias
Caloplaca haematodes;emodin, erythroglaucin, fallacinal, parietin, teloschistin, xanthorin;lias
Caloplaca herbidella;unknown/unidentified anthraquinone(s);lias
Caloplaca hertelii;unknown/unidentified anthraquinone(s);lias
Caloplaca hertelii;2,5,7-trichloro-3-o-methylnorlichexanthone, 5,7-dichloro-3-o-methylnorlichexanthone, 5-chloroemodin;lias
Caloplaca himalayana;7-chloroemodin, parietinic acid;lias
Caloplaca holocarpa;unknown/unidentified anthraquinone(s);lias
Caloplaca hungarica;unknown/unidentified anthraquinone(s);lias
Caloplaca ignea;emodin, fallacinal, parietin, parietinic acid, teloschistin;lias
Caloplaca impolita;emodin, fallacinal, parietin, parietinic acid, teloschistin;lias
Caloplaca inconnexa;unknown/unidentified anthraquinone(s);lias
Caloplaca inconspecta;emodin, fallacinal, parietinic acid, teloschistin;lias
Caloplaca iomma;unknown/unidentified anthraquinone(s);lias
Caloplaca irrubescens;unknown/unidentified anthraquinone(s);lias
Caloplaca isidiigera;emodin, fallacinal, parietin, teloschistin;italic
Caloplaca isidiosa;emodin, fallacinal, parietin, teloschistin, xanthorin;lias
Caloplaca jatolensis;atranorin, unknown/unidentified compound(s);lias
Caloplaca johnstonii;unknown/unidentified anthraquinone(s);lias
Caloplaca kaernefeltii;o-methylvioxanthin, parietin;lias
Caloplaca kiewkaensis;unknown/unidentified anthraquinone(s);lias
Caloplaca lactea;unknown/unidentified anthraquinone(s);lias
Caloplaca lagunensis;unknown/unidentified anthraquinone(s);lias
Caloplaca lecanorae;unknown/unidentified anthraquinone(s);lias
Caloplaca lecanorina;connorstictic acid, norstictic acid, usnic acid;lias
Caloplaca lenae;caloploicin, emodin, isofulgidin, parietin, unknown/unidentified compound(s), vicanicin;lias
Caloplaca leptozona;unknown/unidentified anthraquinone(s);lias
Caloplaca letrouitioides;unknown/unidentified anthraquinone(s);lias
Caloplaca leucomela;hypoconstictic acid, hyposalazinic acid, hypostictic acid, usnic acid;lias
Caloplaca ligustica;fragilin, parietin;italic
Caloplaca limonia;emodin, fallacinal, parietin, parietinic acid, teloschistin;lias
Caloplaca litoricola;emodin, parietin, parietinic acid, teloschistin;lias
Caloplaca littorea;unknown/unidentified anthraquinone(s);lias
Caloplaca lucifuga;fallacinal, parietin;lias
Caloplaca ludificans;emodin, fallacinal, parietinic acid, teloschistin;lias
Caloplaca luteoalba;unknown/unidentified anthraquinone(s);lias
Caloplaca luteominia;emodin, erythroglaucin, fallacinal, parietin, parietinic acid, teloschistin, xanthorin;lias
Caloplaca luteominia;parietin, xanthorin;lias
Caloplaca magellanica;emodin, fallacinal, parietin, parietinic acid, teloschistin;lias
Caloplaca magnussoniana;parietin;lias
Caloplaca mallacootensis;unknown/unidentified anthraquinone(s);lias
Caloplaca marina;emodin, fallacinal, parietin, teloschistin;lias
Caloplaca marina;emodin, fallacinal, parietin, teloschistin;lias
Caloplaca marmorata;emodin, fallacinal, parietin, teloschistin;lias
Caloplaca megalariicola;unknown/unidentified anthraquinone(s);lias
Caloplaca mereschkowskiana;fallacinal, parietin, parietinic acid, teloschistin;lias
Caloplaca microthallina;unknown/unidentified anthraquinone(s);lias
Caloplaca monacensis;emodin, fallacinal, parietin, teloschistin;italic
Caloplaca monacensis;unknown/unidentified anthraquinone(s);lias
Caloplaca montenegrensis;parietin;lias
Caloplaca murrayi;unknown/unidentified anthraquinone(s);lias
Caloplaca namibensis;unknown/unidentified anthraquinone(s);lias
Caloplaca nashii;unknown/unidentified anthraquinone(s);lias
Caloplaca navasiana;unknown/unidentified anthraquinone(s);lias
Caloplaca nigromarina;emodin, fallacinal, parietin, parietinic acid, teloschistin;lias
Caloplaca oasis;unknown/unidentified anthraquinone(s);lias
Caloplaca obliterans;unknown/unidentified anthraquinone(s);lias
Caloplaca ochraceofulva;emodin, erythroglaucin, fallacinal, parietin, teloschistin, xanthorin;lias
Caloplaca papanui;unknown/unidentified anthraquinone(s);lias
Caloplaca parviloba;unknown/unidentified anthraquinone(s);lias
Caloplaca pellodella;unknown/unidentified anthraquinone(s);lias
Caloplaca persimilis;unknown/unidentified anthraquinone(s);lias
Caloplaca phyllidizans;unknown/unidentified anthraquinone(s);lias
Caloplaca pinicola;unknown/unidentified anthraquinone(s);lias
Caloplaca piscatorica;parietin;lias
Caloplaca proteus;unknown/unidentified anthraquinone(s);lias
Caloplaca pseudisteroides;atranorin, parietin;lias
Caloplaca pseudofulgensia;unknown/unidentified anthraquinone(s);lias
Caloplaca psoromatis;unknown/unidentified anthraquinone(s);lias
Caloplaca pulcherrima;lichexanthone, unknown/unidentified anthraquinone(s);lias
Caloplaca pygmaea;unknown/unidentified anthraquinone(s);lias
Caloplaca pyracea;unknown/unidentified anthraquinone(s);lias
Caloplaca queenslandica;5-chloroemodin, atranorin, caloploicin, diploicin, fulgidin, isofulgidin, o-methylvioxanthin, parietin, vicanicin;lias
Caloplaca rexii;emodin, erythroglaucin, fallacinal, parietin, parietinic acid, teloschistin;lias
Caloplaca rinodinae-albae;emodin, fallacinal, parietin, teloschistin;italic
Caloplaca rosei;emodin, fallacinal, parietin, teloschistin;lias
Caloplaca rossii;atranorin, caloploicin, chloroatranorin, diploicin, fulgidin, isofulgidin, vicanicin;lias
Caloplaca rubelliana;emodin, fallacinal, parietin, teloschistin;italic
Caloplaca rubelliana;unknown/unidentified anthraquinone(s);lias
Caloplaca ruderum;unknown/unidentified anthraquinone(s);lias
Caloplaca sauronii;7-chlorocitreorsein, 7-chloroemodic acid, 7-chloroemodin, 7-chloroemodinal, emodinal, emodinic acid;lias
Caloplaca saxicola;unknown/unidentified anthraquinone(s);lias
Caloplaca saxifragarum;unknown/unidentified anthraquinone(s);lias
Caloplaca schisticola;parietin, unknown/unidentified anthraquinone(s);lias
Caloplaca schoeferi;parietin, unknown/unidentified anthraquinone(s);lias
Caloplaca schofieldii;parietin, unknown/unidentified anthraquinone(s);lias
Caloplaca scopularis;emodin, fallacinal, parietin, parietinic acid, teloschistin;lias
Caloplaca sideritis;emodin, fallacinal, parietin, xanthorin;lias
Caloplaca sinapisperma;unknown/unidentified anthraquinone(s);lias
Caloplaca siphonospora;unknown/unidentified anthraquinone(s);lias
Caloplaca sipmanii;lichexanthone, rhein, unknown/unidentified anthraquinone(s);lias
Caloplaca skii;emodin, fallacinal, parietin, parietinic acid, teloschistin;lias
Caloplaca sonorae;unknown/unidentified anthraquinone(s);lias
Caloplaca soralifera;7-chloroemodin, emodic acid, emodin, emodinal, fragilin, parietin;lias
Caloplaca sorediella;emodin, fallacinal, parietin, parietinic acid, teloschistin;lias
Caloplaca sorocarpa;roccellic acid, unknown/unidentified anthraquinone(s);lias
Caloplaca squamosa;unknown/unidentified anthraquinone(s);lias
Caloplaca squamuloisidiata;emodin, fallacinal, parietin, teloschistin;italic
Caloplaca squamuloisidiata;unknown/unidentified anthraquinone(s);lias
Caloplaca stanfordensis;emodin, fallacinal, parietin, teloschistin;lias
Caloplaca stantonii;emodin, fallacinal, xanthorin;lias
Caloplaca stellata;unknown/unidentified anthraquinone(s);lias
Caloplaca sterilis;unknown/unidentified anthraquinone(s);lias
Caloplaca stillicidiorum;emodin, fallacinal, parietin, teloschistin;italic
Caloplaca stillicidiorum;emodin, fallacinal, parietin, teloschistin;italic
Caloplaca stipitata;unknown/unidentified anthraquinone(s);lias
Caloplaca subalpina;emodin, fallacinal, parietin, parietinic acid, teloschistin;italic
Caloplaca subalpina;emodin, fallacinal, parietin, parietinic acid, teloschistin;lias
Caloplaca subgyalectoides;parietin;lias
Caloplaca subleptozona;atranorin, unknown/unidentified compound(s);lias
Caloplaca sublobulata;emodin, erythroglaucin, fallacinal, parietin, teloschistin, xanthorin;lias
Caloplaca subpallida;unknown/unidentified anthraquinone(s);lias
Caloplaca subsaxicola;brialmontin 1, erythroglaucin, parietin, unknown/unidentified fatty acid(s), xanthorin;lias
Caloplaca subsoluta;unknown/unidentified anthraquinone(s);lias
Caloplaca subunicolor;fallacinal, parietin, teloschistin, xanthorin;lias
Caloplaca syvashica;emodin, fallacinal, parietin, parietinic acid, teloschistin;lias
Caloplaca teicholyta;unknown/unidentified anthraquinone(s);lias
Caloplaca testudinea;unknown/unidentified anthraquinone(s);lias
Caloplaca tetraspora;unknown/unidentified anthraquinone(s);lias
Caloplaca texana;unknown/unidentified anthraquinone(s);lias
Caloplaca thallincola;unknown/unidentified anthraquinone(s);lias
Caloplaca thamnoblasta;emodin, fallacinal, parietin, teloschistin;italic
Caloplaca thamnodes;unknown/unidentified anthraquinone(s);lias
Caloplaca theloschistoides;unknown/unidentified anthraquinone(s);lias
Caloplaca thracopontica;emodin, fallacinal, parietin, parietinic acid, teloschistin;italic
Caloplaca thracopontica;emodin, fallacinal, parietin, parietinic acid, teloschistin;lias
Caloplaca thuringiaca;emodin, fallacinal, parietin, parietinic acid;lias
Caloplaca tianshanensis;unknown/unidentified compound(s);lias
Caloplaca tibellii;parietin;lias
Caloplaca tiroliensis;unknown/unidentified anthraquinone(s);lias
Caloplaca tominii;emodin, fallacinal, parietin, xanthorin;lias
Caloplaca tornoënsis;parietin;lias
Caloplaca trachyphylla;emodin, fallacinal, parietin, parietinic acid, teloschistin;lias
Caloplaca tropica;pannarin, unknown/unidentified compound(s);lias
Caloplaca turkuensis;emodin, fallacinal, parietin, teloschistin;italic
Caloplaca turkuensis;unknown/unidentified anthraquinone(s);lias
Caloplaca ulcerosa;unknown/unidentified anthraquinone(s);lias
Caloplaca ulmorum;unknown/unidentified anthraquinone(s);lias
Caloplaca ussuriensis;7-chloroemodin, 7-chloroparietinic acid, emodin, erythroglaucin, fragilin, parietin, physcoidin bisanthrone, physcoin 10-anthrone, physcoin 9-anthrone;lias
Caloplaca variabilis;unknown/unidentified anthraquinone(s);lias
Caloplaca velana;unknown/unidentified anthraquinone(s);lias
Caloplaca verruculifera;emodin, fallacinal, parietin, parietinic acid, teloschistin;lias
Caloplaca virescens;unknown/unidentified anthraquinone(s);lias
Caloplaca vitellinaria;unknown/unidentified anthraquinone(s);lias
Caloplaca vitellinula;unknown/unidentified anthraquinone(s);lias
Caloplaca volkii;unknown/unidentified anthraquinone(s);lias
Caloplaca wallabyensis;brialmontin 1, parietin, parietinic acid, teloschistin;lias
Caloplaca wasseri;unknown/unidentified anthraquinone(s);lias
Caloplaca wetmorei;unknown/unidentified anthraquinone(s);lias
Caloplaca wrightii;emodin, parietin;lias
Caloplaca xantholyta;unknown/unidentified anthraquinone(s);lias
Caloplaca xanthostigmoidea;7-chloroemodin, emodin, fragilin, parietin;lias
Calvitimela aglaea;atranorin, usnic;italic
Calvitimela austrochilenis;atranorin, unknown/unidentified compound(s);lias
Calvitimela perlata;norrangiformic acid, rangiformic acid, unknown/unidentified compound(s);lias
Calycidium cuneatum;sphaerophorin, unknown/unidentified xanthone(s);lias
Calycidium polycarpum;3-o-methyl-2,5,7-trichloronorlichexanthone, 3-o-methyl-5,7-dichloronorlichexanthone, unknown/unidentified xanthone(s);lias
Cameronia pertusarioides;9-o-methyl pannaric acid, methyl porphyrilate, pannaric acid, pannaric acid 2-methyl ester, porphyrilic acid;lias
Cameronia tecta;unknown/unidentified compound(s);lias
Campylothelium amylosporum;lichexanthone;lias
Candelaria concolor;calycin;italic
Candelaria concolor;calycin, pulvinic dilactone;lias
Candelaria crawfordii;calycin, pulvinic acid, pulvinic dilactone;lias
Candelaria fibrosa;calycin, pulvinic dilactone;lias
Candelaria pacifica;calycin;italic
Candelaria pacifica;calycin, pulvinic dilactone;lias
Candelariella aggregata;calycin;italic
Candelariella aggregata;calycin, pulvinic acid lactone, rhizocarpic acid, vulpinic acid;lias
Candelariella antennaria;calycin;italic
Candelariella antennaria;calycin, pulvinic acid, pulvinic acid lactone, vulpinic acid;lias
Candelariella aurella;calycin, pulvinic acid;italic
Candelariella aurella;calycin, pulvinic acid, pulvinic acid lactone, vulpinic acid;lias
Candelariella biatorina;calycin, pulvinic acid, pulvinic acid lactone, vulpinic acid;lias
Candelariella boikoi;pulvinic acid derivatives;lias
Candelariella boleana;pulvinic acid;italic
Candelariella boleana;pulvinic acid;lias
Candelariella californica;calycin, pulvinic acid, pulvinic acid lactone, vulpinic acid;lias
Candelariella canadensis;pulvinic acid derivatives;lias
Candelariella citrina;calycin, pulvinic acid, pulvinic acid lactone, vulpinic acid;lias
Candelariella commutata;calycin, pulvinic acid;italic
Candelariella complanata;calycin, pulvinic acid, pulvinic acid lactone, vulpinic acid;lias
Candelariella coralliza;pulvinic acid derivatives;lias
Candelariella corallizoides;calycin, pulvinic acid, pulvinic acid lactone, vulpinic acid;lias
Candelariella corviniscalensis;calycin, pulvinic acid, pulvinic acid lactone;lias
Candelariella deppeanae;calycin, pulvinic acid, pulvinic acid lactone, vulpinic acid;lias
Candelariella efflorescens;pulvinic acid;italic
Candelariella efflorescens;calycin, pulvinic acid, pulvinic acid lactone;lias
Candelariella faginea;calycin, pulvinic acid;italic
Candelariella granuliformis;calycin;italic
Candelariella granuliformis;calycin, pulvinic acid, pulvinic acid lactone;lias
Candelariella immarginata;calycin, pulvinic acid, pulvinic acid lactone, vulpinic acid;lias
Candelariella kansuensis;pulvinic acid derivatives;lias
Candelariella kuusamoënsis;calycin, pulvinic acid;italic
Candelariella kuusamoënsis;pulvinic acid, pulvinic acid derivatives;lias
Candelariella lichenicola;calycin, pulvinic acid, pulvinic dilactone, vulpinic acid;lias
Candelariella lutella;calycin;italic
Candelariella lutella;calycin, pulvinic acid, pulvinic acid lactone, vulpinic acid;lias
Candelariella medians;pulvinic acid derivatives;lias
Candelariella oleaginescens;pulvinic acid;italic
Candelariella pulchella;pulvinic acid;italic
Candelariella reflexa;pulvinic acid;italic
Candelariella reflexa;calycin, pulvinic acid, pulvinic dilactone, unknown/unidentified pigment(s);lias
Candelariella rosulans;calycin, pulvinic acid, pulvinic acid lactone, vulpinic acid;lias
Candelariella rubrisoli;pulvinic acid;italic
Candelariella spraguei;calycin, pulvinic acid, pulvinic acid lactone, vulpinic acid;lias
Candelariella subdeflexa;calycin, pulvinic dilactone;lias
Candelariella viae-lacteae;calycin, pulvinic acid;italic
Candelariella viae-lacteae;pulvinic acid derivatives;lias
Candelariella vitellina;calycin, pulvinic acid;italic
Candelariella vitellina;calycin, pulvinic acid, pulvinic acid lactone, vulpinic acid;lias
Candelariella xanthostigma;calycin, pulvinic acid;italic
Candelariella xanthostigma;calycin, pulvinic acid, pulvinic acid lactone, vulpinic acid;lias
Candelariella xanthostigmoides;pulvinic acid derivatives;lias
Candelina mexicana;calycin;lias
Candelina submexicana;calycin;lias
Canomaculina conferenda;atranorin, chloroatranorin, norlobaridone;lias
Canomaculina erubescens;atranorin, chloroatranorin, consalazinic acid, salazinic acid;lias
Canomaculina haitiensis;atranorin, chloroatranorin, loxodin, norlobaridone;lias
Canomaculina leucosemotheta;atranorin, chloroatranorin, consalazinic acid, salazinic acid;lias
Canomaculina pilosa;atranorin, chloroatranorin, unknown/unidentified fatty acid(s);lias
Canomaculina recipienda;atranorin, chloroatranorin, loxodin, norlobaridone;lias
Canomaculina subcaperata;atranorin, chloroatranorin, consalazinic acid, salazinic acid, usnic acid;lias
Canomaculina subsumpta;atranorin, chloroatranorin, consalazinic acid, salazinic acid, usnic acid;lias
Canomaculina subtinctoria;atranorin, chloroatranorin, consalazinic acid, loxodin, norlobaridone, protolichesterinic acid, salazinic acid, usnic acid;lias
Canoparmelia alabamensis;atranorin, chloroatranorin, protocetraric acid;lias
Canoparmelia albomaculata;4-o-demethylstenosporic acid, anziaic acid, atranorin, chloroatranorin, divaricatic acid, glomelliferic acid, perlatolic acid, stenosporic acid;lias
Canoparmelia amabilis;4-o-demethylstenosporic acid, anziaic acid, atranorin, chloroatranorin, divaricatic acid, glomelliferic acid, perlatolic acid, stenosporic acid;lias
Canoparmelia amazonica;atranorin, chloroatranorin, protocetraric acid;lias
Canoparmelia antedeluvialis;divaricatic acid, nordivaricatic acid, usnic acid;lias
Canoparmelia aptata;atranorin, chloroatranorin, glomelliferic acid, perlatolic acid, stenosporic acid, unknown/unidentified pigment(s);lias
Canoparmelia austroamericana;anziaic acid, atranorin, chloroatranorin, glomelliferic acid, perlatolic acid, stenosporic acid;lias
Canoparmelia caribaea;atranorin, chloroatranorin, protocetraric acid;lias
Canoparmelia carneopruinata;atranorin, chloroatranorin, constictic acid, cryptostictic acid, peristictic acid, stictic acid;lias
Canoparmelia caroliniana;atranorin, chloroatranorin, divaricatic acid, glomelliferic acid, norstenosporic acid, perlatolic acid, stenosporic acid;lias
Canoparmelia cassa;atranorin, unknown/unidentified fatty acid(s);lias
Canoparmelia cinerascens;atranorin, chloroatranorin, consalazinic acid, salazinic acid;lias
Canoparmelia concrescens;atranorin, chloroatranorin, divaricatic acid, nordivaricatic acid;lias
Canoparmelia consanguinea;4-o-demethylstenosporic acid, atranorin, decarboxyanziaic acid, decarboxyperlatolic acid, decarboxystenosporic acid, depsidellin b, depsidellin c, divaricatic acid, divaricatinic acid, norsubdivaricatic acid, perlatolic acid, subdivaricatic acid;lias
Canoparmelia corrugativa;atranorin, chloroatranorin, coneuplectin, euplectin, lecanoric acid;lias
Canoparmelia crozalsiana;atranorin, chloroatranorin, constictic acid, cryptostictic acid, peristictic acid, stictic acid;lias
Canoparmelia cryptochlorophaea;atranorin, caperatic acid, chloroatranorin, cryptochlorophaeic acid;lias
Canoparmelia epileuca;atranorin, chloroatranorin, protocetraric acid;lias
Canoparmelia eruptens;atranorin, chloroatranorin, divaricatic acid, nordivaricatic acid;lias
Canoparmelia herveyensis;atranorin, chloroatranorin, euplectin, protocetraric acid, virensic acid;lias
Canoparmelia inhaminensis;atranorin, chloroatranorin, constictic acid, cryptostictic acid, stictic acid;lias
Canoparmelia inornata;atranorin, chloroatranorin, protocetraric acid;lias
Canoparmelia macrospora;atranorin, chloroatranorin, scabrosin 4,4'-diacetate;lias
Canoparmelia martinicana;atranorin, chloroatranorin, gyrophoric acid, norlobaridone, protocetraric acid;lias
Canoparmelia nairobiensis;atranorin, chloroatranorin, divaricatic acid, nordivaricatic acid, subdivaricatic acid;lias
Canoparmelia nashii;atranorin, divaricatic acid, nordivaricatic acid;lias
Canoparmelia norpruinata;atranorin, chloroatranorin, lecanoric acid, orsellinic acid;lias
Canoparmelia norsticticata;atranorin, chloroatranorin, constictic acid, cryptostictic acid, norstictic acid, stictic acid;lias
Canoparmelia owariensis;atranorin, chloroatranorin, divaricatic acid, nordivaricatic acid;lias
Canoparmelia pruinata;atranorin, chloroatranorin, lecanoric acid;lias
Canoparmelia pseudoecaperata;conechinocarpic acid, divaricatic acid, echinocarpic acid, nordivaricatic acid, stenosporic acid, subdivaricatic acid, subechinocarpic acid, usnic acid;lias
Canoparmelia pustulescens;4'-o-demethylsekikaic acid, atranorin, chloroatranorin, sekikaic acid, unknown/unidentified fatty acid(s);lias
Canoparmelia quintarigera;atranorin, chloroatranorin, constipatic acid, hypoconstictic acid, hyposalazinic acid, hypostictic acid, unknown/unidentified fatty acid(s);lias
Canoparmelia rarotongensis;atranorin, chloroatranorin, lecanoric acid;lias
Canoparmelia raunkiaeri;atranorin, chloroatranorin, gyrophoric acid, protocetraric acid, unknown/unidentified fatty acid(s);lias
Canoparmelia rodriguesiana;atranorin, chloroatranorin, divaricatic acid, nordivaricatic acid, subdivaricatic acid;lias
Canoparmelia roseoreagens;atranorin, methyl divarinolcarboxylate, unknown/unidentified compound(s);lias
Canoparmelia rupicola;atranorin, chloroatranorin, divaricatic acid, sekikaic acid;lias
Canoparmelia salacinifera;atranorin, chloroatranorin, consalazinic acid, salazinic acid;lias
Canoparmelia sanguinea;4-o-methylolivetolcarboxylic acid, atranorin, decarboxyanziaic acid, decarboxyperlatolic acid, decarboxystenosporic acid, depsidellin b, divaricatinic acid, glomelliferic acid, glomellin, olivetolcarboxylic acid;lias
Canoparmelia schlepei;atranorin, chloroatranorin, protocetraric acid;lias
Canoparmelia scrobicularis;atranorin, chloroatranorin, constictic acid, cryptostictic acid, stictic acid;lias
Canoparmelia singularis;atranorin, chloroatranorin, echinocarpic acid, glomelliferic acid, perlatolic acid, stenosporic acid;lias
Canoparmelia somaliensis;atranorin, chloroatranorin, protocetraric acid;lias
Canoparmelia subarida;atranorin, chloroatranorin, lecanoric acid, orsellinic acid, unknown/unidentified compound(s);lias
Canoparmelia subroseoreagens;atranorin, olivetolcarboxylic acid, unknown/unidentified compound(s);lias
Canoparmelia subtiliacea;atranorin, chloroatranorin, constipatic acid, dehydroconstipatic acid, dehydroprotoconstipatic acid, pigmentosin a, protoconstipatic acid, unknown/unidentified fatty acid(s);lias
Canoparmelia terrapapia;atranorin, chloroatranorin, protocetraric acid, salazinic acid, succinprotocetraric acid, unknown/unidentified fatty acid(s);lias
Canoparmelia texana;atranorin, chloroatranorin, divaricatic acid, nordivaricatic acid, subdivaricatic acid;lias
Canoparmelia zambiensis;divaricatic acid, nordivaricatic acid, subdivaricatic acid, usnic acid;lias
Canoparmelia zimbabwensis;atranorin, chloroatranorin, protocetraric acid;lias
Carbacanthographis amicta;salazinic acid;lias
Carbacanthographis candidata;lichexanthone, protocetraric acid;lias
Carbacanthographis chionophora;lichexanthone, protocetraric acid;lias
Carbacanthographis crassa;constictic acid, cryptostictic acid, stictic acid;lias
Carbacanthographis hertelii;protocetraric acid;lias
Carbacanthographis indica;salazinic acid;lias
Carbacanthographis inspersa;protocetraric acid;lias
Carbacanthographis marcescens;norstictic acid, protocetraric acid, salazinic acid;lias
Carbacanthographis muriformis;protocetraric acid;lias
Carbacanthographis sorediata;consalazinic acid, salazinic acid;lias
Carbacanthographis stictica;constictic acid, hypostictic acid, menegazziaic acid, stictic acid;lias
Carbacanthographis subalbotecta;lichexanthone, protocetraric acid;lias
Carbonea atronivea;atranorin;italic
Carbonea capsulata;norstictic acid;lias
Carbonea distans;atranorin, usnic;italic
Carbonea distans;atranorin, usnic acid;lias
Carbonea hypopurpurea;2'-o-methylperlatolic acid, confluentic acid;lias
Carbonea inactiva;atranorin, zeorin (hopane-6α,22-diol);lias
Carbonea latypizodes;atranorin, o-methylperlatolic acid;italic
Carbonea latypizodes;2'-o-methylperlatolic acid, atranorin, gyrophoric acid;lias
Carbonea nivaria;pannarin;italic
Carbonea vorticosa;argopsin;italic
Carbonea vorticosa;pannarin;lias
Carbonicola anthracophila;4-o-methylphysodic acid, colensoic acid, fumarprotocetraric acid, protocetraric acid;italic
Carbonicola myrmecina;4-o-methylphysodic acid, colensoic acid;italic
Catarrhospora mira;2'-o-methylperlatolic acid;lias
Catarrhospora splendida;2'-o-methylperlatolic acid;lias
Catillaria alociza;constictic acid, cryptostictic acid, hypoconstictic acid, hyposalazinic acid, hypostictic acid, norstictic acid, skyrin (rhodophyscin), stictic acid, usnic acid;lias
Catillaria austrolittoralis;argopsin, pannarin;lias
Catillaria commutata;hypoconstictic acid, hyposalazinic acid, hypostictic acid, usnic acid;lias
Catillaria diaphana;consalazinic acid, norstictic acid, salazinic acid, usnic acid;lias
Catillaria heterocarpa;constictic acid, cryptostictic acid, hypoconstictic acid, hyposalazinic acid, hypostictic acid, stictic acid, usnic acid;lias
Catillaria intermixta;atranorin, zeorin (hopane-6α,22-diol);lias
Catillaria leptocheiloides;atranorin, zeorin (hopane-6α,22-diol);lias
Catillaria luctuosa;lichexanthone;lias
Catillaria manipurensis;atranorin;lias
Catillaria obscura;atranorin;lias
Catillaria ochracea;lichexanthone;lias
Catillaria reichertiana;usnic acid;lias
Catillaria sikkimensis;atranorin, fumarprotocetraric acid, zeorin (hopane-6α,22-diol);lias
Catolechia scabrosa;pulvinic acid;italic
Catolechia wahlenbergii;rhizocarpic acid, unknown/unidentified compound(s);lias
Cavernularia hultenii;atranorin, chloroatranorin, physodic acid;lias
Cavernularia lophyrea;atranorin, chloroatranorin, physodic acid;lias
Cecidonia umbonella;norstictic acid;lias
Ceratiomyxa fruticulosa;stictic acid, unknown/unidentified compound(s);lias
Ceratiomyxa fruticulosa;constictic acid, stictic acid;lias
Cerothallia luteoalba;emodin, fallacinal, parietin, teloschistin;italic
Cetraria aculeata;lichesterinic acid, protolichesterinic acid;lias
Cetraria commixta;-collatolic acid;italic
Cetraria crespoae;lichesterinic acid, protolichesterinic acid;lias
Cetraria delisei;gyrophoric acid, hiascic acid;lias
Cetraria ericetorum;lichesterinic acid, protolichesterinic acid;lias
Cetraria islandica;fumarprotocetraric acid, protocetraric acid, protolichesterinic acid;lias
Cetraria islandica;fumarprotocetraric acid, lichesterinic acid, protocetraric acid, protolichesterinic acid, succinprotocetraric acid, ursolic acid;lias
Cetraria juniperina;usnic;italic
Cetraria laevigata;fumarprotocetraric acid, unknown/unidentified fatty acid(s);lias
Cetraria laureri;lichesterinic acid, protolichesterinic acid, usnic acid;lias
Cetraria madreporiformis;usnic;italic
Cetraria muricata;lichesterinic acid, protolichesterinic acid;lias
Cetraria oakesiana;usnic;italic
Cetraria obtusata;secalonic acid c, unknown/unidentified compound(s);lias
Cetraria pinastri;usnic;italic
Cetraria sepincola;protolichesterinic acid;lias
Cetraria sorediella;atranorin, physodic acid;italic
Cetraria steppae;lichesterinic acid, norstictic acid, protolichesterinic acid;lias
Cetrariella sorediella;4-o-methylphysodic acid, alectoronic acid, atranorin, chloroatranorin, physodic acid, α-collatolic acid;lias
Cetrelia alaskana;atranorin, imbricaric acid;lias
Cetrelia braunsiana;alectoronic acid, atranorin, α-collatolic acid;lias
Cetrelia cetrarioides;4-o-methylolivetoric acid, atranorin, chloroatranorin, imbricaric acid, perlatolic acid;italic
Cetrelia cetrarioides;4-o-methylolivetoric acid, anziaic acid, atranorin, glomelliferic acid, imbricaric acid, olivetoric acid, perlatolic acid;lias
Cetrelia chicitae;-collatolic acid, alectoronic acid, atranorin, chloroatranorin;italic
Cetrelia chicitae;4-o-methylphysodic acid, alectoronic acid, atranorin, physodic acid, α-collatolic acid;lias
Cetrelia collata;atranorin, imbricaric acid;lias
Cetrelia davidiana;atranorin, olivetoric acid;lias
Cetrelia delavayana;atranorin, perlatolic acid;lias
Cetrelia isidiata;anziaic acid, atranorin;lias
Cetrelia japonica;atranorin, microphyllinic acid;lias
Cetrelia monachorum;4-o-demethylimbricaric acid, anziaic acid, atranorin, chloroatranorin, imbricaric acid, perlatolic acid;italic
Cetrelia nuda;alectoronic acid, atranorin, α-collatolic acid;lias
Cetrelia olivetorum;anziaic acid, atranorin, chloroatranorin, olivetoric acid;italic
Cetrelia olivetorum;4-o-demethylimbricaric acid, anziaic acid, atranorin, imbricaric acid, perlatolic acid, unknown/unidentified fatty acid(s);lias
Cetrelia olivetorum;4-o-demethylmicrophyllinic acid, anziaic acid, atranorin, chloroatranorin, olivetoric acid, unknown/unidentified fatty acid(s);lias
Cetrelia orientalis;4-o-methylphysodic acid, alectoronic acid, atranorin, physodic acid, α-collatolic acid;lias
Cetrelia pseudocollata;atranorin, microphyllinic acid;lias
Cetrelia pseudolivetorum;atranorin, olivetoric acid;lias
Cetrelia sanguinea;anziaic acid, atranorin;lias
Cetrelia sayanensis;4-o-demethylimbricaric acid, anziaic acid, atranorin, divaricatic acid, glomelliferic acid, imbricaric acid, loxodellic acid, perlatolic acid;lias
Cetrelia sinensis;atranorin, imbricaric acid;lias
Cetreliopsis asahinae;fumarprotocetraric acid, physodalic acid, protocetraric acid, usnic acid;lias
Chaenotheca brachypoda;pulvinic acid, vulpinic acid;lias
Chaenotheca brunneola;baeomycesic acid, squamatic acid;lias
Chaenotheca chlorella;vulpinic acid;lias
Chaenotheca chrysocephala;vulpinic acid;lias
Chaenotheca cinerea;atranorin, unknown/unidentified compound(s);lias
Chaenotheca degelii;vulpinic acid;lias
Chaenotheca ferruginea;unknown/unidentified pigment(s);lias
Chaenotheca floridana;protocetraric acid, unknown/unidentified compound(s), virensic acid;lias
Chaenotheca furfuracea;pulvinic acid, pulvinic dilactone, vulpinic acid;lias
Chaenotheca hispidula;vulpinic acid;lias
Chaenotheca hygrophila;barbatic acid, obtusatic acid;lias
Chaenotheca laevigata;vulpinic acid;lias
Chaenotheca papuensis;unknown/unidentified compound(s), vulpinic acid;lias
Chaenotheca phaeocephala;vulpinic acid;lias
Chaenotheca sphaerocephala;barbatic acid, obtusatic acid, squamatic acid;lias
Chaenotheca stemonea;barbatic acid, obtusatic acid, unknown/unidentified compound(s);lias
Chaenotheca subroscida;pseudoplacodiolic acid, unknown/unidentified compound(s), vulpinic acid;lias
Chaenothecopsis norstictica;norstictic acid;lias
Chaenothecopsis sitchensis;unknown/unidentified pigment(s);lias
Chapsa albomaculata;unknown/unidentified compound(s);lias
Chapsa asteliae;fumarprotocetraric acid, protocetraric acid, succinprotocetraric acid;lias
Chapsa calathiformis;constictic acid, stictic acid;lias
Chapsa dilatata;constictic acid, stictic acid;lias
Chapsa esslingeri;unknown/unidentified compound(s);lias
Chapsa granulifera;constictic acid, stictic acid;lias
Chapsa isidiifera;unknown/unidentified compound(s);lias
Chapsa laemensis;constictic acid, stictic acid;lias
Chapsa lamellifera;fumarprotocetraric acid, protocetraric acid, stictic acid, succinprotocetraric acid;lias
Chapsa lordhowensis;constictic acid, cryptostictic acid, hypoconstictic acid, hypostictic acid, stictic acid, α-acetylconstictic acid, α-acetylhypoconstictic acid;lias
Chapsa mastersonii;stictic acid;lias
Chapsa megalophthalma;constictic acid, cryptostictic acid, hyposalazinic acid, hypostictic acid, stictic acid, α-acetylconstictic acid, α-acetylhypoconstictic acid;lias
Chapsa microspora;constictic acid, hypoconstictic acid, hypostictic acid, stictic acid;lias
Chapsa minor;constictic acid, cryptostictic acid, hypostictic acid, stictic acid;lias
Chapsa neei;constictic acid, stictic acid;lias
Chapsa phlyctidioides;constictic acid, cryptostictic acid, hypostictic acid, stictic acid, α-acetylhypoconstictic acid;lias
Chapsa platycarpa;constictic acid, stictic acid, α-acetylconstictic acid;lias
Chapsa rubropruinosa;constictic acid, stictic acid, unknown/unidentified pigment(s);lias
Chapsa rubropulveracea;unknown/unidentified pigment(s);lias
Chapsa sublilacina;constictic acid, stictic acid;lias
Chapsa thallotrema;stictic acid;lias
Chapsa wolseleyana;isohypocrelline;lias
Chapsa zahlbruckneri;constictic acid, cryptostictic acid, hypostictic acid, peristictic acid, stictic acid, α-acetylconstictic acid;lias
Chicitaea cristinae;o-methylperlatolic acid;italic
Chiodecton asahinae;unknown/unidentified pigment(s);lias
Chiodecton butyraceum;unknown/unidentified pigment(s);lias
Chiodecton pustuliferum;roccellic acid;lias
Chroodiscus australiensis;constictic acid, hypostictic acid, stictic acid, unknown/unidentified anthraquinone(s);lias
Chroodiscus australis;cryptostictic acid, peristictic acid, stictic acid, substictic acid;lias
Chroodiscus coccineus;unknown/unidentified anthraquinone(s);lias
Chroodiscus graphideus;unknown/unidentified anthraquinone(s);lias
Chroodiscus macrocarpus;constictic acid, cryptostictic acid, menegazziaic acid, norstictic acid, stictic acid;lias
Chroodiscus megalophthalmus;constictic acid, cryptostictic acid, methyl stictic acid, norstictic acid, peristictic acid, stictic acid, substictic acid;lias
Chroodiscus minor;constictic acid, cryptostictic acid, peristictic acid, stictic acid;lias
Chroodiscus neotropicus;constictic acid, stictic acid;lias
Chroodiscus parvisporus;constictic acid, hypoconstictic acid, hypostictic acid, stictic acid, α-acetylconstictic acid;lias
Chroodiscus submuralis;unknown/unidentified anthraquinone(s);lias
Chrysothrix caesia;usnic, usnic acid, zeorin;italic
Chrysothrix candelaris;calycin;italic
Chrysothrix candelaris;calycin;lias
Chrysothrix chlorina;calycin, vulpinic acid, zeorin;italic
Chrysothrix chlorina;calycin, vulpinic acid;lias
Chrysothrix chrysophthalma;diffractaic acid, rhizocarpic acid;italic
Chrysothrix chrysophthalma;rhizocarpic acid, unknown/unidentified compound(s);lias
Chrysothrix fagicola;usnic, usnic acid, zeorin;italic
Chrysothrix flavovirens;atranorin, diffractaic acid, epanorin, rhizocarpic acid;italic
Chrysothrix flavovirens;diffractaic acid, rhizocarpic acid, unknown/unidentified compound(s);lias
Chrysothrix granulosa;calycin, diffractaic acid;lias
Chrysothrix occidentalis;calycin, leprapinic acid, pulvinic dilactone, vulpinic acid;lias
Chrysothrix palaeophila;pulvinic acid, vulpinic acid;lias
Chrysothrix septemseptata;calycin, vulpinic acid;lias
Chrysothrix sulphurella;atranorin;lias
Chrysothrix tchupalensis;4,5-dichlorolichexanthone (coronatone), leprapinic acid;lias
Chrysothrix xanthina;pinastric acid, pulvinic dilactone, vulpinic acid;lias
Circinaria bunodea;aspicilin;italic
Circinaria caesiocinerea;aspicilin;italic
Circinaria calcarea;aspicilin;italic
Circinaria calcarea;aspicilin;lias
Circinaria contorta;aspicilin;italic
Circinaria coronata;aspicilin;italic
Circinaria gibbosa;aspicilin;italic
Circinaria hoffmanniana;aspicilin;italic
Circinaria leprosescens;aspicilin;italic
Circinaria reagens;aspicilin, norstictic acid;italic
Circinaria serenensis;aspicilin;italic
Circinaria viridescens;aspicilin;italic
Cladia aggregata;4-o-demethylbarbatic acid, baeomycesic acid, barbatic acid, confumarprotocetraric acid, constictic acid, cryptostictic acid, diffractaic acid, fumarprotocetraric acid, norstictic acid, obtusatic acid, protocetraric acid, squamatic acid, stictic acid;lias
Cladia fuliginosa;divaricatic acid, nordivaricatic acid, usnic acid;lias
Cladia globosa;4-o-demethylbarbatic acid, barbatic acid;lias
Cladia moniliformis;homosekikaic acid, ramalinolic acid, sekikaic acid, unknown/unidentified compound(s);lias
Cladia occulta;barbatic acid, bourgeanic acid, obtusatic acid;lias
Cladidium bolanderi;isousnic acid, unknown/unidentified compound(s), usnic acid;lias
Cladina tasmanica;atranorin, fumarprotocetraric acid;lias
Cladonia abbreviatula;didymic acid, thamnolic acid;lias
Cladonia acervata;fumarprotocetraric acid;lias
Cladonia acuminata;atranorin, connorstictic acid, norstictic acid;italic
Cladonia acuminata;atranorin, confumarprotocetraric acid, connorstictic acid, constictic acid, cryptostictic acid, fumarprotocetraric acid, norstictic acid, protocetraric acid, psoromic acid, stictic acid;lias
Cladonia acuminata;atranorin, psoromic acid;lias
Cladonia ahtii;4'-o-methylnorhomosekikaic acid, 4'-o-methylnorsekikaic acid, 4-o-demethylbarbatic acid, barbatic acid, condidymic acid, didymic acid, fumarprotocetraric acid, homosekikaic acid, obtusatic acid, rhodocladonic acid, sekikaic acid, subdidymic acid, thamnolic acid, unknown/unidentified compound(s);lias
Cladonia albofuscescens;confumarprotocetraric acid, fumarprotocetraric acid, protocetraric acid, unknown/unidentified compound(s);lias
Cladonia albonigra;4-o-demethylgrayanic acid, 4-o-methylcryptochlorophaeic acid, fumarprotocetraric acid, grayanic acid, protocetraric acid, unknown/unidentified compound(s);lias
Cladonia aleuropoda;confumarprotocetraric acid, fumarprotocetraric acid, grayanic acid, merochlorophaeic acid, protocetraric acid;lias
Cladonia amaurocraea;usnic;italic
Cladonia amaurocraea;barbatic acid, usnic acid;lias
Cladonia anaemica;3α-hydroxybarbatic acid, 4'-o-methylnorsekikaic acid, 4-o-demethylbarbatic acid, barbatic acid, rhodocladonic acid, sekikaic acid, unknown/unidentified compound(s);lias
Cladonia andesita;confumarprotocetraric acid, convirensic acid, fumarprotocetraric acid, grayanic acid, protocetraric acid, stictic acid;lias
Cladonia angustata;4-o-demethylbarbatic acid, barbatic acid, didymic acid, rhodocladonic acid, thamnolic acid, usnic acid;lias
Cladonia apodocarpa;atranorin, confumarprotocetraric acid, fumarprotocetraric acid, protocetraric acid, unknown/unidentified compound(s);lias
Cladonia arbuscula;have no fumarprotocetraric acid, usnic;italic
Cladonia arbuscula;fumarprotocetraric acid, unknown/unidentified compound(s), usnic acid;lias
Cladonia arbuscula;confumarprotocetraric acid, constictic acid, convirensic acid, cryptostictic acid, fumarprotocetraric acid, isousnic acid, protocetraric acid, stictic acid, unknown/unidentified compound(s), unknown/unidentified fatty acid(s), ursolic acid, usnic acid;lias
Cladonia arbuscula;confumarprotocetraric acid, fumarprotocetraric acid, protocetraric acid, unknown/unidentified fatty acid(s), usnic acid;lias
Cladonia arbuscula;constictic acid, cryptostictic acid, fumarprotocetraric acid, isousnic acid, norrangiformic acid, norstictic acid, rangiformic acid, stictic acid, usnic acid;lias
Cladonia arbuscula;confumarprotocetraric acid, fumarprotocetraric acid, protocetraric acid, unknown/unidentified fatty acid(s), usnic acid;lias
Cladonia arbuscula;conprotocetraric acid, fumarprotocetraric acid, protocetraric acid, psoromic acid, unknown/unidentified fatty acid(s), usnic acid;lias
Cladonia arbuscula;conprotocetraric acid, fumarprotocetraric acid, isousnic acid, protocetraric acid, psoromic acid, unknown/unidentified fatty acid(s), usnic acid;lias
Cladonia archeri;atranorin, fumarprotocetraric acid;lias
Cladonia arcuata;atranorin, confumarprotocetraric acid, fumarprotocetraric acid, protocetraric acid, unknown/unidentified compound(s);lias
Cladonia argentea;atranorin, confumarprotocetraric acid, fumarprotocetraric acid, protocetraric acid;lias
Cladonia asahinae;fumarprotocetraric acid, lichesterinic acid, norlichesterenic acid, norrangiformic acid, protolichesterinic acid, rangiformic acid;lias
Cladonia atrans;atranorin, confumarprotocetraric acid, fumarprotocetraric acid, protocetraric acid;lias
Cladonia attacta;fumarprotocetraric acid, protocetraric acid;lias
Cladonia awasthiana;confumarprotocetraric acid, fumarprotocetraric acid, homosekikaic acid, protocetraric acid, unknown/unidentified compound(s);lias
Cladonia bacilliformis;usnic;italic
Cladonia bacilliformis;4-o-demethylbarbatic acid, barbatic acid, usnic acid;lias
Cladonia bahiana;decarboxythamnolic acid, thamnolic acid;lias
Cladonia bangii;decarboxythamnolic acid, thamnolic acid, usnic acid;lias
Cladonia bellidiflora;rhodocladonic acid, usnic;italic
Cladonia bellidiflora;fumarprotocetraric acid, rhodocladonic acid, squamatic acid, thamnolic acid, usnic acid;lias
Cladonia berghsonii;barbatic acid, didymic acid, rhodocladonic acid, squamatic acid;lias
Cladonia bimberiensis;4-o-demethylbarbatic acid, barbatic acid, usnic acid;lias
Cladonia borbonica;confumarprotocetraric acid, fumarprotocetraric acid, homosekikaic acid, physodalic acid, protocetraric acid, stictic acid;lias
Cladonia borealis;rhodocladonic acid, usnic;italic
Cladonia borealis;4-o-demethylbarbatic acid, barbatic acid, rhodocladonic acid, unknown/unidentified fatty acid(s), usnic acid;lias
Cladonia botryocarpa;barbatic acid, thamnolic acid;lias
Cladonia botrytes;usnic;italic
Cladonia botrytes;barbatic acid, rhodocladonic acid, usnic acid;lias
Cladonia brasiliensis;condidymic acid, didymic acid, rhodocladonic acid, squamatic acid, subdidymic acid, usnic acid;lias
Cladonia brevis;psoromic acid;lias
Cladonia caespiticia;fumarprotocetraric acid;italic
Cladonia caespiticia;confumarprotocetraric acid, fumarprotocetraric acid, protocetraric acid;lias
Cladonia callosa;grayanic acid;lias
Cladonia calycantha;confumarprotocetraric acid, convirensic acid, fumarprotocetraric acid, protocetraric acid;lias
Cladonia calycanthoides;confumarprotocetraric acid, fumarprotocetraric acid, protocetraric acid;lias
Cladonia calyciformis;fumarprotocetraric acid, homosekikaic acid, protocetraric acid, sekikaic acid;lias
Cladonia capitellata;barbatic acid, thamnolic acid, usnic acid;lias
Cladonia capitellata;usnic acid;lias
Cladonia capitellata;squamatic acid, usnic acid;lias
Cladonia caribaea;condidymic acid, didymic acid, rhodocladonic acid, subdidymic acid, thamnolic acid, unknown/unidentified compound(s);lias
Cladonia cariosa;atranorin, fumarprotocetraric acid;lias
Cladonia carneola;usnic, usnic acid, zeorin;italic
Cladonia carneola;4-o-demethylbarbatic acid, barbatic acid, isousnic acid, unknown/unidentified fatty acid(s), usnic acid, zeorin (hopane-6α,22-diol);lias
Cladonia cartilaginea;2'-o-demethylpsoromic acid, atranorin, confumarprotocetraric acid, constictic acid, cryptostictic acid, fumarprotocetraric acid, homosekikaic acid, isousnic acid, protocetraric acid, psoromic acid, sekikaic acid, stictic acid, usnic acid;lias
Cladonia celata;fumarprotocetraric acid, protocetraric acid, stictic acid;lias
Cladonia cenotea;barbatic acid, squamatic acid;italic
Cladonia cenotea;barbatic acid, consquamatic acid, squamatic acid, thamnolic acid;lias
Cladonia ceratophylla;atranorin, confumarprotocetraric acid, fumarprotocetraric acid, protocetraric acid;lias
Cladonia cervicornis;fumarprotocetraric acid;italic
Cladonia cervicornis;atranorin, fumarprotocetraric acid;lias
Cladonia cervicornis;fumarprotocetraric acid;lias
Cladonia cervicornis;fumarprotocetraric acid, protocetraric acid;lias
Cladonia chimantae;confumarprotocetraric acid, fumarprotocetraric acid, hypoprotocetraric acid, protocetraric acid, unknown/unidentified (tri-)terpenoid(s), (tri-)terpene(s), usnic acid;lias
Cladonia chlorophaea;atranorin, confumarprotocetraric acid, convirensic acid, fumarprotocetraric acid, physodalic acid, protocetraric acid, quaesitic acid, virensic acid;lias
Cladonia chondrotypa;decarboxythamnolic acid, thamnolic acid;lias
Cladonia ciliata;usnic;italic
Cladonia ciliata;fumarprotocetraric acid, usnic acid;lias
Cladonia cinerella;atranorin, confumarprotocetraric acid, fumarprotocetraric acid, norrangiformic acid, protocetraric acid, rangiformic acid;lias
Cladonia clathrata;confumarprotocetraric acid, convirensic acid, fumarprotocetraric acid, protocetraric acid;lias
Cladonia coccifera;rhodocladonic acid, usnic, usnic acid, zeorin;italic
Cladonia coccifera;barbatic acid, isousnic acid, porphyrilic acid, rhodocladonic acid, unknown/unidentified fatty acid(s), usnic acid, zeorin (hopane-6α,22-diol);lias
Cladonia complanata;fumarprotocetraric acid;lias
Cladonia confragosa;atranorin, confumarprotocetraric acid, convirensic acid, fumarprotocetraric acid, protocetraric acid;lias
Cladonia confusa;anziaic acid, perlatolic acid, unknown/unidentified compound(s);lias
Cladonia confusa;anziaic acid, perlatolic acid, unknown/unidentified compound(s), usnic acid;lias
Cladonia coniocraea;fumarprotocetraric acid;italic
Cladonia coniocraea;convirensic acid, fumarprotocetraric acid;lias
Cladonia connexa;atranorin, protolichesterinic acid, rangiformic acid, unknown/unidentified compound(s), ursolic acid;lias
Cladonia consimilis;decarboxythamnolic acid, squamatic acid, thamnolic acid;lias
Cladonia convoluta;fumarprotocetraric acid, usnic acid;lias
Cladonia corallifera;4-o-demethylbarbatic acid, barbatic acid, bellidiflorin, condidymic acid, didymic acid, rhodocladonic acid, squamatic acid, subdidymic acid, thamnolic acid, usnic acid;lias
Cladonia corniculata;confumarprotocetraric acid, connorstictic acid, constictic acid, convirensic acid, fumarprotocetraric acid, norstictic acid, protocetraric acid, stictic acid;lias
Cladonia cornuta;fumarprotocetraric acid;italic
Cladonia cornuta;atranorin, fumarprotocetraric acid, protocetraric acid;lias
Cladonia corsicana;fumarprotocetraric acid;italic
Cladonia corymbescens;atranorin, fumarprotocetraric acid, protocetraric acid;lias
Cladonia corymbites;4-o-methylcryptochlorophaeic acid, confumarprotocetraric acid, fumarprotocetraric acid, homosekikaic acid, protocetraric acid, sekikaic acid, unknown/unidentified compound(s);lias
Cladonia corymbosula;confumarprotocetraric acid, fumarprotocetraric acid, homosekikaic acid, physodalic acid, protocetraric acid, unknown/unidentified (tri-)terpenoid(s), (tri-)terpene(s);lias
Cladonia crassiuscula;4-o-demethylbarbatic acid, barbatic acid, squamatic acid, thamnolic acid;lias
Cladonia crinita;confumarprotocetraric acid, fumarprotocetraric acid, protocetraric acid, stictic acid;lias
Cladonia crispata;squamatic acid;italic
Cladonia crispata;4-o-demethylbarbatic acid, barbatic acid, decarboxythamnolic acid, thamnolic acid, unknown/unidentified compound(s);lias
Cladonia crispata;barbatic acid, squamatic acid, thamnolic acid;lias
Cladonia crispata;baeomycesic acid, barbatic acid, squamatic acid, thamnolic acid;lias
Cladonia crispata;barbatic acid, squamatic acid;lias
Cladonia crispatula;barbatic acid, decarboxythamnolic acid, thamnolic acid, unknown/unidentified compound(s);lias
Cladonia cristatella;barbatic acid, didymic acid, unknown/unidentified compound(s), usnic acid;lias
Cladonia crustacea;didymic acid, rhodocladonic acid, squamatic acid, thamnolic acid, unknown/unidentified compound(s);lias
Cladonia cucullata;fumarprotocetraric acid;lias
Cladonia curta;barbatic acid, condidymic acid, didymic acid, rhodocladonic acid, subdidymic acid;lias
Cladonia cyanescens;4-o-demethylbarbatic acid, barbatic acid, decarboxythamnolic acid, thamnolic acid;lias
Cladonia cyanipes;usnic, zeorin;italic
Cladonia cyanopora;barbatic acid, decarboxythamnolic acid, stictic acid, thamnolic acid;lias
Cladonia cyathomorpha;fumarprotocetraric acid;italic
Cladonia cyathomorpha;fumarprotocetraric acid, unknown/unidentified compound(s);lias
Cladonia cylindrica;fumarprotocetraric acid, grayanic acid;lias
Cladonia dactylota;2'-o-demethylpsoromic acid, fumarprotocetraric acid, psoromic acid;lias
Cladonia darwinii;fumarprotocetraric acid;lias
Cladonia decorticata;perlatolic acid;lias
Cladonia deformis;rhodocladonic acid, usnic, zeorin;italic
Cladonia deformis;isousnic acid, rhodocladonic acid, usnic acid, zeorin (hopane-6α,22-diol);lias
Cladonia dendroides;atranorin, confumarprotocetraric acid, fumarprotocetraric acid, protocetraric acid, ursolic acid;lias
Cladonia densissima;atranorin, confumarprotocetraric acid, fumarprotocetraric acid, protocetraric acid, unknown/unidentified compound(s), ursolic acid, usnic acid;lias
Cladonia densissima;atranorin, confumarprotocetraric acid, fumarprotocetraric acid, protocetraric acid, unknown/unidentified compound(s), ursolic acid;lias
Cladonia didyma;4-o-demethylbarbatic acid, barbatic acid, condidymic acid, didymic acid, rhodocladonic acid, squamatic acid, subdidymic acid, thamnolic acid;lias
Cladonia digitata;rhodocladonic acid, thamnolic acid;italic
Cladonia digitata;rhodocladonic acid, thamnolic acid;lias
Cladonia dilleniana;barbatic acid, decarboxythamnolic acid, thamnolic acid, unknown/unidentified compound(s), usnic acid;lias
Cladonia dimorpha;an additional fatty acid, fumarprotocetraric acid;italic
Cladonia dimorpha;confumarprotocetraric acid, fumarprotocetraric acid, protocetraric acid, unknown/unidentified fatty acid(s);lias
Cladonia dimorphoclada;psoromic acid, squamatic acid, unknown/unidentified (tri-)terpenoid(s), (tri-)terpene(s), usnic acid;lias
Cladonia dissecta;atranorin, confumarprotocetraric acid, fumarprotocetraric acid, protocetraric acid;lias
Cladonia divaricata;confumarprotocetraric acid, convirensic acid, fumarprotocetraric acid, protocetraric acid, succinprotocetraric acid, unknown/unidentified compound(s), unknown/unidentified fatty acid(s), usnic acid;lias
Cladonia diversa;rhodocladonic acid, usnic, usnic acid, zeorin;italic
Cladonia ecmocyna;atranorin, fumarprotocetraric acid;italic
Cladonia ecmocyna;atranorin, fumarprotocetraric acid, protocetraric acid;lias
Cladonia enantia;fumarprotocetraric acid, protocetraric acid;lias
Cladonia evansii;anziaic acid, atranorin, perlatolic acid, unknown/unidentified compound(s), unknown/unidentified fatty acid(s), unknown/unidentified pigment(s), usnic acid;lias
Cladonia farinacea;atranorin, fumarprotocetraric acid, ursolic acid;lias
Cladonia farinophylla;confumarprotocetraric acid, convirensic acid, fumarprotocetraric acid, physodalic acid, protocetraric acid;lias
Cladonia fimbriata;fumarprotocetraric acid;italic
Cladonia fimbriata;atranorin, confumarprotocetraric acid, convirensic acid, fumarprotocetraric acid, protocetraric acid, quaesitic acid;lias
Cladonia firma;atranorin, fumarprotocetraric acid;italic
Cladonia firma;atranorin, fumarprotocetraric acid;lias
Cladonia fissidens;confumarprotocetraric acid, fumarprotocetraric acid, protocetraric acid;lias
Cladonia flagellaris;confumarprotocetraric acid, fumarprotocetraric acid, protocetraric acid, unknown/unidentified compound(s);lias
Cladonia flammea;decarboxythamnolic acid, diacetylgraciliformin, monoacetylgraciliformin, skyrin (rhodophyscin), thamnolic acid;lias
Cladonia floerkeana;rhodocladonic acid;italic
Cladonia floridana;barbatic acid, thamnolic acid, unknown/unidentified compound(s), usnic acid;lias
Cladonia foliacea;usnic, zeorin;italic
Cladonia foliacea;fumarprotocetraric acid, usnic acid;lias
Cladonia friabilis;barbatic acid, decarboxythamnolic acid, thamnolic acid, unknown/unidentified compound(s);lias
Cladonia fruticulosa;conpsoromic acid, fumarprotocetraric acid, protocetraric acid, psoromic acid, usnic acid;lias
Cladonia furcata;atranorin;italic
Cladonia furcata;atranorin, confumarprotocetraric acid, fumarprotocetraric acid, hypoprotocetraric acid, protocetraric acid, unknown/unidentified fatty acid(s);lias
Cladonia furfuracea;atranorin, confumarprotocetraric acid, convirensic acid, fumarprotocetraric acid, protocetraric acid;lias
Cladonia fuscofunda;fumarprotocetraric acid;lias
Cladonia gallowayi;squamatic acid;lias
Cladonia glabra;decarboxythamnolic acid, thamnolic acid, usnic acid;lias
Cladonia glauca;squamatic acid;italic
Cladonia glauca;squamatic acid;lias
Cladonia glebosa;fumarprotocetraric acid;lias
Cladonia gracilenta;decarboxythamnolic acid, rhodocladonic acid, thamnolic acid, unknown/unidentified compound(s), usnic acid;lias
Cladonia gracilis;atranorin, fumarprotocetraric acid, quaesitic acid;lias
Cladonia gracilis;atranorin, fumarprotocetraric acid;lias
Cladonia gracilis;fumarprotocetraric acid;lias
Cladonia graeca;fumarprotocetraric acid, protocetraric acid;lias
Cladonia granulosa;barbatic acid, decarboxythamnolic acid, thamnolic acid;lias
Cladonia grayi;grayanic acid;italic
Cladonia grayi;4-o-demethylgrayanic acid, colensoic acid, confumarprotocetraric acid, divaronic acid, fumarprotocetraric acid, grayanic acid, protocetraric acid, stenosporonic acid;lias
Cladonia guianensis;3α-hydroxybarbatic acid, 4'-o-methylnorsekikaic acid, 4-o-demethylbarbatic acid, atranorin, barbatic acid, protocetraric acid, rhodocladonic acid, sekikaic acid;lias
Cladonia halei;atranorin, confumarprotocetraric acid, fumarprotocetraric acid, protocetraric acid, unknown/unidentified compound(s), ursolic acid;lias
Cladonia hammeri;confumarprotocetraric acid, fumarprotocetraric acid, protocetraric acid;lias
Cladonia hians;4-o-demethylbarbatic acid, barbatic acid, thamnolic acid;lias
Cladonia homosekikaica;fumarprotocetraric acid, homosekikaic acid, protocetraric acid, sekikaic acid;lias
Cladonia huberi;barbatic acid, squamatic acid, thamnolic acid;lias
Cladonia humilis;atranorin, bourgeanic acid, fumarprotocetraric acid;lias
Cladonia humilis;atranorin, bourgeanic acid, fumarprotocetraric acid, protocetraric acid;lias
Cladonia hypoxantha;bellidiflorin, decarboxythamnolic acid, rhodocladonic acid, thamnolic acid;lias
Cladonia hypoxanthoides;rhodocladonic acid, skyrin (rhodophyscin), thamnolic acid;lias
Cladonia ibitipocae;confumarprotocetraric acid, fumarprotocetraric acid, protocetraric acid;lias
Cladonia imbricarica;4-o-demethylsphaerophorin, isosphaeric acid, sphaerophorin;lias
Cladonia imbricata;fumarprotocetraric acid, homosekikaic acid, physodalic acid;lias
Cladonia imperialis;confumarprotocetraric acid, fumarprotocetraric acid, protocetraric acid;lias
Cladonia incerta;fumarprotocetraric acid;lias
Cladonia incrassata;rhodocladonic acid, usnic;italic
Cladonia incrassata;bellidiflorin, didymic acid, rhodocladonic acid, squamatic acid, usnic acid;lias
Cladonia indica;homosekikaic acid;lias
Cladonia insolita;fumarprotocetraric acid, squamatic acid;lias
Cladonia isabellina;atranorin, confumarprotocetraric acid, constictic acid, cryptostictic acid, fumarprotocetraric acid, grayanic acid, homosekikaic acid, protocetraric acid, sekikaic acid, stictic acid;lias
Cladonia itatiaiae;confumarprotocetraric acid, convirensic acid, fumarprotocetraric acid, protocetraric acid;lias
Cladonia jaliscana;condidymic acid, decarboxythamnolic acid, didymic acid, rhodocladonic acid, subdidymic acid, thamnolic acid, usnic acid;lias
Cladonia kalbii;atranorin, confumarprotocetraric acid, fumarprotocetraric acid, physodalic acid, protocetraric acid, unknown/unidentified compound(s);lias
Cladonia krempelhuberi;atranorin, fumarprotocetraric acid, protocetraric acid;lias
Cladonia kriegeri;confumarprotocetraric acid, fumarprotocetraric acid, protocetraric acid, usnic acid;lias
Cladonia krogiana;barbatic acid, chlorovinetorin;lias
Cladonia kuringaiensis;constictic acid, cryptostictic acid, fumarprotocetraric acid, norstictic acid, protocetraric acid, stictic acid;lias
Cladonia labradorica;unknown/unidentified compound(s), usnic acid;lias
Cladonia lacryma;fumarprotocetraric acid;lias
Cladonia latiloba;atranorin, connorstictic acid, constictic acid, cryptostictic acid, fumarprotocetraric acid, norstictic acid, stictic acid, unknown/unidentified compound(s);lias
Cladonia leporina;4-o-demethylbarbatic acid, baeomycesic acid, barbatic acid, condidymic acid, didymic acid, rhodocladonic acid, squamatic acid, subdidymic acid, usnic acid;lias
Cladonia leprocephala;4-o-demethylbarbatic acid, barbatic acid, didymic acid, rhodocladonic acid, skyrin (rhodophyscin), thamnolic acid;lias
Cladonia leucophylla;fumarprotocetraric acid, homosekikaic acid, sekikaic acid;lias
Cladonia lingulata;atranorin, confumarprotocetraric acid, fumarprotocetraric acid, protocetraric acid;lias
Cladonia litoralis;fumarprotocetraric acid;lias
Cladonia lopezii;atranorin, condidymic acid, didymic acid, fumarprotocetraric acid, protocetraric acid, rhodocladonic acid, subdidymic acid, thamnolic acid, unknown/unidentified compound(s);lias
Cladonia luteoalba;usnic, usnic acid, zeorin;italic
Cladonia luteoalba;barbatic acid, didymic acid, fumarprotocetraric acid, porphyrilic acid, quaesitic acid, rhodocladonic acid, squamatic acid, usnic acid, zeorin (hopane-6α,22-diol);lias
Cladonia macilenta;4-o-demethylbarbatic acid, barbatic acid, condidymic acid, decarboxythamnolic acid, didymic acid, rhodocladonic acid, thamnolic acid;lias
Cladonia macilenta;3α-hydroxybarbatic acid, 4-o-demethylbarbatic acid, barbatic acid, condidymic acid, consquamatic acid, didymic acid, obtusatic acid, rhodocladonic acid, skyrin (rhodophyscin), squamatic acid, thamnolic acid, unknown/unidentified compound(s), usnic acid;lias
Cladonia macilentoides;decarboxythamnolic acid, rhodocladonic acid, thamnolic acid, unknown/unidentified pigment(s);lias
Cladonia macroceras;atranorin, fumarprotocetraric acid;lias
Cladonia macrophylla;psoromic acid, unknown/unidentified compound(s);lias
Cladonia macrophylliza;confumarprotocetraric acid, convirensic acid, fumarprotocetraric acid, protocetraric acid, unknown/unidentified compound(s);lias
Cladonia macrophyllodes;atranorin;italic
Cladonia macrophyllodes;atranorin, confumarprotocetraric acid, fumarprotocetraric acid, protocetraric acid, quaesitic acid;lias
Cladonia marcellii;barbatic acid, thamnolic acid, usnic acid;lias
Cladonia mateocyatha;confumarprotocetraric acid, convirensic acid, fumarprotocetraric acid, protocetraric acid;lias
Cladonia maxima;atranorin, fumarprotocetraric acid;lias
Cladonia mediterranea;usnic;italic
Cladonia megaphylla;confumarprotocetraric acid, fumarprotocetraric acid, protocetraric acid;lias
Cladonia melanopoda;confumarprotocetraric acid, convirensic acid, fumarprotocetraric acid, protocetraric acid;lias
Cladonia meridensis;4-o-demethylbarbatic acid, barbatic acid, condidymic acid, decarboxythamnolic acid, didymic acid, rhodocladonic acid, skyrin (rhodophyscin), subdidymic acid, thamnolic acid;lias
Cladonia meridionalis;barbatic acid, obtusatic acid, rhodocladonic acid;lias
Cladonia merochlorophaea;lacks fumarprotocetraric acid;italic
Cladonia merochlorophaea;4-o-methylcryptochlorophaeic acid, confumarprotocetraric acid, cryptochlorophaeic acid, fumarprotocetraric acid, merochlorophaeic acid, paludosic acid, protocetraric acid, submerochlorophaeic acid;lias
Cladonia metacorallifera;didymic acid, rhodocladonic acid, squamatic acid, usnic acid;lias
Cladonia metaminiata;barbatic acid, decarboxythamnolic acid, didymic acid, rhodocladonic acid, thamnolic acid;lias
Cladonia mexicana;atranorin, confumarprotocetraric acid, constictic acid, cryptostictic acid, fumarprotocetraric acid, norstictic acid, protocetraric acid, stictic acid, unknown/unidentified compound(s);lias
Cladonia microscypha;barbatic acid, condidymic acid, decarboxythamnolic acid, didymic acid, rhodocladonic acid, skyrin (rhodophyscin), thamnolic acid, unknown/unidentified compound(s), usnic acid;lias
Cladonia minarum;confumarprotocetraric acid, fumarprotocetraric acid, protocetraric acid, succinprotocetraric acid, usnic acid;lias
Cladonia miniata;3α-hydroxybarbatic acid, 4'-o-methylnorsekikaic acid, 4-o-demethylbarbatic acid, baeomycesic acid, barbatic acid, condidymic acid, didymic acid, fumarprotocetraric acid, obtusatic acid, protocetraric acid, rhodocladonic acid, sekikaic acid, squamatic acid, subdidymic acid, thamnolic acid, unknown/unidentified compound(s);lias
Cladonia mitis;usnic;italic
Cladonia modesta;atranorin, psoromic acid;lias
Cladonia mongkolsukii;fumarprotocetraric acid, homosekikaic acid;lias
Cladonia monomorpha;fumarprotocetraric acid, unknown/unidentified compound(s);lias
Cladonia multiformis;fumarprotocetraric acid, ursolic acid;lias
Cladonia multipartita;barbatic acid, squamatic acid, thamnolic acid;lias
Cladonia murrayi;rhodocladonic acid, skyrin (rhodophyscin), thamnolic acid;lias
Cladonia mutabilis;barbatic acid, thamnolic acid;lias
Cladonia nana;confumarprotocetraric acid, fumarprotocetraric acid, protocetraric acid, unknown/unidentified compound(s);lias
Cladonia nanodes;fumarprotocetraric acid;lias
Cladonia nashii;atranorin, confumarprotocetraric acid, fumarprotocetraric acid, protocetraric acid;lias
Cladonia nitidella;fumarprotocetraric acid, usnic acid;lias
Cladonia norvegica;4-o-demethylbarbatic acid, barbatic acid;lias
Cladonia novochlorophaea;4'-o-methylnorhomosekikaic acid, 4'-o-methylnorsekikaic acid, confumarprotocetraric acid, fumarprotocetraric acid, homosekikaic acid, hyperhomosekikaic acid, protocetraric acid, sekikaic acid, unknown/unidentified compound(s);lias
Cladonia nudicaulis;fumarprotocetraric acid;lias
Cladonia obscurata;4-o-demethylbarbatic acid, barbatic acid, decarboxythamnolic acid, thamnolic acid, unknown/unidentified compound(s);lias
Cladonia obtecta;confumarprotocetraric acid, convirensic acid, fumarprotocetraric acid, protocetraric acid;lias
Cladonia ochracea;confumarprotocetraric acid, convirensic acid, fumarprotocetraric acid, protocetraric acid;lias
Cladonia ochrochlora;atranorin, confumarprotocetraric acid, convirensic acid, fumarprotocetraric acid, physodalic acid, protocetraric acid, quaesitic acid;lias
Cladonia paeminosa;bourgeanic acid, fumarprotocetraric acid, protocetraric acid;lias
Cladonia pallens;thamnolic acid;lias
Cladonia palmicola;decarboxythamnolic acid, thamnolic acid;lias
Cladonia parasitica;thamnolic acid;italic
Cladonia parasitica;barbatic acid, decarboxythamnolic acid, thamnolic acid;lias
Cladonia parva;didymic acid, psoromic acid;lias
Cladonia parvipes;3α-hydroxybarbatic acid, 4-o-demethylbarbatic acid, barbatic acid, fumarprotocetraric acid, obtusatic acid, rhodocladonic acid;lias
Cladonia peltastica;barbatic acid, boninic acid, homosekikaic acid, sekikaic acid, squamatic acid, thamnolic acid, usnic acid;lias
Cladonia penicillata;confumarprotocetraric acid, fumarprotocetraric acid, protocetraric acid;lias
Cladonia perfilata;confumarprotocetraric acid, fumarprotocetraric acid, protocetraric acid;lias
Cladonia pertricosa;barbatic acid, consquamatic acid, squamatic acid, thamnolic acid;lias
Cladonia peziziformis;fumarprotocetraric acid;italic
Cladonia peziziformis;confumarprotocetraric acid, fumarprotocetraric acid, protocetraric acid, unknown/unidentified fatty acid(s);lias
Cladonia phyllophora;fumarprotocetraric acid;italic
Cladonia phyllophora;atranorin, fumarprotocetraric acid, quaesitic acid;lias
Cladonia piedadensis;barbatic acid, condidymic acid, didymic acid, subdidymic acid, unknown/unidentified compound(s);lias
Cladonia pityrophylla;confumarprotocetraric acid, connorstictic acid, constictic acid, fumarprotocetraric acid, norstictic acid, protocetraric acid, stictic acid;lias
Cladonia pleurota;rhodocladonic acid, usnic, zeorin;italic
Cladonia pleurota;isousnic acid, porphyrilic acid, rhodocladonic acid, usnic acid, zeorin (hopane-6α,22-diol);lias
Cladonia pocillum;atranorin, confumarprotocetraric acid, convirensic acid, fumarprotocetraric acid, protocetraric acid, psoromic acid, quaesitic acid;lias
Cladonia polycarpoides;atranorin, exceptionally homoheveadric acid, norstictic acid;italic
Cladonia polycarpoides;homoheveadride, norstictic acid;lias
Cladonia polycarpoides;2'-o-demethylpsoromic acid, atranorin, confumarprotocetraric acid, connorstictic acid, constictic acid, cryptostictic acid, fumarprotocetraric acid, homoheveadride, norstictic acid, protocetraric acid, psoromic acid, rangiformic acid, stictic acid;lias
Cladonia polydactyla;rhodocladonic acid, thamnolic acid, usnic;italic
Cladonia polydactyla;rhodocladonic acid, thamnolic acid;lias
Cladonia polyscypha;confumarprotocetraric acid, fumarprotocetraric acid, protocetraric acid;lias
Cladonia polystomata;decarboxythamnolic acid, thamnolic acid, unknown/unidentified compound(s);lias
Cladonia polytypa;barbatic acid, thamnolic acid;lias
Cladonia portentosa;perlatolic acid, usnic acid;lias
Cladonia portentosa;perlatolic acid, usnic acid;lias
Cladonia praetermissa;fumarprotocetraric acid, protocetraric acid, psoromic acid;lias
Cladonia prancei;barbatic acid, didymic acid, rhodocladonic acid, squamatic acid, thamnolic acid, usnic acid;lias
Cladonia pseudotapperi;fumarprotocetraric acid, stictic acid;lias
Cladonia pulchra;thamnolic acid;lias
Cladonia pulverulenta;confumarprotocetraric acid, convirensic acid, fumarprotocetraric acid, protocetraric acid;lias
Cladonia pulvinella;atranorin, bourgeanic acid, confumarprotocetraric acid, fumarprotocetraric acid, protocetraric acid;lias
Cladonia pulviniformis;barbatic acid, squamatic acid, thamnolic acid, unknown/unidentified compound(s);lias
Cladonia pumila;homosekikaic acid, rhodocladonic acid, sekikaic acid, unknown/unidentified compound(s);lias
Cladonia pyxidata;fumarprotocetraric acid;italic
Cladonia pyxidata;4-o-methylcryptochlorophaeic acid, confumarprotocetraric acid, cryptochlorophaeic acid, fumarprotocetraric acid, paludosic acid, protocetraric acid, subpaludosic acid, unknown/unidentified compound(s);lias
Cladonia pyxidata;confumarprotocetraric acid, fumarprotocetraric acid, homosekikaic acid, protocetraric acid, sekikaic acid, unknown/unidentified fatty acid(s);lias
Cladonia ramulosa;atranorin, fumarprotocetraric acid, zeorin;italic
Cladonia ramulosa;confumarprotocetraric acid, fumarprotocetraric acid, homosekikaic acid, protocetraric acid, sekikaic acid;lias
Cladonia rangiferina;atranorin, fumarprotocetraric acid;italic
Cladonia rangiferina;atranorin, fumarprotocetraric acid;lias
Cladonia rangiferina;atranorin, confumarprotocetraric acid, fumarprotocetraric acid, unknown/unidentified fatty acid(s), ursolic acid;lias
Cladonia rangiformis;atranorin, fumarprotocetraric acid, rangiformic acid;lias
Cladonia rappii;2'-o-demethylpsoromic acid, atranorin, confumarprotocetraric acid, convirensic acid, fumarprotocetraric acid, protocetraric acid, psoromic acid;lias
Cladonia ravenelii;condidymic acid, decarboxythamnolic acid, didymic acid, rhodocladonic acid, squamatic acid, subdidymic acid, thamnolic acid;lias
Cladonia rei;fumarprotocetraric acid, homosekikaic acid;lias
Cladonia rhodoleuca;thamnolic acid;lias
Cladonia rigida;barbatic acid, hyperhomosekikaic acid, sekikaic acid, thamnolic acid;lias
Cladonia rigida;barbatic acid, homosekikaic acid, hyperhomosekikaic acid, sekikaic acid, thamnolic acid;lias
Cladonia robbinsii;4-o-demethylbarbatic acid, barbatic acid, obtusatic acid, usnic acid;lias
Cladonia robusta;barbatic acid, usnic acid;lias
Cladonia rotundata;atranorin, confumarprotocetraric acid, fumarprotocetraric acid, protocetraric acid, usnic acid;lias
Cladonia rubrotincta;rhodocladonic acid;italic
Cladonia rugicaulis;decarboxythamnolic acid, thamnolic acid;lias
Cladonia rugulosa;barbatic acid, decarboxythamnolic acid, thamnolic acid, unknown/unidentified compound(s), usnic acid;lias
Cladonia salmonea;barbatic acid, fumarprotocetraric acid, obtusatic acid, rhodocladonic acid, unknown/unidentified compound(s), usnic acid;lias
Cladonia salzmannii;4-o-demethylbarbatic acid, barbatic acid, decarboxythamnolic acid, thamnolic acid, unknown/unidentified compound(s);lias
Cladonia sandstedei;atranorin, confumarprotocetraric acid, fumarprotocetraric acid, protocetraric acid, unknown/unidentified compound(s), ursolic acid;lias
Cladonia sarmentosa;atranorin, fumarprotocetraric acid, protocetraric acid, quaesitic acid;lias
Cladonia scabriuscula;atranorin, fumarprotocetraric acid;italic
Cladonia scabriuscula;atranorin, confumarprotocetraric acid, fumarprotocetraric acid, protocetraric acid;lias
Cladonia scholanderi;barbatic acid, decarboxythamnolic acid, thamnolic acid, usnic acid;lias
Cladonia secundana;3α-hydroxybarbatic acid, 4'-o-methylnorhomosekikaic acid, 4'-o-methylnorsekikaic acid, 4-o-demethylbarbatic acid, atranorin, barbatic acid, condidymic acid, confumarprotocetraric acid, consquamatic acid, didymic acid, fumarprotocetraric acid, homosekikaic acid, protocetraric acid, rhodocladonic acid, sekikaic acid, subdidymic acid, thamnolic acid, unknown/unidentified compound(s);lias
Cladonia signata;atranorin, confumarprotocetraric acid, fumarprotocetraric acid, homosekikaic acid, hyperhomosekikaic acid, unknown/unidentified compound(s);lias
Cladonia sipmanii;4-o-demethylbarbatic acid, barbatic acid, squamatic acid, thamnolic acid, unknown/unidentified compound(s);lias
Cladonia solida;confumarprotocetraric acid, fumarprotocetraric acid, protocetraric acid, unknown/unidentified fatty acid(s), ursolic acid;lias
Cladonia southlandica;fumarprotocetraric acid, usnic acid;lias
Cladonia spathulata;confumarprotocetraric acid, convirensic acid, fumarprotocetraric acid, protocetraric acid;lias
Cladonia sphacelata;4-o-demethylbarbatic acid, barbatic acid, condidymic acid, didymic acid, squamatic acid, thamnolic acid, unknown/unidentified compound(s);lias
Cladonia spiculata;barbatic acid, decarboxythamnolic acid, thamnolic acid, unknown/unidentified compound(s);lias
Cladonia spinea;barbatic acid, decarboxythamnolic acid, squamatic acid, thamnolic acid;lias
Cladonia sprucei;atranorin, confumarprotocetraric acid, fumarprotocetraric acid, protocetraric acid, unknown/unidentified compound(s);lias
Cladonia squamosa;squamatic acid;italic
Cladonia squamosa;barbatic acid, decarboxythamnolic acid, squamatic acid, thamnolic acid, unknown/unidentified (tri-)terpenoid(s), (tri-)terpene(s);lias
Cladonia staufferi;conpsoromic acid, psoromic acid, usnic acid;lias
Cladonia stellaris;usnic;italic
Cladonia stellaris;perlatolic acid;lias
Cladonia stereoclada;fumarprotocetraric acid;lias
Cladonia steyermarkii;decarboxythamnolic acid, squamatic acid, thamnolic acid;lias
Cladonia stipitata;atranorin, fumarprotocetraric acid;lias
Cladonia straminea;rhodocladonic acid, usnic;italic
Cladonia strangulata;atranorin, fumarprotocetraric acid;lias
Cladonia strepsilis;4-o-demethylbarbatic acid, baeomycesic acid, barbatic acid, squamatic acid, strepsilin, unknown/unidentified compound(s);lias
Cladonia stricta;atranorin, fumarprotocetraric acid;lias
Cladonia stygia;atranorin;italic
Cladonia stygia;atranorin, fumarprotocetraric acid, unknown/unidentified compound(s), unknown/unidentified fatty acid(s);lias
Cladonia subcervicornis;atranorin, fumarprotocetraric acid;italic
Cladonia subcervicornis;atranorin, fumarprotocetraric acid;lias
Cladonia subdelicatula;barbatic acid, decarboxythamnolic acid, thamnolic acid, unknown/unidentified compound(s);lias
Cladonia subfimbriata;confumarprotocetraric acid, fumarprotocetraric acid, protocetraric acid;lias
Cladonia subfurcata;squamatic acid;italic
Cladonia subincrassata;usnic acid, zeorin (hopane-6α,22-diol);lias
Cladonia subminiata;condidymic acid, didymic acid, fumarprotocetraric acid, rhodocladonic acid, subdidymic acid, unknown/unidentified compound(s);lias
Cladonia subradiata;atranorin, confumarprotocetraric acid, convirensic acid, fumarprotocetraric acid, norstictic acid, protocetraric acid, stictic acid, ursolic acid;lias
Cladonia subrangiformis;atranorin, fumarprotocetraric acid;lias
Cladonia subreticulata;confumarprotocetraric acid, connorstictic acid, constictic acid, cryptostictic acid, fumarprotocetraric acid, isousnic acid, norstictic acid, protocetraric acid, stictic acid, unknown/unidentified compound(s), unknown/unidentified fatty acid(s), usnic acid, zeorin (hopane-6α,22-diol);lias
Cladonia subsquamosa;confumarprotocetraric acid, constictic acid, convirensic acid, cryptostictic acid, fumarprotocetraric acid, norstictic acid, protocetraric acid, stictic acid, unknown/unidentified compound(s);lias
Cladonia substellata;connorstictic acid, constictic acid, cryptostictic acid, fumarprotocetraric acid, norstictic acid, stictic acid, usnic acid;lias
Cladonia subtenuis;atranorin, confumarprotocetraric acid, isousnic acid, protocetraric acid, unknown/unidentified compound(s), unknown/unidentified fatty acid(s), ursolic acid, usnic acid;lias
Cladonia subtenuis;atranorin, confumarprotocetraric acid, isousnic acid, protocetraric acid, unknown/unidentified compound(s), unknown/unidentified fatty acid(s), ursolic acid;lias
Cladonia subulata;fumarprotocetraric acid;italic
Cladonia subulata;fumarprotocetraric acid, quaesitic acid;lias
Cladonia sufflata;decarboxythamnolic acid, thamnolic acid, usnic acid;lias
Cladonia sulcata;atranorin, bourgeanic acid, conpsoromic acid, constictic acid, cryptostictic acid, norstictic acid, psoromic acid, stictic acid;lias
Cladonia sulphurina;rhodocladonic acid, usnic;italic
Cladonia sulphurina;bellidiflorin, consquamatic acid, rhodocladonic acid, squamatic acid, usnic acid;lias
Cladonia symphoriza;4-o-demethylbarbatic acid, barbatic acid, condidymic acid, didymic acid, fumarprotocetraric acid, rhodocladonic acid, unknown/unidentified compound(s);lias
Cladonia symphycarpa;atranorin, confumarprotocetraric acid, connorstictic acid, conpsoromic acid, fumarprotocetraric acid, norstictic acid, protocetraric acid, psoromic acid;lias
Cladonia tachirae;condidymic acid, decarboxythamnolic acid, didymic acid, thamnolic acid;lias
Cladonia tenerrima;fumarprotocetraric acid, protocetraric acid;lias
Cladonia tessellata;atranorin, bourgeanic acid, confumarprotocetraric acid, fumarprotocetraric acid, homosekikaic acid, protocetraric acid, psoromic acid;lias
Cladonia testaceopallens;confumarprotocetraric acid, convirensic acid, fumarprotocetraric acid, protocetraric acid, unknown/unidentified compound(s);lias
Cladonia thiersii;thamnolic acid;lias
Cladonia transcendens;decarboxythamnolic acid, skyrin (rhodophyscin), thamnolic acid, usnic acid;lias
Cladonia trassii;atranorin;italic
Cladonia turgida;atranorin;italic
Cladonia turgidior;decarboxythamnolic acid, thamnolic acid, unknown/unidentified compound(s);lias
Cladonia umbellata;norstictic acid;lias
Cladonia umbricola;rhodocladonic acid, squamatic acid;italic
Cladonia umbricola;decarboxythamnolic acid, squamatic acid, thamnolic acid, usnic acid;lias
Cladonia uncialis;usnic;italic
Cladonia uncialis;usnic, usnic acid;italic
Cladonia uncialis;squamatic acid, usnic acid;lias
Cladonia uncialis;squamatic acid, usnic acid;lias
Cladonia usambarensis;barbatic acid, thamnolic acid, usnic acid;lias
Cladonia vareschii;barbatic acid, decarboxythamnolic acid, thamnolic acid, unknown/unidentified compound(s), usnic acid;lias
Cladonia varians;barbatic acid, thamnolic acid, usnic acid;lias
Cladonia variegata;4-o-demethylbarbatic acid, barbatic acid, decarboxythamnolic acid, thamnolic acid, unknown/unidentified compound(s);lias
Cladonia verruculosa;fumarprotocetraric acid;lias
Cladonia verticillaris;confumarprotocetraric acid, fumarprotocetraric acid, protocetraric acid;lias
Cladonia verticillata;fumarprotocetraric acid;italic
Cladonia weymouthii;barbatic acid, didymic acid, rhodocladonic acid, thamnolic acid;lias
Cladonia zopfii;usnic;italic
Cladonia zopfii;usnic acid;lias
Clauzadeana macula;argopsin;italic
Clauzadeana macula;argopsin;lias
Cliostomum coppinsii;atranorin, stictic acid, usnic acid;lias
Cliostomum corrugatum;atranorin, usnic;italic
Cliostomum corrugatum;usnic acid;lias
Cliostomum falklandicum;atranorin;lias
Cliostomum flavidulum;atranorin;italic
Cliostomum flavidulum;atranorin, fumarprotocetraric acid;lias
Cliostomum griffithii;atranorin, chloroatranorin, roccellic acid, usnic;italic
Cliostomum griffithii;atranorin, roccellic acid;lias
Cliostomum haematommatis;atranorin, o-methylperlatolic acid;italic
Cliostomum leprosum;atranorin, usnic;italic
Cliostomum praepallidum;atranorin, norcaperatic acid, roccellic acid;lias
Coccocarpia erythroxili;atranorin;lias
Coccotrema citrinescens;cryptostictic acid, stictic acid;lias
Coccotrema hahriae;connorstictic acid, cryptostictic acid, menegazziaic acid, norstictic acid, stictic acid;lias
Coelopogon abraxas;epiphorellic acid 1, epiphorellic acid 2, unknown/unidentified fatty acid(s);lias
Coelopogon epiphorellus;epiphorellic acid 1, epiphorellic acid 2, unknown/unidentified fatty acid(s);lias
Coniarthonia erythrocarpa;unknown/unidentified pigment(s);lias
Coniarthonia gregarina;unknown/unidentified pigment(s);lias
Coniarthonia haematodea;unknown/unidentified pigment(s);lias
Coniarthonia pulcherrima;chiodectonic acid;lias
Coniarthonia pyrrhula;unknown/unidentified pigment(s);lias
Coniarthonia wilmsiana;unknown/unidentified pigment(s);lias
Coppinsiella fiumana;emodin, fallacinal, parietin, parietinic acid, teloschistin;italic
Coronoplectrum namibicum;atranorin, hypostictic acid, stictic acid, unknown/unidentified (tri-)terpenoid(s), (tri-)terpene(s);lias
Cratiria aggrediens;3-o-methylthiophanic acid, 4,5-dichloronorlichexanthone, 6-o-methylarthothelin, arthothelin, connorstictic acid, norstictic acid, thiophanic acid, thuringione;lias
Cratiria americana;atranorin, connorstictic acid, norstictic acid;lias
Cratiria melanochlora;3-o-methylthiophanic acid, 4,5-dichloronorlichexanthone, 6-o-methylarthothelin, arthothelin, connorstictic acid, norstictic acid, thiophanic acid, thuringione;lias
Cratiria obscurior;atranorin, connorstictic acid, norstictic acid;lias
Cratiria rutilantoides;atranorin, connorstictic acid, norstictic acid;lias
Cratiria subtropica;atranorin, connorstictic acid, hafellic acid, neopaludosic acid, neosubpaludosic acid, norstictic acid;lias
Crespoa carneopruinata;atranorin, chloroatranorin;italic
Crespoa crozalsiana;atranorin, chloroatranorin;italic
Cresponea leprieuroides;gyrophoric acid, lecanoric acid;lias
Cresponea litoralis;unknown/unidentified pigment(s);lias
Crocodia aurata;calycin, pulvinic acid;italic
Crocodia aurata;3β-acetoxyfern-9(11)-en-12-one, 3β-acetoxyfern-9(11)-en-12β-ol, 3β-acetoxyfern-9(11)-en-19β-ol, 3β-hydroxyfern-9(11)-ene-12-one, calycin, fern-9(11)-en-3β,12β-diol, lupeol acetate, pulvinic acid, pulvinic dilactone;lias
Crocynia microphyllina;protocetraric acid;lias
Crocynia pyxinoides;atranorin, unknown/unidentified (tri-)terpenoid(s), (tri-)terpene(s);lias
Crustospathula cartilaginea;atranorin;lias
Cryptothecia candida;2'-o-methylanziaic acid, 2'-o-methylperlatolic acid;lias
Cryptothecia effusa;perlatolic acid, unknown/unidentified compound(s);lias
Cryptothecia evergladensis;2-o-methylperlatolic acid, lichexanthone, psoromic acid;lias
Cryptothecia farinosa;psoromic acid, unknown/unidentified compound(s);lias
Cryptothecia filicina;perlatolic acid;lias
Cryptothecia irregularis;2'-o-demethylpsoromic acid, confluentic acid, psoromic acid, subpsoromic acid;lias
Cryptothecia methylmicrophyllinica;5-o-microphyllinic acid;lias
Cryptothecia miniata;2-o-methylperlatolic acid, unknown/unidentified anthraquinone(s), unknown/unidentified compound(s);lias
Cryptothecia multipunctata;psoromic acid;lias
Cryptothecia punctosorediata;gyrophoric acid, unknown/unidentified compound(s);lias
Cryptothecia queenslandica;confluentic acid, constipatic acid, gyrophoric acid, lecanoric acid, protoconstipatic acid;lias
Cryptothecia rubrocincta;chiodectonic acid, confluentic acid;lias
Cryptothecia striata;gyrophoric acid, unknown/unidentified compound(s);lias
Cryptothecia verruculifera;perlatolic acid;lias
Cybebe gracilenta;unknown/unidentified compound(s);lias
Cyphelium brunneum;norstictic acid;lias
Cyphelium chloroconium;norstictic acid, vulpinic acid;lias
Cyphelium inquinans;atranorin, placodiolic acid, unknown/unidentified compound(s), usnic acid;lias
Cyphelium karelicum;placodiolic acid, unknown/unidentified compound(s);lias
Cyphelium lecideinum;atranorin, norstictic acid;lias
Cyphelium lucidum;vulpinic acid;lias
Cyphelium notarisii;rhizocarpic acid;lias
Cyphelium pinicola;rhizocarpic acid;lias
Cyphelium tigillare;epanorin, rhizocarpic acid, unknown/unidentified compound(s);lias
Dactylina arctica;gyrophoric acid, usnic acid;lias
Dactylina beringica;gyrophoric acid, hiascic acid, lecanoric acid, orsellinic acid, physodalic acid, physodic acid, unknown/unidentified compound(s), usnic acid;lias
Dactylina chinensis;orsellinic acid, physodalic acid, usnic acid;lias
Dactylina endochrysea;dufourin, endochrysin, lichesterinic acid, protolichesterinic acid, usnic acid;lias
Dactylina ramulosa;usnic, usnic acid;italic
Dactylina ramulosa;physodalic acid, physodic acid, usnic acid;lias
Dendrographa alectoroides;fumarprotocetraric acid, protocetraric acid, succinprotocetraric acid;lias
Dendrographa latebrarum;lepraric acid;italic
Dendrographa leucophaea;fumarprotocetraric acid, protocetraric acid, succinprotocetraric acid;lias
Dermatiscum fallax;gyrophoric acid, squamatic acid, thamnolic acid, unknown/unidentified (tri-)terpenoid(s), (tri-)terpene(s);lias
Dibaeis absoluta;baeomycesic acid, barbatic acid, consquamatic acid, squamatic acid, ursolic acid;lias
Dibaeis arcuatus;baeomycesic acid, barbatic acid, consquamatic acid, squamatic acid, ursolic acid;lias
Dibaeis baeomyces;atranorin, baeomycesic acid;italic
Dibaeis baeomyces;atranorin, baeomycesic acid, squamatic acid;lias
Dibaeis sorediata;baeomycesic acid, barbatic acid, consquamatic acid, squamatic acid, ursolic acid;lias
Dimelaena australiensis;3,5-dichloro-2'-o-methylanziaic acid;lias
Dimelaena californica;norstictic acid, stictic acid;lias
Dimelaena lichenicola;norstictic acid, stictic acid;lias
Dimelaena oreina;fumarprotocetraric acid, gyrophoric acid, hypostictic acid stictic acid, stictic acid, usnic, usnic acid;italic
Dimelaena oreina;constictic acid, cryptostictic acid, fumarprotocetraric acid, gyrophoric acid, hypoconstictic acid, hypostictic acid, lecanoric acid, menegazziaic acid, protocetraric acid, sphaerophorin, stictic acid, usnic acid;lias
Dimelaena radiata;3-chlorodivaricatic acid, 5-chlorodivaricatic acid, divaricatic acid, o-demethylpsoromic acid, occasionally norstictic acid, psoromic acid, virensic acid;italic
Dimelaena radiata;2'-o-demethylpsoromic acid, 3-chlorodivaricatic acid, 5-chlorodivaricatic acid, divaricatic acid, norstictic acid, psoromic acid, virensic acid;lias
Dimelaena thysanota;gyrophoric acid, sphaerophorin, subsphaeric acid;lias
Dimelaena weberi;atranorin;lias
Diorygma agumbense;cryptostictic acid, protocetraric acid, stictic acid;lias
Diorygma albocinerascens;cryptostictic acid, methyl stictic acid, norstictic acid, salazinic acid;lias
Diorygma albovirescens;constictic acid, cryptostictic acid, stictic acid;lias
Diorygma dandeliense;norstictic acid, salazinic acid;lias
Diorygma dealbatum;norstictic acid, salazinic acid;lias
Diorygma excipuloconvergentum;constictic acid, cryptostictic acid, methyl stictic acid, norstictic acid, salazinic acid;lias
Diorygma hieroglyphicum;constictic acid, norstictic acid, stictic acid;lias
Diorygma hololeucum;protocetraric acid;lias
Diorygma junghuhnii;constictic acid, norstictic acid;lias
Diorygma karnatakense;norstictic acid, salazinic acid;lias
Diorygma longilirellatum;norstictic acid;lias
Diorygma manipurense;norstictic acid, salazinic acid;lias
Diorygma megaspermum;consalazinic acid, constictic acid, cryptostictic acid, stictic acid;lias
Diorygma megistosporum;cryptostictic acid, norstictic acid, stictic acid;lias
Diorygma microsporum;norstictic acid;lias
Diorygma panchganiense;methyl stictic acid, norstictic acid, salazinic acid;lias
Diorygma rufosporum;constictic acid, stictic acid;lias
Diorygma rupicola;constictic acid, cryptostictic acid, norstictic acid, stictic acid;lias
Diorygma saxicola;constictic acid, norstictic acid, stictic acid;lias
Diorygma sticticum;cryptostictic acid, hypostictic acid, stictic acid;lias
Diorygma subalbatum;norstictic acid, stictic acid;lias
Diorygma tuberculosum;connorstictic acid, norstictic acid;lias
Diorygma verrucirimosum;norstictic acid, salazinic acid;lias
Diorygma wallamanensis;peristictic acid, stictic acid;lias
Diploicia africana;canesolide, dechlorodiploicin, diploicin, unknown/unidentified secalonic acid derivate(s);lias
Diploicia canescens;atranorin, chloroatranorin;italic
Diploicia canescens;atranorin, buellolide, canesolide, chloroatranorin, dechloro-o-methyldiploicin, dechlorodiploicin, diploicin, isofulgidin, secalonic acid a, secalonic acid b, secalonic acid c;lias
Diploicia subcanescens;atranorin, chloroatranorin, gyrophoric acid;italic
Diploschistes actinostoma;lecanoric acid;italic
Diploschistes actinostomus;diploschistesic acid, gyrophoric acid, lecanoric acid, orsellinic acid;lias
Diploschistes aeneus;diploschistesic acid, lecanoric acid, orsellinic acid;lias
Diploschistes austroafricanus;diploschistesic acid, lecanoric acid, orsellinic acid;lias
Diploschistes awasthii;gyrophoric acid, lecanoric acid, ovoic acid, unknown/unidentified compound(s);lias
Diploschistes badius;gyrophoric acid, lecanoric acid, orsellinic acid;lias
Diploschistes caesioplumbeus;lecanoric acid;italic
Diploschistes caesioplumbeus;diploschistesic acid, lecanoric acid, orsellinic acid;lias
Diploschistes candidissimus;lecanoric acid, orsellinic acid;italic
Diploschistes candidissimus;lecanoric acid;lias
Diploschistes cinereocaesius;diploschistesic acid, lecanoric acid, orsellinic acid;lias
Diploschistes conceptionis;gyrophoric acid, lecanoric acid;lias
Diploschistes diacapsis;diploschistesic acid, lecanoric acid, orsellinic acid;lias
Diploschistes diploschistoides;diploschistesic acid, gyrophoric acid, lecanoric acid, orsellinic acid;lias
Diploschistes elixii;diploschistesic acid, lecanoric acid;lias
Diploschistes gypsaceus;lecanoric acid;italic
Diploschistes gypsaceus;lecanoric acid;lias
Diploschistes hensseniae;diploschistesic acid, lecanoric acid, orsellinic acid;lias
Diploschistes hypoleucus;gyrophoric acid, lecanoric acid, orsellinic acid;lias
Diploschistes isabellinus;lecanoric acid;lias
Diploschistes megalosporus;diploschistesic acid, lecanoric acid;lias
Diploschistes muscorum;orsellinic acid;italic
Diploschistes muscorum;diploschistesic acid, lecanoric acid, orsellinic acid;lias
Diploschistes muscorum;diploschistesic acid, lecanoric acid, orsellinic acid;lias
Diploschistes ocellatus;connorstictic acid, cryptostictic acid, norstictic acid, stictic acid;lias
Diploschistes rampoddensis;lecanoric acid;lias
Diploschistes scruposus;diploschistesic acid, lecanoric acid, orsellinic acid;italic
Diploschistes scruposus;diploschistesic acid, lecanoric acid, orsellinic acid;lias
Diploschistes sticticus;gyrophoric acid, lecanoric acid, orsellinic acid;lias
Diploschistes thunbergianus;diploschistesic acid, lecanoric acid, orsellinic acid;lias
Dirina catalinariae;erythrin, lecanoric acid;lias
Dirina ceratoniae;lecanoric acid;italic
Dirina cretacea;lecanoric acid;italic
Dirina fallax;lecanoric acid;italic
Dirina massiliensis;lecanoric acid;italic
Dirina massiliensis;lecanoric acid;italic
Dirina massiliensis;lecanoric acid;italic
Dirina massiliensis;erythrin, lecanoric acid, unknown/unidentified compound(s);lias
Dirina mexicana;erythrin, lecanoric acid, orsellinic acid;lias
Dirina paradoxa;erythrin, lecanoric acid;lias
Dirina stenhammarii;erythrin, lecanoric acid;lias
Dirinaria aegialita;3β-acetoxyhopane-1β,22-diol, atranorin, chloroatranorin, divaricatic acid, unknown/unidentified (tri-)terpenoid(s), (tri-)terpene(s);lias
Dirinaria applanata;3β-acetoxyhopane-1β,22-diol, atranorin, chloroatranorin, divaricatic acid, unknown/unidentified (tri-)terpenoid(s), (tri-)terpene(s);lias
Dirinaria batavica;3β-acetoxyhopane-1β,22-diol, atranorin, chloroatranorin, divaricatic acid, skyrin (rhodophyscin), unknown/unidentified (tri-)terpenoid(s), (tri-)terpene(s);lias
Dirinaria complicata;3β-acetoxyhopane-1β,22-diol, atranorin, chloroatranorin, divaricatic acid, unknown/unidentified (tri-)terpenoid(s), (tri-)terpene(s);lias
Dirinaria confluens;3β-acetoxyhopane-1β,22-diol, atranorin, chloroatranorin, divaricatic acid, unknown/unidentified (tri-)terpenoid(s), (tri-)terpene(s);lias
Dirinaria confusa;atranorin, ramalinolic acid, sekikaic acid, unknown/unidentified (tri-)terpenoid(s), (tri-)terpene(s);lias
Dirinaria consimilis;3β-acetoxyhopane-1β,22-diol, 4'-o-demethylsekikaic acid, atranorin, chloroatranorin, homosekikaic acid, sekikaic acid, unknown/unidentified (tri-)terpenoid(s), (tri-)terpene(s);lias
Dirinaria flava;3β-acetoxyhopane-1β,22-diol, 4,5-dichloronorlichexanthone, arthothelin, atranorin, chloroatranorin, divaricatic acid, unknown/unidentified (tri-)terpenoid(s), (tri-)terpene(s);lias
Dirinaria frostii;atranorin, divaricatic acid, unknown/unidentified (tri-)terpenoid(s), (tri-)terpene(s);lias
Dirinaria melanoclina;3β-acetoxyhopane-1β,22-diol, atranorin, chloroatranorin, divaricatic acid, unknown/unidentified (tri-)terpenoid(s), (tri-)terpene(s);lias
Dirinaria minuta;3β-acetoxyhopane-1β,22-diol, 4'-o-demethylsekikaic acid, atranorin, chloroatranorin, homosekikaic acid, sekikaic acid, unknown/unidentified (tri-)terpenoid(s), (tri-)terpene(s);lias
Dirinaria neotropica;atranorin, divaricatic acid, unknown/unidentified (tri-)terpenoid(s), (tri-)terpene(s);lias
Dirinaria picta;3β-acetoxyhopane-1β,22-diol, atranorin, chloroatranorin, divaricatic acid, unknown/unidentified (tri-)terpenoid(s), (tri-)terpene(s);lias
Dirinaria purpurascens;3β-acetoxyhopane-1β,22-diol, atranorin, chloroatranorin, divaricatic acid, unknown/unidentified (tri-)terpenoid(s), (tri-)terpene(s);lias
Dirinaria sekikaica;3β-acetoxyhopane-1β,22-diol, 4'-o-demethylsekikaic acid, atranorin, chloroatranorin, sekikaic acid, unknown/unidentified (tri-)terpenoid(s), (tri-)terpene(s);lias
Dirinaria subconfluens;3β-acetoxyhopane-1β,22-diol, atranorin, chloroatranorin, divaricatic acid, unknown/unidentified (tri-)terpenoid(s), (tri-)terpene(s);lias
Dyplolabia oryzoides;lecanoric acid;lias
Echidnocymbium speciosum;atranorin, chloroatranorin, stictic acid, unknown/unidentified (tri-)terpenoid(s), (tri-)terpene(s);lias
Echinoplaca pernambucensis;gyrophoric acid;lias
Edrudia constipans;parietin;lias
Endohyalina ericina;atranorin;italic
Endohyalina ericina;atranorin, diploicin, fulgidin, isofulgidin, unknown/unidentified compound(s);lias
Endohyalina ericina;atranorin, diploicin;lias
Endohyalina interjecta;atranorin;italic
Enterographa anguinella;psoromic acid;lias
Enterographa angustissima;psoromic acid;lias
Enterographa bella;2'-o-demethylpsoromic acid, psoromic acid, unknown/unidentified compound(s);lias
Enterographa bengalensis;psoromic acid;lias
Enterographa byssoidea;psoromic acid;lias
Enterographa crassa;confluentic acid;lias
Enterographa diederichiana;roccellic acid, unknown/unidentified compound(s);lias
Enterographa elaborata;0-demethylpsoromic acid;italic
Enterographa elaborata;2'-o-demethylpsoromic acid, psoromic acid;lias
Enterographa falcata;psoromic acid;lias
Enterographa foliicola;psoromic acid;lias
Enterographa hutchinsiae;confluentic acid;italic
Enterographa hutchinsiae;confluentic acid;lias
Enterographa inthanonensis;norstictic acid;lias
Enterographa mesomela;confluentic acid, norstictic acid;lias
Enterographa oregonensis;gyrophoric acid;lias
Enterographa perez-higaredae;psoromic acid;lias
Enterographa sorediata;protocetraric acid;lias
Enterographa zonata;2'-o-methylmicrophyllinic acid, 2'-o-methylperlatolic acid, confluentic acid;lias
Epilichen scabrosus;pulvinic acid;lias
Eremastrella crystallifera;unknown/unidentified compound(s);lias
Eremastrella montana;norstictic acid, unknown/unidentified compound(s);lias
Erichansenia epithallina;emodin, parietin;italic
Erioderma borneense;argopsin, norargopsin, vicanicin;lias
Erioderma glabrum;vicanicin;lias
Erioderma granulosum;dechloropannarin, norargopsin, pannarin;lias
Erioderma laminisorediatum;argopsin, norargopsin;lias
Erioderma leylandii;argopsin, nordechloropannarin, norpannarin, pannarin, unknown/unidentified compound(s);lias
Erioderma leylandii;pannarin;lias
Erioderma marcellii;dechloropannarin, norargopsin, pannarin;lias
Erioderma meiocarpum;argopsin, eriodermin, norargopsin;lias
Erioderma mollissimum;atranorin, wrightiin;lias
Erioderma nilsonii;eriodermin;lias
Erioderma rigidum;argopsin;lias
Erioderma sorediatum;eriodermin;lias
Erioderma tomentosum;norvicanicin, vicanicin;lias
Eschatogonia angustiloba;homosekikaic acid, sekikaic acid, unknown/unidentified (tri-)terpenoid(s), (tri-)terpene(s), unknown/unidentified compound(s), zeorin (hopane-6α,22-diol);lias
Eschatogonia dissecta;homosekikaic acid, hyperhomosekikaic acid;lias
Eschatogonia marivelensis;bourgeanic acid;lias
Eschatogonia prolifera;didymic acid, homosekikaic acid, sekikaic acid, unknown/unidentified compound(s), zeorin (hopane-6α,22-diol);lias
Esslingeriana idahoensis;atranorin, chloroatranorin, endocrocin, unknown/unidentified fatty acid(s);lias
Eugeniella leucocheila;unknown/unidentified compound(s);lias
Eugeniella ortizii;unknown/unidentified compound(s);lias
Eugeniella psychotriae;unknown/unidentified compound(s);lias
Evernia divaricata;usnic;italic
Evernia divaricata;divaricatic acid, usnic acid;lias
Evernia illyrica;atranorin;italic
Evernia illyrica;atranorin, divaricatic acid;lias
Evernia mesomorpha;usnic;italic
Evernia mesomorpha;divaricatic acid, usnic acid;lias
Evernia prunastri;atranorin, chloroatranorin, usnic;italic
Evernia prunastri;atranorin, chloroatranorin, evernic acid, usnic acid, vulpinic acid;lias
Everniastrum africanum;alectoronic acid, atranorin, chloroatranorin, echinocarpic acid;lias
Everniastrum alectorialicum;alectorialic acid, atranorin, chloroatranorin, galbinic acid, protolichesterinic acid, salazinic acid;lias
Everniastrum americanum;atranorin, chloroatranorin, protolichesterinic acid;lias
Everniastrum angolense;atranorin, chloroatranorin, consalazinic acid, salazinic acid;lias
Everniastrum arsenei;atranorin, chloroatranorin, gyrophoric acid, protocetraric acid, protolichesterinic acid, virensic acid;lias
Everniastrum billingsii;atranorin, chloroatranorin, consalazinic acid, protocetraric acid, protolichesterinic acid, salazinic acid;lias
Everniastrum catawbiense;atranorin, chloroatranorin, gyrophoric acid, protolichesterinic acid;lias
Everniastrum cirrhatum;atranorin, chloroatranorin, consalazinic acid, galbinic acid, protocetraric acid, protolichesterinic acid, salazinic acid;lias
Everniastrum constictovexans;atranorin, constictic acid, protolichesterinic acid;lias
Everniastrum diffractaicum;atranorin, diffractaic acid, galbinic acid, salazinic acid;lias
Everniastrum limaeforme;atranorin, chloroatranorin, protolichesterinic acid;lias
Everniastrum lipidiferum;atranorin, chloroatranorin, protolichesterinic acid, secalonic acid a;lias
Everniastrum mexicanum;atranorin, protocetraric acid;lias
Everniastrum neocirrhatum;atranorin, chloroatranorin, consalazinic acid, norstictic acid, salazinic acid, unknown/unidentified fatty acid(s);lias
Everniastrum peruvianum;atranorin, constictic acid;lias
Everniastrum pindarensis;atranorin, chloroatranorin, gyrophoric acid, protolichesterinic acid, unknown/unidentified fatty acid(s);lias
Everniastrum pseudonepalense;atranorin, chloroatranorin, consalazinic acid, norstictic acid, salazinic acid, unknown/unidentified fatty acid(s);lias
Everniastrum scabridum;atranorin, chloroatranorin, conprotocetraric acid, lichesterinic acid, protocetraric acid, protolichesterinic acid, virensic acid;lias
Everniastrum sorocheilum;atranorin, chloroatranorin, consalazinic acid, galbinic acid, protolichesterinic acid, salazinic acid;lias
Everniastrum subnepalense;atranorin, fumarprotocetraric acid;lias
Everniastrum vexans;atranorin, chloroatranorin, consalazinic acid, galbinic acid, methyl 3'-methyllecanorate, protocetraric acid, salazinic acid, unknown/unidentified fatty acid(s);lias
Evicentia chrysocardia;rhizocarpic acid;lias
Feigeana socotrana;lecanoric acid, orsellinic acid;lias
Fellhanera aurantiaca;stictic acid;lias
Fellhanera badimioides;usnic acid, zeorin (hopane-6α,22-diol);lias
Fellhanera bouteillei;usnic;italic
Fellhanera bouteillei;4,5,7-trichloronorlichexanthone (asemone), isousnic acid, usnic acid, zeorin (hopane-6α,22-diol);lias
Fellhanera gyrophorica;gyrophoric acid;lias
Fellhanera lisowskii;isousnic acid, usnic acid, zeorin (hopane-6α,22-diol);lias
Fellhanera nashii;atranorin, divaricatic acid;lias
Fellhanera ochracea;unknown/unidentified pigment(s);lias
Fellhanera rubrolecanorina;isousnic acid, usnic acid, zeorin (hopane-6α,22-diol);lias
Fellhanera santessonii;unknown/unidentified compound(s);lias
Fellhanera stanhopeae;isousnic acid, usnic acid, zeorin (hopane-6α,22-diol);lias
Fellhanera sublecanorina;isousnic acid, usnic acid, zeorin (hopane-6α,22-diol);lias
Fellhanera submicrommata;isousnic acid, usnic acid, zeorin (hopane-6α,22-diol);lias
Fellhanera substanhopeae;isousnic acid, usnic acid, zeorin (hopane-6α,22-diol);lias
Fellhanera tropica;4,5-dichloro-6-o-methylnorlichexanthone, 4,5-dichlorolichexanthone (coronatone), unknown/unidentified compound(s), zeorin (hopane-6α,22-diol);lias
Fellhanera viridisorediata;roccellic acid;lias
Fibrillithecis confusa;2'-o-demethylpsoromic acid, psoromic acid, subpsoromic acid;lias
Fibrillithecis halei;2'-o-demethylpsoromic acid, psoromic acid, unknown/unidentified compound(s);lias
Fibrillithecis insignis;2'-o-demethylpsoromic acid, psoromic acid, subpsoromic acid;lias
Fibrillithecis sprucei;psoromic acid;lias
Fibrillithecis vernicosa;2'-o-demethylpsoromic acid, psoromic acid, subpsoromic acid;lias
Fissurina albocinerea;psoromic acid;lias
Fissurina columbina;psoromic acid, unknown/unidentified fatty acid(s);lias
Fissurina confusa;2'-o-demethylpsoromic acid, psoromic acid, subpsoromic acid;lias
Fissurina dumastii;unknown/unidentified compound(s);lias
Fissurina dumastioides;stictic acid;lias
Fissurina dumastioides;salazinic acid;lias
Fissurina elixii;2-methoxypsoromic acid, 2’-o-demethyl-2-methoxypsoromic acid, psoromic acid;lias
Fissurina globulifica;psoromic acid;lias
Fissurina inquinata;stictic acid;lias
Fissurina inspersa;constictic acid, stictic acid;lias
Fissurina karnatakensis;fumarprotocetraric acid, protocetraric acid;lias
Fissurina khasiana;constictic acid, stictic acid;lias
Fissurina quadrispora;conpsoromic acid, psoromic acid;lias
Fissurina saxicola;stictic acid;lias
Fissurina triticea;stictic acid;lias
Fissurina verrucosa;fumarprotocetraric acid, protocetraric acid;lias
Flavobathelium epiphyllum;unknown/unidentified pigment(s);lias
Flavocetraria cucullata;lichesterinic acid, protolichesterinic acid, unknown/unidentified anthraquinone(s), usnic acid;lias
Flavocetraria nivalis;usnic acid;lias
Flavoparmelia amplexa;atranorin, protocetraric acid, usnic acid;lias
Flavoparmelia baltimorensis;atranorin, gyrophoric acid, protocetraric acid, usnic acid;lias
Flavoparmelia callichroa;lichesterinic acid, protocetraric acid, unknown/unidentified fatty acid(s), usnic acid;lias
Flavoparmelia callichroa;protocetraric acid, usnic acid;lias
Flavoparmelia caperata;usnic;italic
Flavoparmelia caperata;atranorin, caperatic acid, protocetraric acid, skyrin (rhodophyscin), usnic acid;lias
Flavoparmelia caperatula;conprotocetraric acid, convirensic acid, physodalic acid, protocetraric acid, subvirensic acid, usnic acid, virensic acid;lias
Flavoparmelia diffractaica;4-o-demethylbarbatic acid, atranorin, baeomycesic acid, barbatic acid, caperatic acid, diffractaic acid, obtusatic acid, unknown/unidentified compound(s), virensic acid;lias
Flavoparmelia ecuadoriensis;alectorialic acid, conprotocetraric acid, convirensic acid, protocetraric acid, usnic acid, virensic acid;lias
Flavoparmelia euplecta;atranorin, coneuplectin, euplectin, protocetraric acid, skyrin (rhodophyscin), usnic acid;lias
Flavoparmelia exornata;fumarprotocetraric acid, malonprotocetraric acid, protocetraric acid, usnic acid, virensic acid;lias
Flavoparmelia ferax;conphysodalic acid, physodalic acid, protocetraric acid, usnic acid;lias
Flavoparmelia gerlachei;atranorin, physodalic acid, protocetraric acid, usnic acid;lias
Flavoparmelia glomelliferica;glomelliferic acid, perlatolic acid, usnic acid;lias
Flavoparmelia haysomii;caperatic acid, gyrophoric acid, protocetraric acid, skyrin (rhodophyscin), usnic acid;lias
Flavoparmelia haywardiana;atranorin, caperatic acid, protocetraric acid, skyrin (rhodophyscin), subvirensic acid, usnic acid, virensic acid;lias
Flavoparmelia helmsii;4-o-demethylbarbatic acid, atranorin, barbatic acid, caperatic acid, usnic acid;lias
Flavoparmelia kantvilasii;atranorin, protocetraric acid, subvirensic acid, usnic acid, virensic acid;lias
Flavoparmelia leucoxantha;atranorin, protocetraric acid, usnic acid;lias
Flavoparmelia marchantii;conprotocetraric acid, convirensic acid, physodalic acid, protocetraric acid, subvirensic acid, usnic acid, virensic acid;lias
Flavoparmelia neuquensis;4-o-demethylbarbatic acid, barbatic acid, diffractaic acid, usnic acid;lias
Flavoparmelia norfolkensis;atranorin, coneuplectin, euplectin, gyrophoric acid, protocetraric acid, skyrin (rhodophyscin), usnic acid, virensic acid;lias
Flavoparmelia pachydactyla;protocetraric acid, usnic acid;lias
Flavoparmelia papillosa;fumarprotocetraric acid, lobaric acid, malonprotocetraric acid, protocetraric acid, usnic acid;lias
Flavoparmelia proeuplecta;atranorin, caperatic acid, coneuplectin, euplectin, protocetraric acid, skyrin (rhodophyscin), usnic acid, virensic acid;lias
Flavoparmelia pseudosorediosa;atranorin, caperatic acid, coneuplectin, euplectin, protocetraric acid, skyrin (rhodophyscin), usnic acid;lias
Flavoparmelia quichuaensis;atranorin, colensoic acid, lobaric acid, stenosporic acid, usnic acid;lias
Flavoparmelia rutidota;atranorin, caperatic acid, lichesterinic acid, protocetraric acid, secalonic acid a, usnic acid;lias
Flavoparmelia salazinica;consalazinic acid, galbinic acid, norstictic acid, protocetraric acid, salazinic acid, secalonic acid a, usnic acid;lias
Flavoparmelia scabrosina;atranorin, caperatic acid, scabrosin 4,4'-diacetate, scabrosin(s) – unspecified, usnic acid;lias
Flavoparmelia secalonica;secalonic acid a, secalonic acid c, unknown/unidentified fatty acid(s), usnic acid;lias
Flavoparmelia soredians;usnic;italic
Flavoparmelia soredians;atranorin, consalazinic acid, galbinic acid, protocetraric acid, salazinic acid, secalonic acid a, usnic acid;lias
Flavoparmelia springtonensis;atranorin, caperatic acid, conphysodalic acid, physodalic acid, protocetraric acid, usnic acid;lias
Flavoparmelia subambigua;atranorin, lecanoric acid, usnic acid;lias
Flavoparmelia subamplexa;protocetraric acid, usnic acid;lias
Flavoparmelia subcapitata;atranorin, caperatic acid, protocetraric acid, subvirensic acid, usnic acid, virensic acid;lias
Flavoparmelia succinprotocetrarica;atranorin, caperatic acid, coneuplectin, euplectin, fumarprotocetraric acid, protocetraric acid, succinprotocetraric acid, usnic acid, virensic acid;lias
Flavoparmelia virensica;conprotocetraric acid, convirensic acid, physodalic acid, protocetraric acid, subvirensic acid, usnic acid, virensic acid;lias
Flavoplaca arcis;emodin, fallacinal, parietin, teloschistin;italic
Flavoplaca austrocitrina;emodin, fallacinal, parietin, teloschistin;italic
Flavoplaca calcitrapa;emodin, fallacinal, parietin, teloschistin;italic
Flavoplaca citrina;emodin, fallacinal, parietin, teloschistin;italic
Flavoplaca communis;emodin, fallacinal, parietin, teloschistin;italic
Flavoplaca confusa;emodin, fallacinal, parietin, teloschistin;italic
Flavoplaca coronata;emodin, fallacinal, parietin, teloschistin;italic
Flavoplaca dichroa;emodin, fallacinal, parietin, teloschistin;italic
Flavoplaca flavocitrina;emodin, fallacinal, parietin, teloschistin;italic
Flavoplaca granulosa;emodin, fallacinal, parietin, teloschistin;italic
Flavoplaca limonia;emodin, fallacinal, parietin, teloschistin;italic
Flavoplaca marina;emodin, fallacinal, parietin, teloschistin;italic
Flavoplaca microthallina;emodin, fallacinal, parietin, teloschistin;italic
Flavoplaca navasiana;emodin, fallacinal, parietin, teloschistin;italic
Flavoplaca oasis;emodin, fallacinal, parietin, teloschistin;italic
Flavoplaca oasis;emodin, fallacinal, parietin, teloschistin;italic
Flavoplaca ora;emodin, fallacinal, parietin, teloschistin;italic
Flavoplaca polycarpa;emodin, fallacinal, parietin, teloschistin;italic
Flavoplaca tavaresiana;emodin, fallacinal, parietin, teloschistin;italic
Flavopunctelia borrerioides;usnic acid;lias
Flavopunctelia darrowii;5-chlorolecanoric acid, lecanoric acid, orsellinic acid, usnic acid;lias
Flavopunctelia flaventior;atranorin, usnic;italic
Flavopunctelia flaventior;5-chlorolecanoric acid, lecanoric acid, orsellinic acid, usnic acid;lias
Flavopunctelia lobulata;lecanoric acid, orsellinic acid, usnic acid;lias
Flavopunctelia praesignis;5-chlorolecanoric acid, lecanoric acid, orsellinic acid, usnic acid;lias
Flavopunctelia soredica;usnic;italic
Flavopunctelia soredica;5-chlorolecanoric acid, lecanoric acid, orsellinic acid, usnic acid;lias
Frutidella furfuracea;isosphaeric acid;italic
Fulgensia australis;parietin, unknown/unidentified compound(s);lias
Fulgensia bracteata;parietin;lias
Fulgensia bracteata;parietin, unknown/unidentified compound(s);lias
Fulgensia canariensis;caloploicin, emodin, fragilin, parietin;lias
Fulgensia desertorum;parietin;lias
Fulgensia fulgens;parietin, unknown/unidentified compound(s);lias
Fulgensia poeltii;unknown/unidentified anthraquinone(s);lias
Fulgensia pruinosa;unknown/unidentified anthraquinone(s);lias
Fulgensia schistidii;parietin, unknown/unidentified compound(s);lias
Fulgensia subbracteata;parietin, unknown/unidentified compound(s);lias
Fuscidea aleutica;divaricatic acid;lias
Fuscidea appalachensis;divaricatic acid;lias
Fuscidea arboricola;fumarprotocetraric acid, protocetraric acid;italic
Fuscidea arboricola;fumarprotocetraric acid, protocetraric acid;lias
Fuscidea austera;divaricatic acid;lias
Fuscidea australis;confumarprotocetraric acid, fumarprotocetraric acid, protocetraric acid, succinprotocetraric acid;lias
Fuscidea australis;fumarprotocetraric acid;lias
Fuscidea cyathoides;fumarprotocetraric acid, protocetraric acid;italic
Fuscidea cyathoides;fumarprotocetraric acid;lias
Fuscidea elixii;5,7-dihydroxy-6-methylphthalide, alectorialic acid, barbatolic acid, haematommic acid, hypoalectorialic acid, subalectorialic acid;lias
Fuscidea gothoburgensis;divaricatic acid;italic
Fuscidea gothoburgensis;divaricatic acid;lias
Fuscidea hibernica;gyrophoric acid, unknown/unidentified compound(s), unknown/unidentified fatty acid(s);lias
Fuscidea hottentotta;ramalinolic acid, sekikaic acid;lias
Fuscidea intercincta;divaricatic acid;lias
Fuscidea kochiana;divaricatic acid;italic
Fuscidea kochiana;divaricatic acid;lias
Fuscidea lightfootii;divaricatic acid;italic
Fuscidea lightfootii;divaricatic acid;lias
Fuscidea lowensis;divaricatic acid;lias
Fuscidea maccarthyi;4'-o-demethylsekikaic acid, sekikaic acid;lias
Fuscidea mayrhoferi;connorstictic acid, norstictic acid;lias
Fuscidea mollis;divaricatic acid;lias
Fuscidea oculata;divaricatic acid;lias
Fuscidea praeruptorum;alectorialic acid;lias
Fuscidea pusilla;divaricatic acid;italic
Fuscidea pusilla;divaricatic acid;lias
Fuscidea ramboldioides;divaricatic acid;lias
Fuscidea recensa;divaricatic acid nordivaricatic acid;italic
Fuscidea recensa;divaricatic acid;lias
Fuscidea recensa;divaricatic acid;lias
Fuscidea scrupulosa;alectorialic acid;lias
Fuscidea stiriaca;fumarprotocetraric acid, protocetraric acid;italic
Fuscidea subasbolodes;norstictic acid;lias
Fuscidea texana;norstictic acid;lias
Fuscidea thomssonii;divaricatic acid;lias
Fuscoderma limbatum;norvicanicin, vicanicin;lias
Fuscopannaria ahlneri;unknown/unidentified (tri-)terpenoid(s), (tri-)terpene(s), unknown/unidentified fatty acid(s);lias
Fuscopannaria alaskana;unknown/unidentified (tri-)terpenoid(s), (tri-)terpene(s), unknown/unidentified fatty acid(s);lias
Fuscopannaria aurita;unknown/unidentified (tri-)terpenoid(s), (tri-)terpene(s), unknown/unidentified fatty acid(s);lias
Fuscopannaria confusa;unknown/unidentified (tri-)terpenoid(s), (tri-)terpene(s), unknown/unidentified fatty acid(s);lias
Fuscopannaria crustacea;unknown/unidentified (tri-)terpenoid(s), (tri-)terpene(s), unknown/unidentified fatty acid(s);lias
Fuscopannaria cyanogranulata;unknown/unidentified (tri-)terpenoid(s), (tri-)terpene(s), unknown/unidentified fatty acid(s);lias
Fuscopannaria decipiens;unknown/unidentified pigment(s), ursolic acid;lias
Fuscopannaria laceratula;atranorin, unknown/unidentified (tri-)terpenoid(s), (tri-)terpene(s), unknown/unidentified fatty acid(s);lias
Fuscopannaria leprosa;unknown/unidentified (tri-)terpenoid(s), (tri-)terpene(s), unknown/unidentified fatty acid(s);lias
Fuscopannaria leucosticta;unknown/unidentified (tri-)terpenoid(s), (tri-)terpene(s), unknown/unidentified fatty acid(s);lias
Fuscopannaria leucostictoides;atranorin, unknown/unidentified (tri-)terpenoid(s), (tri-)terpene(s);lias
Fuscopannaria maritima;atranorin, unknown/unidentified (tri-)terpenoid(s), (tri-)terpene(s);lias
Fuscopannaria mediterranea;unknown/unidentified (tri-)terpenoid(s), (tri-)terpene(s), unknown/unidentified fatty acid(s);lias
Fuscopannaria obtegens;unknown/unidentified (tri-)terpenoid(s), (tri-)terpene(s), unknown/unidentified fatty acid(s);lias
Fuscopannaria pacifica;unknown/unidentified (tri-)terpenoid(s), (tri-)terpene(s), unknown/unidentified fatty acid(s);lias
Fuscopannaria praetermissa;unknown/unidentified (tri-)terpenoid(s), (tri-)terpene(s), unknown/unidentified compound(s), unknown/unidentified fatty acid(s);lias
Fuscopannaria pulveracea;atranorin, unknown/unidentified (tri-)terpenoid(s), (tri-)terpene(s);lias
Fuscopannaria ramulina;unknown/unidentified (tri-)terpenoid(s), (tri-)terpene(s), unknown/unidentified fatty acid(s);lias
Fuscopannaria sorediata;unknown/unidentified (tri-)terpenoid(s), (tri-)terpene(s), unknown/unidentified fatty acid(s);lias
Fuscopannaria subimmixta;ursolic acid;lias
Fuscopannaria thiersii;unknown/unidentified (tri-)terpenoid(s), (tri-)terpene(s), unknown/unidentified fatty acid(s);lias
Gassicurtia bellardii;lobaric acid, unknown/unidentified anthraquinone(s);lias
Gassicurtia catasema;barbatic acid, lichexanthone, obtusatic acid;lias
Gassicurtia clathrisidiata;lobaric acid, unknown/unidentified anthraquinone(s);lias
Gassicurtia marbachii;2,7-dichlorolichexanthone, atranorin, chiodectonic acid, secalonic acid x;lias
Gassicurtia nordinii;2-chlorolichexanthone, barbatic acid, chiodectonic acid;lias
Gassicurtia subpulchella;3-o-methylthiophanic acid, arthothelin, atranorin, thiophanic acid, unknown/unidentified pigment(s);lias
Glaucinaria poitaei;hypoconstictic acid, hypostictic acid, α-acetylhypoconstictic acid;lias
Glaucomaria bicincta;atranorin, chloroatranorin, roccellic acid;italic
Glaucomaria bicincta;atranorin, chloroatranorin, roccellic acid;italic
Glaucomaria bicinctoidea;atranorin, chloroatranorin, psoromic acid, thiophanic acid;italic
Glaucomaria carpinea;atranorin, chloroatranorin;italic
Glaucomaria flavescens;atranorin;italic
Glaucomaria leptyrodes;atranorin, chloroatranorin;italic
Glaucomaria lojkaeana;atranorin, roccellic acid;italic
Glaucomaria rupicola;atranorin, chloroatranorin, roccellic acid;italic
Glaucomaria rupicola;atranorin, chloroatranorin, roccellic acid;italic
Glaucomaria rupicola;atranorin, chloroatranorin, roccellic acid, thiophanic acid;italic
Glaucomaria rupicola;atranorin, chloroatranorin, roccellic acid, thiophanic acid;italic
Glaucomaria subcarpinea;0-demethylpsoromic acid, atranorin, chloroatranorin, psoromic acid;italic
Glaucomaria swartzii;atranorin;italic
Glaucomaria swartzii;atranorin;italic
Glaucomaria swartzii;atranorin, chloroatranorin, roccellic acid;italic
Glypholecia scabra;gyrophoric acid;italic
Glypholecia scabra;gyrophoric acid;lias
Glyphopeltis eburina;atranorin, unknown/unidentified (tri-)terpenoid(s), (tri-)terpene(s);lias
Gomphillus americanus;atranorin;lias
Graphidastra laii;2'-o-methylmicrophyllinic acid, confluentic acid, protocetraric acid;lias
Graphina cleistoblephara;norstictic acid;lias
Graphina laevigata;protocetraric acid;lias
Graphina palmicola;norstictic acid;lias
Graphina platyleuca;protocetraric acid;lias
Graphina polyclades;stictic acid;lias
Graphina repleta;stictic acid;lias
Graphina subtartarea;norstictic acid;lias
Graphis afzelii;lecanoric acid;lias
Graphis alboscripta;2'-o-demethylpsoromic acid, psoromic acid;lias
Graphis analoga;connorstictic acid, norstictic acid;lias
Graphis antillarum;connorstictic acid, norstictic acid;lias
Graphis apertella;connorstictic acid, norstictic acid;lias
Graphis archeri;norstictic acid;lias
Graphis breussii;norstictic acid;lias
Graphis brittoniae;norstictic acid;lias
Graphis caesiella;norstictic acid;lias
Graphis carassensis;stictic acid;lias
Graphis centrifuga;norstictic acid;lias
Graphis cerradensis;stictic acid;lias
Graphis cervina;connorstictic acid, norstictic acid, stictic acid, α-acetylconstictic acid;lias
Graphis chrysocarpa;1,3,6,8-tetrahydroxyanthraquinone;lias
Graphis cincta;norstictic acid;lias
Graphis circumfusa;norstictic acid;lias
Graphis componens;norstictic acid;lias
Graphis crassilabra;hypostictic acid, stictic acid;lias
Graphis crebra;norstictic acid;lias
Graphis crystallifera;unknown/unidentified compound(s);lias
Graphis cuiabensis;lichexanthone;lias
Graphis cycasicola;norstictic acid;lias
Graphis dealbata;hypoconstictic acid, hypostictic acid, α-acetylhypoconstictic acid;lias
Graphis dendrogramma;constictic acid, stictic acid;lias
Graphis descissa;stictic acid;lias
Graphis dussii;norstictic acid;lias
Graphis eimeoensis;norstictic acid;lias
Graphis elegans;connorstictic acid, norstictic acid;lias
Graphis elevata;norstictic acid;lias
Graphis elevativerrucosa;constictic acid, hypostictic acid, stictic acid;lias
Graphis emersa;norstictic acid;lias
Graphis filiformis;connorstictic acid, norstictic acid;lias
Graphis flavopalmicola;lichexanthone;lias
Graphis galactoderma;constictic acid, norstictic acid, stictic acid;lias
Graphis gloriosensis;stictic acid;lias
Graphis haleana;lichexanthone;lias
Graphis hinnulea;norstictic acid, stictic acid;lias
Graphis immersella;constictic acid, stictic acid;lias
Graphis insulana;norstictic acid;lias
Graphis intricata;norstictic acid;lias
Graphis isidiza;constictic acid, stictic acid;lias
Graphis knucklensis;norstictic acid;lias
Graphis leprographa;norstictic acid;lias
Graphis librata;connorstictic acid, norstictic acid;lias
Graphis lueckingii;norstictic acid;lias
Graphis maharashtrana;constictic acid, stictic acid;lias
Graphis manipurensis;norstictic acid;lias
Graphis modesta;stictic acid;lias
Graphis neoelongata;norstictic acid, stictic acid;lias
Graphis neoraensis;stictic acid;lias
Graphis panhalensis;stictic acid;lias
Graphis parilis;stictic acid;lias
Graphis parvicarpa;norstictic acid;lias
Graphis renschiana;norstictic acid;lias
Graphis sauroidea;lichexanthone;lias
Graphis saxicola;norstictic acid;lias
Graphis saxorum;connorstictic acid, norstictic acid;lias
Graphis semiaperta;norstictic acid;lias
Graphis srilankensis;norstictic acid;lias
Graphis subamylacea;stictic acid;lias
Graphis subducta;constictic acid, stictic acid;lias
Graphis subserpentina;connorstictic acid, norstictic acid;lias
Graphis sundarbanensis;constictic acid, hypostictic acid, stictic acid;lias
Graphis supracola;protocetraric acid;lias
Graphis tenellula;norstictic acid;lias
Graphis tetralocularis;atranorin;lias
Graphis vermifera;stictic acid;lias
Graphis vinosa;norstictic acid;lias
Gyalolechia aurea;emodin, fragilin, parietin;italic
Gyalolechia bracteata;emodin, fragilin, parietin;italic
Gyalolechia canariensis;emodin, fragilin, parietin;italic
Gyalolechia delphinensis;emodin, fragilin, parietin;italic
Gyalolechia desertorum;emodin, fragilin, parietin;italic
Gyalolechia epiphyta;emodin, fragilin, parietin;italic
Gyalolechia flavorubescens;emodin, fragilin, parietin;italic
Gyalolechia flavorubescens;emodin, fragilin, parietin;italic
Gyalolechia flavovirescens;emodin, fragilin, parietin;italic
Gyalolechia fruticum;emodin, fragilin, parietin;italic
Gyalolechia fulgens;emodin, fragilin, parietin;italic
Gyalolechia fulgida;emodin, fragilin, parietin;italic
Gyalolechia klementii;emodin, fragilin, parietin;italic
Gyalolechia luteococcinea;emodin, fallacinal, fragilin, parietin;italic
Gyalolechia marmorata;emodin, fallacinal, fragilin, parietin;italic
Gyalolechia poeltii;emodin, fragilin, parietin;italic
Gyalolechia pruinosa;emodin, fragilin, parietin;italic
Gyalolechia subbracteata;emodin, fragilin, parietin;italic
Gymnoderma coccocarpum;unknown/unidentified compound(s);lias
Gymnoderma insulare;atranorin, didymic acid;lias
Gymnoderma lineare;atranorin, lichesterinic acid;lias
Gymnographa heterospora;conpsoromic acid, psoromic acid;lias
Gymnographopsis chilena;unknown/unidentified compound(s);lias
Gypsoplaca macrophylla;unknown/unidentified (tri-)terpenoid(s), (tri-)terpene(s);lias
Gyrographa gyrocarpa;gyrophoric acid, schizopeltic acid;italic
Gyrotrema papillatum;unknown/unidentified anthraquinone(s);lias
Gyrotrema sinuosum;4-o-demethylnotatic acid, hypoprotocetraric acid, unknown/unidentified pigment(s);lias
Gyrotrema wirthii;unknown/unidentified anthraquinone(s);lias
Haematomma accolens;atranorin, haematommone, placodiolic acid;lias
Haematomma africanum;atranorin, haematommone, placodiolic acid;lias
Haematomma alpinum;atranorin, placodiolic acid, unknown/unidentified pigment(s);lias
Haematomma babingtonii;atranorin, pseudoplacodiolic acid, unknown/unidentified pigment(s);lias
Haematomma caesium;perlatolic acid, unknown/unidentified fatty acid(s);lias
Haematomma collatum;atranorin, isosphaeric acid, russulone, sphaerophorin;lias
Haematomma dolichosporum;atranorin, placodiolic acid;lias
Haematomma eremaeum;atranorin, placodiolic acid, russulone;lias
Haematomma eremaeum;atranorin, isosphaeric acid, psoromic acid, sphaerophorin;lias
Haematomma erythromma;atranorin, placodiolic acid, stictic acid, unknown/unidentified xanthone(s);lias
Haematomma flexuosum;atranorin, haematommone, isoplacodiolic acid, isopseudoplacodiolic acid;lias
Haematomma fluorescens;lichexanthone, russulone;lias
Haematomma hilare;atranorin, pseudoplacodiolic acid, unknown/unidentified compound(s);lias
Haematomma infuscum;atranorin, placodiolic acid, psoromic acid, russulone;lias
Haematomma leprarioides;atranorin;lias
Haematomma nemetzii;atranorin;italic
Haematomma nicoyense;atranorin, russulone, sphaerophorin;lias
Haematomma nothofagi;atranorin, placodiolic acid, russulone;lias
Haematomma ochroleucum;atranorin, usnic, zeorin;italic
Haematomma ochroleucum;atranorin, zeorin;italic
Haematomma ochroleucum;atranorin, porphyrilic acid, zeorin (hopane-6α,22-diol);lias
Haematomma parda;atranorin, unknown/unidentified compound(s);lias
Haematomma perssonii;atranorin, isosphaeric acid, russulone, sphaerophorin;lias
Haematomma rufidulum;atranorin, placodiolic acid, russulone;lias
Haematomma sorediatum;atranorin;italic
Haematomma sorediatum;atranorin, haematommone, placodiolic acid, unknown/unidentified pigment(s);lias
Haematomma staigeriae;atranorin, lichexanthone, russulone, unknown/unidentified compound(s);lias
Haematomma stevensiae;atranorin, isosphaeric acid, russulone, sphaerophorin;lias
Hafellia alisioae;norstictic acid, unknown/unidentified pigment(s);lias
Hafellia bahiana;connorstictic acid, norstictic acid;lias
Hafellia bahiana;norstictic acid;lias
Hafellia bispora;atranorin, diploicin;lias
Hafellia demutans;atranorin, diploicin, fulgidin, isofulgidin;lias
Hafellia fosteri;atranorin, diploicin;lias
Hafellia gomerana;norstictic acid, unknown/unidentified pigment(s);lias
Hafellia leptoclinoides;atranorin, placodiolic acid;lias
Hafellia microspora;brialmontin 1, brialmontin 2;lias
Hafellia pleiotera;connorstictic acid, norstictic acid;lias
Hafellia rechingeri;connorstictic acid, norstictic acid;lias
Halecania australis;unknown/unidentified (tri-)terpenoid(s), (tri-)terpene(s);lias
Halecania giraltiae;argopsin;italic
Halecania giraltiae;argopsin, norargopsin;lias
Halecania lobulata;atranorin, confluentic acid, cryptostictic acid, isousnic acid, stictic acid;lias
Halecania micacea;argopsin;lias
Halecania pannarica;pannarin;italic
Halecania pepegospora;argopsin, norargopsin;lias
Halecania ralfsii;argopsin, zeorin (hopane-6α,22-diol);lias
Halecania viridescens;argopsin;lias
Halecaniella viridescens;argopsin;italic
Halegrapha kenyana;constictic acid, stictic acid;lias
Heiomasia pallescens;norstictic acid, salazinic acid;lias
Heiomasia seaveyorum;4-o-demethylnotatic acid, 5-hydroxy-4-o-demethylnotatic acid (= 2-hydroxy-nornotatic acid);lias
Heiomasia sipmanii;hypoprotocetraric acid, protocetraric acid;lias
Hemithecium chapadanum;constictic acid, hypoconstictic acid, stictic acid;lias
Hemithecium epixanthum;constictic acid, stictic acid;lias
Hemithecium isidiatum;salazinic acid;lias
Hemithecium microspermum;constictic acid, hyposalazinic acid, norstictic acid, stictic acid;lias
Hemithecium oryzaeforme;norstictic acid;lias
Hemithecium rimulosum;lichexanthone;lias
Hemithecium salacinilabiatum;stictic acid;lias
Herpothallon adnatum;2'-o-methylmicrophyllinic acid, 2'-o-methylperlatolic acid, confluentic acid, psoromic acid;lias
Herpothallon albidum;2'-o-demethylpsoromic acid, pigmentosin d, psoromic acid, subpsoromic acid;lias
Herpothallon antillarum;norstictic acid, protocetraric acid, salazinic acid;lias
Herpothallon aurantiacoflavum;2'-o-methylmicrophyllinic acid, chiodectonic acid, confluentic acid, rugulosin;lias
Herpothallon australasicum;2'-o-demethylpsoromic acid, psoromic acid, subpsoromic acid, unknown/unidentified compound(s);lias
Herpothallon biacidum;gyrophoric acid, norstictic acid;lias
Herpothallon brialmonticum;brialmontic acid, confluentic acid, dimethyl brialmontic acid, methyl brialmontic acid;lias
Herpothallon cinereum;2'-o-methylmicrophyllinic acid, 2'-o-methylperlatolic acid, confluentic acid;lias
Herpothallon confluenticum;confluentic acid;lias
Herpothallon confusum;2'-o-methylevernic acid, chiodectonic acid, confluentic acid, evernic acid;lias
Herpothallon corallinum;2'-o-methylmicrophyllinic acid, atranorin, chiodectonic acid, confluentic acid, perlatolic acid, rugulosin;lias
Herpothallon coralloides;confluentic acid, norstictic acid;lias
Herpothallon echinatum;2'-o-demethylpsoromic acid, psoromic acid;lias
Herpothallon elegans;3-o-methylconsalazinic acid, constictic acid, lichexanthone, norperistictic acid, salazinic acid, stictic acid, substictic acid;lias
Herpothallon fertile;gyrophoric acid, lecanoric acid, unknown/unidentified pigment(s);lias
Herpothallon flavominutum;lichexanthone, norlichexanthone, psoromic acid;lias
Herpothallon furfuraceum;2'-o-methylmicrophyllinic acid, chiodectonic acid, confluentic acid, rhodocladonic acid, unknown/unidentified compound(s);lias
Herpothallon globosum;2'-o-demethylpsoromic acid, chiodectonic acid, psoromic acid, subpsoromic acid;lias
Herpothallon globuliferum;perlatolic acid;lias
Herpothallon granulare;perlatolic acid;lias
Herpothallon granulosum;barbatic acid;lias
Herpothallon himalayanum;gyrophoric acid, lecanoric acid, unknown/unidentified pigment(s);lias
Herpothallon hypoprotocetraricum;4-o-demethylnotatic acid, atranorin, chiodectonic acid, conhypoprotocetraric acid, convirensic acid, hypoprotocetraric acid;lias
Herpothallon inopinatum;chiodectonic acid, confluentic acid;lias
Herpothallon isidiatum;constictic acid, hypostictic acid, norstictic acid, stictic acid;lias
Herpothallon lutescens;unknown/unidentified compound(s);lias
Herpothallon minimum;2'-o-methylperlatolic acid;lias
Herpothallon minutum;gyrophoric acid;lias
Herpothallon mycelioides;aspicilin, connorstictic acid, norstictic acid;lias
Herpothallon nigroisidiatum;chiodectonic acid, confluentic acid;lias
Herpothallon philippinum;confluentic acid, gyrophoric acid, lecanoric acid;lias
Herpothallon pustulatum;2'-o-methylmicrophyllinic acid, atranorin, chiodectonic acid, chloroatranorin, confluentic acid, lobaric acid, methyl 2'-o-methylmicrophyllinate, rhodocladonic acid, salazinic acid, unknown/unidentified compound(s);lias
Herpothallon queenslandicum;confluentic acid, constipatic acid, dehydroconstipatic acid, gyrophoric acid, lecanoric acid, protoconstipatic acid;lias
Herpothallon roseocinctum;2'-o-methylmicrophyllinic acid, 2'-o-methylperlatolic acid, atranorin, chiodectonic acid, confluentic acid;lias
Herpothallon rubrocinctoides;2-o-methyllecanoric acid, gyrophoric acid, methyl ovoate, o-methylvioxanthin, ovoic acid;lias
Herpothallon rubroechinatum;2'-o-demethylpsoromic acid, atranorin, psoromic acid, subpsoromic acid;lias
Herpothallon rubromaculatum;4-o-demethyldiffractaic acid, confluentic acid, neodiffractaic acid;lias
Herpothallon sipmanii;hypoprotocetraric acid, protocetraric acid;lias
Herpothallon sticticum;constictic acid, hypostictic acid, norstictic acid, stictic acid;lias
Herpothallon weii;psoromic acid, unknown/unidentified compound(s);lias
Herteliana australis;atranorin;lias
Herteliana taylorii;atranorin, confluentic acid, unknown/unidentified compound(s);lias
Hertelidea aspera;4-o-methylolivetoric acid, perlatolic acid;lias
Hertelidea botryosa;perlatolic acid;italic
Hertelidea eucalypti;7-o-methylnorascomatic acid, homosekikaic acid, hyperhomosekikaic acid, sekikaic acid;lias
Hertelidea geophila;4-o-methylolivetoric acid, gyrophoric acid, perlatolic acid;lias
Hertelidea pseudobotryosa;perlatolic acid;lias
Hertelidea wankaensis;constipatic acid, dehydroconstipatic acid, subdecipienic acid b;lias
Hertella subantarctica;unknown/unidentified compound(s);lias
Heterodermia albicans;atranorin, chloroatranorin, salazinic acid, unknown/unidentified (tri-)terpenoid(s), (tri-)terpene(s), zeorin (hopane-6α,22-diol);lias
Heterodermia antillarum;atranorin, salazinic acid, zeorin (hopane-6α,22-diol);lias
Heterodermia appalachensis;atranorin, chloroatranorin, leucotylin, unknown/unidentified pigment(s), zeorin (hopane-6α,22-diol);lias
Heterodermia archeri;6α,22-dihydroxyhopane-25-oic acid, 6α-acetoxy-16β,22-dihydroxyhopane-25-oic acid, 6α-acetoxy-22-hydroxyhopane-25-oic acid (aipolic acid), 6α-acetoxyhopane-16β,22-diol, atranorin, dissectic acid, leucotylin, norbaeomycesic acid, testacein, zeorin (hopane-6α,22-diol);lias
Heterodermia casarettiana;atranorin, norstictic acid, salazinic acid, unknown/unidentified pigment(s), zeorin (hopane-6α,22-diol);lias
Heterodermia chilensis;atranorin, zeorin (hopane-6α,22-diol);lias
Heterodermia ciliatomarginata;atranorin, chloroatranorin;lias
Heterodermia comosa;atranorin, chloroatranorin, unknown/unidentified pigment(s), zeorin (hopane-6α,22-diol);lias
Heterodermia crocea;atranorin, leucotylin, unknown/unidentified (tri-)terpenoid(s), (tri-)terpene(s), unknown/unidentified pigment(s), zeorin (hopane-6α,22-diol);lias
Heterodermia diademata;atranorin, leucotylin, zeorin (hopane-6α,22-diol);lias
Heterodermia echinata;atranorin, zeorin (hopane-6α,22-diol);lias
Heterodermia erecta;atranorin, leucotylin, zeorin (hopane-6α,22-diol);lias
Heterodermia erinacea;atranorin, chloroatranorin, zeorin (hopane-6α,22-diol);lias
Heterodermia flabellata;atranorin, zeorin (hopane-6α,22-diol);lias
Heterodermia galactophylla;atranorin, zeorin (hopane-6α,22-diol);lias
Heterodermia granulifera;atranorin, chloroatranorin, hyposalazinic acid, salazinic acid, zeorin (hopane-6α,22-diol);lias
Heterodermia hybocarponica;16β-acetoxyhopane-6α,22-diol, 6α-acetoxyhopane-16β,22-diol, 7-chloroemodin, atranorin, dissectic acid, hopane-6α,16β,22-triol, hybocarpone, norhybocarpone, unknown/unidentified (tri-)terpenoid(s), (tri-)terpene(s), zeorin (hopane-6α,22-diol);lias
Heterodermia hypoleuca;atranorin, chloroatranorin, leucotylin, norstictic acid, unknown/unidentified (tri-)terpenoid(s), (tri-)terpene(s), zeorin (hopane-6α,22-diol);lias
Heterodermia isidiophora;atranorin, unknown/unidentified (tri-)terpenoid(s), (tri-)terpene(s), zeorin (hopane-6α,22-diol);lias
Heterodermia japonica;atranorin, chloroatranorin, leucotylin, norstictic acid, salazinic acid, unknown/unidentified (tri-)terpenoid(s), (tri-)terpene(s), unknown/unidentified pigment(s), zeorin (hopane-6α,22-diol);lias
Heterodermia kalbii;atranorin, leucotylin, zeorin (hopane-6α,22-diol);lias
Heterodermia leucomela;atranorin, chloroatranorin, salazinic acid, unknown/unidentified (tri-)terpenoid(s), (tri-)terpene(s), zeorin (hopane-6α,22-diol);lias
Heterodermia leucomela;atranorin, chloroatranorin, salazinic acid, zeorin (hopane-6α,22-diol);lias
Heterodermia leucomela;atranorin, chloroatranorin, zeorin (hopane-6α,22-diol);lias
Heterodermia linearis;atranorin, chloroatranorin, zeorin (hopane-6α,22-diol);lias
Heterodermia lutescens;atranorin, unknown/unidentified pigment(s), zeorin (hopane-6α,22-diol);lias
Heterodermia microphylla;atranorin, unknown/unidentified (tri-)terpenoid(s), (tri-)terpene(s), zeorin (hopane-6α,22-diol);lias
Heterodermia namaquana;atranorin, chloroatranorin, zeorin (hopane-6α,22-diol);lias
Heterodermia neglecta;2-chloroemodin, atranorin, connorstictic acid, leucotylin, norstictic acid, salazinic acid, zeorin (hopane-6α,22-diol);lias
Heterodermia obscurata;atranorin, chloroatranorin, leucotylin, unknown/unidentified (tri-)terpenoid(s), (tri-)terpene(s), unknown/unidentified pigment(s), zeorin (hopane-6α,22-diol);lias
Heterodermia paradoxa;atranorin, unknown/unidentified (tri-)terpenoid(s), (tri-)terpene(s), zeorin (hopane-6α,22-diol);lias
Heterodermia podocarpa;atranorin, chloroatranorin, leucotylin, norstictic acid, salazinic acid, zeorin (hopane-6α,22-diol);lias
Heterodermia propagulifera;norstictic acid, zeorin (hopane-6α,22-diol);lias
Heterodermia pseudospeciosa;atranorin, chloroatranorin, connorstictic acid, leucotylin, norstictic acid, salazinic acid, unknown/unidentified (tri-)terpenoid(s), (tri-)terpene(s), zeorin (hopane-6α,22-diol);lias
Heterodermia queenslandica;16β-acetoxyhopane-6α,22-diol, 6α-acetoxyhopane-16β,22-diol, atranorin, connorstictic acid, consalazinic acid, consalazinolide, dissectic acid, hopane-6α,16β,22-triol, leucotylin, norstictic acid, salazinic acid, salazinolide, zeorin (hopane-6α,22-diol);lias
Heterodermia rugulosa;atranorin, chloroatranorin, leucotylin, unknown/unidentified pigment(s), zeorin (hopane-6α,22-diol);lias
Heterodermia sitchensis;atranorin, chloroatranorin, unknown/unidentified fatty acid(s), zeorin (hopane-6α,22-diol);lias
Heterodermia spathulifera;16β-acetoxyhopane-6α,22-diol, 16β-acetoxyhyopane-22-ol (spathulin), 6α-acetoxyhopane-22-ol, atranorin, chloroatranorin, leucotylin, unknown/unidentified (tri-)terpenoid(s), (tri-)terpene(s), zeorin (hopane-6α,22-diol);lias
Heterodermia speciosa;atranorin, chloroatranorin;italic
Heterodermia speciosa;atranorin, chloroatranorin, unknown/unidentified (tri-)terpenoid(s), (tri-)terpene(s), zeorin (hopane-6α,22-diol);lias
Heterodermia squamulosa;atranorin, chloroatranorin, unknown/unidentified (tri-)terpenoid(s), (tri-)terpene(s), zeorin (hopane-6α,22-diol);lias
Heterodermia subcitrina;atranorin, leucotylin, zeorin (hopane-6α,22-diol);lias
Heterodermia subneglecta;atranorin, chloroatranorin, zeorin;italic
Heterodermia subneglecta;6α,22-dihydroxyhopane-25-oic acid, 6α-acetoxy-16β,22-dihydroxyhopane-25-oic acid, 6α-acetoxyhopane-16β,22-diol, 7-chloroemodin, atranorin, dissectic acid, hybocarpone, norhybocarpone, zeorin (hopane-6α,22-diol);lias
Heterodermia tropica;atranorin, chloroatranorin, salazinic acid, zeorin (hopane-6α,22-diol);lias
Heterodermia verdonii;6α-acetoxyhopane-16β,22-diol, atranorin, dissectic acid, leucotylin, zeorin (hopane-6α,22-diol);lias
Hubbsia californica;erythrin, lecanoric acid, montagnetol, orsellinic acid, unknown/unidentified compound(s);lias
Hubbsia parishii;erythrin, lecanoric acid, montagnetol, orsellinic acid, unknown/unidentified compound(s);lias
Hyperphyscia granulata;skyrin (rhodophyscin);lias
Hyperphyscia isidiata;skyrin (rhodophyscin);lias
Hyperphyscia minor;skyrin (rhodophyscin);lias
Hyperphyscia pandani;skyrin (rhodophyscin);lias
Hyperphyscia pruinosa;skyrin (rhodophyscin);lias
Hyperphyscia pyrithrocardia;skyrin (rhodophyscin);lias
Hyperphyscia syncolla;skyrin (rhodophyscin);lias
Hypocenomyce anthracophila;colensoic acid, fumarprotocetraric acid, protocetraric acid;lias
Hypocenomyce caradocensis;unknown/unidentified compound(s);lias
Hypocenomyce castaneocinerea;colensoic acid, unknown/unidentified compound(s);lias
Hypocenomyce friesii;unknown/unidentified compound(s);lias
Hypocenomyce oligospora;alectorialic acid, thamnolic acid;lias
Hypocenomyce scalaris;lecanoric acid, unknown/unidentified compound(s);lias
Hypocenomyce sierrae;alectorialic acid, thamnolic acid;lias
Hypocenomyce tinderryensis;lecanoric acid, orsellinic acid;lias
Hypoflavia crustosa;unknown/unidentified pigment(s);lias
Hypogymnia alpina;2'-o-methylphysodic acid, 3-hydroxyphysodic acid, atranorin, physodalic acid, physodic acid, protocetraric acid, vittatolic acid;lias
Hypogymnia amplexa;atranorin, physodic acid, unknown/unidentified compound(s);lias
Hypogymnia apinnata;atranorin, chloroatranorin;lias
Hypogymnia arcuata;2'-o-methylphysodic acid, 3-hydroxyphysodic acid, atranorin, physodic acid, vittatolic acid;lias
Hypogymnia austerodes;3-hydroxyphysodic acid, atranorin, chloroatranorin, o-methylphysodic acid;italic
Hypogymnia austerodes;2'-o-methylphysodic acid, 3-hydroxyphysodic acid, apinnatic acid, atranorin, chloroatranorin, physodic acid, unknown/unidentified compound(s), vittatolic acid;lias
Hypogymnia australica;2'-o-methylphysodic acid, alectoronic acid, atranorin, chloroatranorin, oxyphysodic acid, physodic acid;lias
Hypogymnia beringiana;3-hydroxyphysodic acid, atranorin, physodic acid;lias
Hypogymnia billardieri;2'-o-methylphysodic acid, 3-hydroxyphysodic acid, alectoronic acid, atranorin, chloroatranorin, physodic acid;lias
Hypogymnia bitteri;3-hydroxyphysodic acid, atranorin, chloroatranorin, o-methylphysodic acid;italic
Hypogymnia bitteri;2'-o-methylphysodic acid, 3-hydroxyphysodic acid, atranorin, chloroatranorin, physodic acid, unknown/unidentified compound(s), vittatolic acid;lias
Hypogymnia bryophila;2'-o-methylphysodic acid, 3-hydroxyphysodic acid, atranorin, physodic acid, protocetraric acid;lias
Hypogymnia bulbosa;2'-o-methylphysodic acid, 3-hydroxyphysodic acid, atranorin, physodalic acid, physodic acid, protocetraric acid;lias
Hypogymnia castanea;atranorin, physodalic acid, physodic acid, protocetraric acid;lias
Hypogymnia crystallina;atranorin, hypoprotocetraric acid, usnic acid, zeorin (hopane-6α,22-diol);lias
Hypogymnia delavayi;2'-o-methylphysodic acid, alectoronic acid, atranorin, chloroatranorin, oxyphysodic acid, physodalic acid, physodic acid, protocetraric acid;lias
Hypogymnia dichroma;2'-o-methylphysodic acid, 3-hydroxyphysodic acid, apinnatic acid, atranorin, physodic acid, vittatolic acid;lias
Hypogymnia duplicata;atranorin, chloroatranorin, diffractaic acid, physodalic acid, protocetraric acid;lias
Hypogymnia enteromorpha;atranorin, chloroatranorin, physodalic acid, physodic acid;lias
Hypogymnia enteromorphoides;2'-o-methylphysodic acid, 3-hydroxyphysodic acid, alectoronic acid, atranorin, chloroatranorin, physodalic acid, physodic acid, protocetraric acid;lias
Hypogymnia farinacea;3-hydroxyphysodic acid, atranorin, chloroatranorin, o-methylphysodic acid;italic
Hypogymnia farinacea;physodic acid;lias
Hypogymnia farinacea;2'-o-methylphysodic acid, 3-hydroxyphysodic acid, atranorin, chloroatranorin, physodic acid, unknown/unidentified compound(s);lias
Hypogymnia fistulosa;3-hydroxyphysodic acid, atranorin, physodic acid;lias
Hypogymnia flavida;3-hydroxyphysodic acid, physodalic acid, protocetraric acid, usnic acid;lias
Hypogymnia gracilis;3-hydroxyphysodic acid, atranorin, chloroatranorin, physodalic acid, physodic acid, protocetraric acid, unknown/unidentified compound(s);lias
Hypogymnia guadelupensis;3-hydroxyphysodic acid, atranorin, chloroatranorin, physodic acid, unknown/unidentified compound(s);lias
Hypogymnia heterophylla;3-hydroxyphysodic acid, atranorin, chloroatranorin, physodalic acid, physodic acid, protocetraric acid, unknown/unidentified compound(s);lias
Hypogymnia hypotrypa;atranorin, diffractaic acid;lias
Hypogymnia imshaugii;2'-o-methylphysodic acid, 3-hydroxyphysodic acid, atranorin, chloroatranorin, diffractaic acid, physodalic acid, physodic acid, protocetraric acid, unknown/unidentified compound(s);lias
Hypogymnia inactiva;atranorin, chloroatranorin, physodic acid;lias
Hypogymnia incurvoides;2'-o-methylphysodic acid, atranorin, chloroatranorin, physodalic acid, physodic acid, protocetraric acid;lias
Hypogymnia irregularis;3-hydroxyphysodic acid, atranorin, physodic acid, vittatolic acid;lias
Hypogymnia kosciuskoensis;2'-o-methylphysodic acid, 3-hydroxyphysodic acid, alectoronic acid, atranorin, chloroatranorin, physodalic acid, physodic acid, protocetraric acid;lias
Hypogymnia krogiae;atranorin, chloroatranorin, physodalic acid, physodic acid, protocetraric acid;lias
Hypogymnia laminisorediata;atranorin, chloroatranorin;italic
Hypogymnia lugubris;2'-o-methylphysodic acid, 3-hydroxyphysodic acid, alectoronic acid, atranorin, chloroatranorin, physodalic acid, physodic acid, protocetraric acid, vittatolic acid;lias
Hypogymnia magnifica;atranorin, physodalic acid;lias
Hypogymnia metaphysodes;3-hydroxyphysodic acid, atranorin, chloroatranorin, physodic acid;lias
Hypogymnia mollis;3-hydroxyphysodic acid, atranorin, chloroatranorin, physodic acid;lias
Hypogymnia mundata;2'-o-methylphysodic acid, 3-hydroxyphysodic acid, alectoronic acid, atranorin, chloroatranorin, physodalic acid, physodic acid, protocetraric acid;lias
Hypogymnia occidentalis;2'-o-methylphysodic acid, 3-hydroxyphysodic acid, atranorin, chloroatranorin, physodic acid, unknown/unidentified compound(s);lias
Hypogymnia oceanica;atranorin, chloroatranorin, physodalic acid, physodic acid, protocetraric acid, unknown/unidentified compound(s);lias
Hypogymnia physodes;3-hydroxyphysodic acid, atranorin, chloroatranorin, o-methylphysodic acid, physodalic acid;italic
Hypogymnia physodes;2'-o-methylphysodic acid, 3-hydroxyphysodic acid, atranorin, chloroatranorin, physodalic acid, physodic acid, protocetraric acid;lias
Hypogymnia protea;2'-o-methylphysodic acid, 3-hydroxyphysodic acid, apinnatic acid, atranorin, physodic acid, vittatolic acid;lias
Hypogymnia pseudobitteriana;3-hydroxyphysodic acid, atranorin, chloroatranorin, oxyphysodic acid, physodic acid;lias
Hypogymnia pulchrilobata;2'-o-methylphysodic acid, 3-hydroxyphysodic acid, alectoronic acid, atranorin, chloroatranorin, physodic acid;lias
Hypogymnia pulverata;2'-o-methylphysodic acid, 3-hydroxyphysodic acid, alectoronic acid, atranorin, chloroatranorin, physodalic acid, physodic acid, protocetraric acid;lias
Hypogymnia recurva;2'-o-methylphysodic acid, atranorin, physodic acid, vittatolic acid;lias
Hypogymnia rugosa;atranorin, chloroatranorin, hypoprotocetraric acid;lias
Hypogymnia sachalinensis;atranorin, physodic acid;lias
Hypogymnia salsa;2'-o-methylphysodic acid, 3-hydroxyphysodic acid, apinnatic acid, atranorin, physodic acid;lias
Hypogymnia schizidiata;2'-o-methylphysodic acid, 3-hydroxyphysodic acid, atranorin, chloroatranorin, physodic acid, unknown/unidentified compound(s);lias
Hypogymnia sikkimensis;atranorin, chloroatranorin, isousnic acid, placodiolic acid, pseudoplacodiolic acid, usnic acid;lias
Hypogymnia subarticulata;2'-o-methylphysodic acid, atranorin, physodalic acid, protocetraric acid;lias
Hypogymnia subobscura;3-hydroxyphysodic acid, atranorin, paraphysodic acid, physodic acid;lias
Hypogymnia subphysodes;2'-o-methylphysodic acid, 3-hydroxyphysodic acid, alectoronic acid, atranorin, chloroatranorin, oxyphysodic acid, physodalic acid, physodic acid, protocetraric acid, unknown/unidentified compound(s);lias
Hypogymnia subphysodes;2'-o-methylphysodic acid, 3-hydroxyphysodic acid, alectoronic acid, atranorin, chloroatranorin, physodalic acid, physodic acid, protocetraric acid;lias
Hypogymnia tasmanica;alectoronic acid, atranorin, chloroatranorin, oxyphysodic acid, physodic acid;lias
Hypogymnia thomsoniana;2'-o-methylphysodic acid, 3-hydroxyphysodic acid, atranorin, physodic acid, vittatolic acid;lias
Hypogymnia tubularis;2'-o-methylphysodic acid, 3-hydroxyphysodic acid, alectoronic acid, atranorin, chloroatranorin, physodalic acid, physodic acid, protocetraric acid;lias
Hypogymnia tubulosa;3-hydroxyphysodic acid, atranorin, chloroatranorin, o-methylphysodic acid;italic
Hypogymnia tubulosa;2'-o-methylphysodic acid, 3-hydroxyphysodic acid, atranorin, chloroatranorin, physodic acid;lias
Hypogymnia turgidula;2'-o-methylphysodic acid, 3-hydroxyphysodic acid, alectoronic acid, atranorin, chloroatranorin, physodic acid;lias
Hypogymnia verruculosa;2'-o-methylphysodic acid, 3-hydroxyphysodic acid, apinnatic acid, atranorin, physodic acid;lias
Hypogymnia vittata;3-hydroxyphysodic acid, atranorin;italic
Hypogymnia vittata;3-hydroxyphysodic acid, atranorin, physodic acid, vittatolic acid;lias
Hypogymnia wilfiana;2- methylene-3-carboxy-18-hydroxynonadecanoic acid (apinnatic acid), atranorin, di-o-methylphysodic acid, physodic acid;lias
Hypotrachyna adaffinis;atranorin, barbatic acid, conechinocarpic acid, echinocarpic acid, hirtifructic acid, lichexanthone, secalonic acid c;lias
Hypotrachyna addita;4-o-demethylbarbatic acid, atranorin, barbatic acid, chloroatranorin, conechinocarpic acid, echinocarpic acid, norobtusatic acid, squamatic acid;lias
Hypotrachyna adducta;atranorin, chloroatranorin, conprotocetraric acid, gyrophoric acid, pigmentosin a, pigmentosin e, protocetraric acid, virensic acid;lias
Hypotrachyna adjuncta;3α-hydroxybarbatic acid, 4-o-demethylbarbatic acid, atranorin, barbatic acid, chloroatranorin, conechinocarpic acid, echinocarpic acid, norobtusatic acid, obtusatic acid, squamatic acid;lias
Hypotrachyna afrorevoluta;atranorin, lecanoric acid;italic
Hypotrachyna ahtiana;atranorin, consalazinic acid, gyrophoric acid, hypoconstictic acid, protocetraric acid, salazinic acid, usnic acid;lias
Hypotrachyna alectorialica;alectorialic acid, atranorin, chloroatranorin, gyrophoric acid, hypoalectorialic acid;lias
Hypotrachyna andensis;atranorin, consalazinic acid, gyrophoric acid, norstictic acid, salazinic acid, usnic acid;lias
Hypotrachyna angustissima;galbinic acid, norstictic acid, salazinic acid, usnic acid;lias
Hypotrachyna anzeana;atranorin, barbatic acid, chloroatranorin, echinocarpic acid, evernic acid, lecanoric acid, obtusatic acid;lias
Hypotrachyna asiatica;atranorin, chloroatranorin, consalazinic acid, galbinic acid, salazinic acid, zeorin (hopane-6α,22-diol);lias
Hypotrachyna aspera;atranorin, chloroatranorin, colensoic acid, hydroxycolensoic acid, norcolensoic acid, skyrin (rhodophyscin);lias
Hypotrachyna baguioensis;atranorin, chloroatranorin, fumarprotocetraric acid, protocetraric acid;lias
Hypotrachyna baguioensis;atranorin, chloroatranorin, fumarprotocetraric acid, protocetraric acid;lias
Hypotrachyna bahiana;atranorin, chloroatranorin, conprotocetraric acid, gyrophoric acid, pigmentosin a, protocetraric acid, skyrin (rhodophyscin), virensic acid;lias
Hypotrachyna bogotensis;atranorin, chloroatranorin, evernic acid, lecanoric acid;lias
Hypotrachyna booralensis;alectoronic acid, atranorin, chloroatranorin;lias
Hypotrachyna boquetensis;atranorin, chloroatranorin, consalazinic acid, norstictic acid, salazinic acid, usnic acid;lias
Hypotrachyna bostrychodes;4-o-demethylbarbatic acid, atranorin, barbatic acid, chloroatranorin;lias
Hypotrachyna brasiliana;gyrophoric acid, lichexanthone, pigmentosin a, pigmentosin b, protocetraric acid, virensic acid;lias
Hypotrachyna brevidactyla;atranorin, chloroatranorin, consalazinic acid, norstictic acid, protocetraric acid, salazinic acid;lias
Hypotrachyna brevirhiza;atranorin, chloroatranorin, consalazinic acid, galbinic acid, norstictic acid, protocetraric acid, salazinic acid;lias
Hypotrachyna britannica;4-0-methylhiascic acid, 5-di-0-methylhiascic acid, atranorin, chloroatranorin, hiascic acid, lecanoric acid;italic
Hypotrachyna brueggeri;atranorin, chloroatranorin, graciliformin, pigmentosin a, protocetraric acid, skyrin (rhodophyscin), subvirensic acid;lias
Hypotrachyna caraccensis;atranorin, galbinic acid, norstictic acid, protocetraric acid, salazinic acid, usnic acid;lias
Hypotrachyna carchiensis;atranorin, fumarprotocetraric acid, usnic acid;lias
Hypotrachyna cendensis;evernic acid, lecanoric acid, usnic acid;lias
Hypotrachyna cerradensis;4-o-demethylbarbatic acid, barbatic acid, lichexanthone, norobtusatic acid, obtusatic acid, pigmentosin a;lias
Hypotrachyna chicitae;atranorin, barbatic acid, chloroatranorin, evernic acid, lecanoric acid, norobtusatic acid, obtusatic acid;lias
Hypotrachyna chlorina;atranorin, barbatic acid, chloroatranorin, evernic acid, norobtusatic acid, obtusatic acid, pigmentosin a, secalonic acid a;lias
Hypotrachyna chlorobarbatica;4-o-demethylbarbatic acid, 5-chloro-4-o-demethylbarbatic acid, atranorin, barbatic acid, chloroatranorin, methyl 5-chloro-4-o-demethylbarbatate, unknown/unidentified compound(s);lias
Hypotrachyna citrella;atranorin, chloroatranorin, connorstictic acid, consalazinic acid, gyrophoric acid, norstictic acid, protocetraric acid, salazinic acid, usnic acid;lias
Hypotrachyna colensoica;4-o-methylphysodic acid, colensoic acid, lividic acid, oxyphysodic acid, physodic acid, usnic acid;lias
Hypotrachyna consimilis;atranorin, chloroatranorin, conprotocetraric acid, gyrophoric acid, pigmentosin a, pigmentosin e, protocetraric acid, skyrin (rhodophyscin), virensic acid;lias
Hypotrachyna contradicta;atranorin, chloroatranorin, eumitrin a3, pigmentosin b, pigmentosin e, protocetraric acid, virensic acid;lias
Hypotrachyna convexa;conprotocetraric acid, protocetraric acid, subvirensic acid, usnic acid, virensic acid;lias
Hypotrachyna coorgiana;atranorin, chloroatranorin, consalazinic acid, salazinic acid;lias
Hypotrachyna corneola;atranorin, chloroatranorin, connorstictic acid, consalazinic acid, salazinic acid;lias
Hypotrachyna costaricensis;atranorin, chloroatranorin, constipatic acid, dehydroconstipatic acid, praesorediosic acid, protoconstipatic acid, protopraesorediosic acid, unknown/unidentified fatty acid(s), unknown/unidentified pigment(s);lias
Hypotrachyna croceopustulata;atranorin, chloroatranorin, pigmentosin b, protocetraric acid, skyrin (rhodophyscin), subvirensic acid, virensic acid;lias
Hypotrachyna crustacea;lichexanthone, protocetraric acid, unknown/unidentified anthraquinone(s), unknown/unidentified compound(s);lias
Hypotrachyna culbersoniorum;atranorin, chloroatranorin, conechinocarpic acid, echinocarpic acid, isousnic acid, usnic acid;lias
Hypotrachyna cunhaensis;atranorin, chloroatranorin, colensoic acid, echinocarpic acid, isolividic acid, lividic acid, methoxycolensoic acid, oxyphysodic acid, physodic acid, pigmentosin a, protocetraric acid, skyrin (rhodophyscin);lias
Hypotrachyna dactylifera;4-o-demethylphysodic, atranorin, chloroatranorin, colensoic acid, hydroxycolensoic acid, lividic acid, methoxycolensoic acid, norcolensoic acid, oxyphysodic acid, physodic acid;lias
Hypotrachyna dahlii;atranorin, barbatic acid, chloroatranorin, echinocarpic acid, evernic acid, norobtusatic acid, obtusatic acid, secalonic acid a;lias
Hypotrachyna degelii;alectoronic acid, atranorin, chloroatranorin, conalectoronic acid, α-collatolic acid, β-alectoronic acid, β-collatolic acid;lias
Hypotrachyna densirhizinata;4-o-methylisophysodic acid, 4-o-methylphysodic acid, alectoronic acid, atranorin, chloroatranorin, gyrophoric acid, α-collatolic acid, β-alectoronic acid, β-collatolic acid;lias
Hypotrachyna dentella;4-o-demethylbarbatic acid, atranorin, barbatic acid, chloroatranorin, conechinocarpic acid, echinocarpic acid, isousnic acid, norobtusatic acid, obtusatic acid;lias
Hypotrachyna divaricatica;atranorin, chloroatranorin, divaricatic acid, nordivaricatic acid, subdivaricatic acid, usnic acid;lias
Hypotrachyna ducalis;4-o-demethylbarbatic acid, atranorin, barbatic acid, chloroatranorin, norobtusatic acid, obtusatic acid;lias
Hypotrachyna eitenii;anziaic acid, atranorin, lichexanthone, olivetolcarboxylic acid;lias
Hypotrachyna elongata;4-o-demethylbarbatic acid, atranorin, barbatic acid, chloroatranorin, conechinocarpic acid, echinocarpic acid, obtusatic acid, usnic acid;lias
Hypotrachyna enderythraea;atranorin, chloroatranorin, galbinic acid, gyrophoric acid, norstictic acid, pigmentosin a, protocetraric acid, salazinic acid, usnic acid;lias
Hypotrachyna endochlora;atranorin, barbatic acid, chloroatranorin, conechinocarpic acid, echinocarpic acid, evernic acid, gyrophoric acid, norobtusatic acid, obtusatic acid, pigmentosin a, secalonic acid a;lias
Hypotrachyna endosulphurea;atranorin, barbatic acid, chloroatranorin, conechinocarpic acid, echinocarpic acid, evernic acid, norobtusatic acid, obtusatic acid, secalonic acid a;lias
Hypotrachyna ensifolia;alectoronic acid, atranorin, chloroatranorin, gyrophoric acid, α-collatolic acid, β-alectoronic acid, β-collatolic acid;lias
Hypotrachyna erythrodes;4-o-methylisophysodic acid, 4-o-methylphysodic acid, colensoic acid, gyrophoric acid, lichexanthone, physodic acid, pigmentosin b, skyrin (rhodophyscin);lias
Hypotrachyna evansii;atranorin, chloroatranorin, olivetoric acid;lias
Hypotrachyna everniastroides;atranorin, chloroatranorin, evernic acid, lecanoric acid;lias
Hypotrachyna everniiformis;2-o-methyllecanoric acid, atranorin, chloroatranorin, gyrophoric acid, lecanoric acid, ovoic acid;lias
Hypotrachyna exsecta;4-o-demethylbarbatic acid, atranorin, barbatic acid, chloroatranorin, diffractaic acid, norobtusatic acid, obtusatic acid, squamatic acid;lias
Hypotrachyna exsplendens;alectoronic acid, atranorin, chloroatranorin, gyrophoric acid, α-collatolic acid, β-alectoronic acid;lias
Hypotrachyna fissicarpa;atranorin, chloroatranorin, protocetraric acid;lias
Hypotrachyna flavida;atranorin, conprotocetraric acid, gyrophoric acid, pigmentosin b, protocetraric acid, usnic acid, virensic acid;lias
Hypotrachyna flavospinulosa;atranorin, consalazinic acid, norstictic acid, protocetraric acid, salazinic acid, usnic acid;lias
Hypotrachyna flavovirens;atranorin, chloroatranorin, protocetraric acid;lias
Hypotrachyna fletcheri;4-o-methylphysodic acid, atranorin, chloroatranorin, colensoic acid, echinocarpic acid, norcolensoic acid, physodic acid, skyrin (rhodophyscin);lias
Hypotrachyna galbinica;atranorin, connorstictic acid, galbinic acid, gyrophoric acid, norstictic acid, salazinic acid, usnic acid;lias
Hypotrachyna goiasii;alectoronic acid, usnic acid, α-collatolic acid;lias
Hypotrachyna gondylophora;atranorin, chloroatranorin, confumarprotocetraric acid, fumarprotocetraric acid, gyrophoric acid, protocetraric acid, skyrin (rhodophyscin), succinprotocetraric acid;lias
Hypotrachyna gracilescens;atranorin, chloroatranorin, condecarboxyalectoronic acid, decarboxyalectoronic acid;lias
Hypotrachyna granulans;atranorin, chloroatranorin, connorstictic acid, norstictic acid, subnorstictic acid;lias
Hypotrachyna guatemalensis;4-o-demethylnotatic acid, atranorin, chloroatranorin, conhypoprotocetraric acid, hypoprotocetraric acid;lias
Hypotrachyna habenula;atranorin, chloroatranorin, protocetraric acid;lias
Hypotrachyna hafellneri;atranorin, chloroatranorin, constictic acid, cryptostictic acid, norstictic acid, peristictic acid, skyrin (rhodophyscin), stictic acid;lias
Hypotrachyna halei;anziaic acid, atranorin, chloroatranorin, eumitrin k, gyrophoric acid, perlatolic acid, secalonic acid a, secalonic acid c;lias
Hypotrachyna heterochroa;atranorin, chloroatranorin, protocetraric acid, skyrin (rhodophyscin), unknown/unidentified pigment(s);lias
Hypotrachyna hnatiukii;atranorin, connorstictic acid, methyl pseudonorstictate, norstictic acid, usnic acid;lias
Hypotrachyna horrescens;atranorin, chloroatranorin;italic
Hypotrachyna hypoalectorialica;alectorialic acid, hypoalectorialic acid, usnic acid;lias
Hypotrachyna ikomae;atranorin, chloroatranorin, isonephrosterinic acid, lichesterinic acid, nephrosterinic acid, protolichesterinic acid;lias
Hypotrachyna imbricatula;4-o-demethylbarbatic acid, atranorin, barbatic acid, chloroatranorin, norobtusatic acid, obtusatic acid;lias
Hypotrachyna immaculata;4-o-methylphysodic acid, atranorin, chloroatranorin, colensoic acid, gyrophoric acid, isolividic acid, lecanoric acid, lividic acid, methoxycolensoic acid, norcolensoic acid, oxyphysodic acid, physodic acid, pigmentosin a, skyrin (rhodophyscin);lias
Hypotrachyna indica;4-o-demethylbarbatic acid, atranorin, norobtusatic acid, obtusatic acid;lias
Hypotrachyna infirma;atranorin, caperatic acid, chloroatranorin, norcaperatic acid;lias
Hypotrachyna intercalanda;anziaic acid, atranorin, chloroatranorin, olivetoric acid;lias
Hypotrachyna isidiocera;atranorin, barbatic acid, chloroatranorin, echinocarpic acid, norobtusatic acid, obtusatic acid, secalonic acid a;lias
Hypotrachyna isolopezii;atranorin, consalazinic acid, methyl pseudonorstictate, norstictic acid, protocetraric acid, salazinic acid, usnic acid;lias
Hypotrachyna kalbii;5,7-dihydroxyphthalide, alectorialic acid, atranorin, chloroatranorin, conprotocetraric acid, protocetraric acid, usnic acid;lias
Hypotrachyna keitauensis;atranorin, chloroatranorin, protocetraric acid, protolichesterinic acid, unknown/unidentified fatty acid(s);lias
Hypotrachyna kinabalensis;atranorin, chloroatranorin, norstictic acid;lias
Hypotrachyna klauskalbii;4-o-methyllividic acid, 4-o-methylphysodic acid, colensoic acid, lichexanthone, lividic acid, methoxycolensoic acid, oxyphysodic acid, physodic acid, pigmentosin b, skyrin (rhodophyscin);lias
Hypotrachyna koyaensis;atranorin, caperatic acid, chloroatranorin, conprotocetraric acid, gyrophoric acid, protocetraric acid, virensic acid;lias
Hypotrachyna kriegeri;atranorin, chloroatranorin, fumarprotocetraric acid, protocetraric acid;lias
Hypotrachyna laevigata;atranorin, chloroatranorin;italic
Hypotrachyna laevigata;4-o-demethylbarbatic acid, atranorin, barbatic acid, chloroatranorin, evernic acid, norobtusatic acid, obtusatic acid;lias
Hypotrachyna leeukopensis;atranorin, chloroatranorin, lobaric acid, norstictic acid, protocetraric acid, unknown/unidentified fatty acid(s), usnic acid;lias
Hypotrachyna leiophylla;3-chloro-4-o-demethylmicrophyllinic acid, 4-o-demethylmicrophyllinic acid, atranorin, chloroatranorin, olivetoric acid, skyrin (rhodophyscin);lias
Hypotrachyna leswellensis;atranorin, chloroatranorin, fumarprotocetraric acid, gyrophoric acid, protocetraric acid, succinprotocetraric acid, virensic acid;lias
Hypotrachyna lichesterinica;atranorin, chloroatranorin, gyrophoric acid, lichesterinic acid, protolichesterinic acid;lias
Hypotrachyna ligulata;atranorin, chloroatranorin, echinocarpic acid, gyrophoric acid;lias
Hypotrachyna lineariloba;4-o-methylphysodic acid, alectoronic acid, atranorin, chloroatranorin, α-collatolic acid, β-alectoronic acid;lias
Hypotrachyna livida;4-o-methyllividic acid, 4-o-methylphysodic acid, atranorin, chloroatranorin, colensoic acid, gyrophoric acid, hydroxycolensoic acid, lecanoric acid, lividic acid, methoxycolensoic acid, norcolensoic acid, oxyphysodic acid, physodic acid;lias
Hypotrachyna lividescens;anziaic acid, atranorin, chloroatranorin;italic
Hypotrachyna lividescens;anziaic acid, atranorin, chloroatranorin, olivetoric acid, usnic acid;lias
Hypotrachyna longiloba;4-o-methylphysodic acid, alectoronic acid, atranorin, chloroatranorin, gyrophoric acid, lecanoric acid, α-collatolic acid, β-alectoronic acid, β-collatolic acid;lias
Hypotrachyna lopezii;atranorin, constictic acid, cryptostictic acid, norstictic acid, peristictic acid, pigmentosin a, salazinic acid, stictic acid, usnic acid;lias
Hypotrachyna lueckingii;gyrophoric acid, protocetraric acid, usnic acid;lias
Hypotrachyna lythogoeana;atranorin, chloroatranorin, protolichesterinic acid, skyrin (rhodophyscin), unknown/unidentified fatty acid(s);lias
Hypotrachyna majoris;16β-acetoxyhopane-6α,22-diol, 6α-acetoxyhopane-16β,22-diol, 6α-acetoxyhopane-22-ol, atranorin, chloroatranorin, consalazinic acid, galbinic acid, protocetraric acid, salazinic acid, zeorin (hopane-6α,22-diol);lias
Hypotrachyna malesiana;3α-hydroxybarbatic acid, 4-o-demethylbarbatic acid, atranorin, barbatic acid, chloroatranorin, fumarprotocetraric acid, norbaeomycesic acid, norobtusatic acid, obtusatic acid, pigmentosin b;lias
Hypotrachyna malmei;4-o-demethylmicrophyllinic acid, lichexanthone, pigmentosin b, pigmentosin d, pigmentosin f, protocetraric acid, skyrin (rhodophyscin), virensic acid;lias
Hypotrachyna massartii;4-o-demethylbarbatic acid, atranorin, barbatic acid, chloroatranorin;lias
Hypotrachyna mattickiana;atranorin, chloroatranorin, conprotocetraric acid, fumarprotocetraric acid, pigmentosin b, protocetraric acid;lias
Hypotrachyna meridiensis;4-o-methylphysodic acid, alectoronic acid, atranorin, chloroatranorin, gyrophoric acid, α-collatolic acid, β-alectoronic acid, β-collatolic acid;lias
Hypotrachyna meyeri;atranorin, chloroatranorin, connorstictic acid, consalazinic acid, gyrophoric acid, norstictic acid, pigmentosin b, protocetraric acid, salazinic acid, usnic acid;lias
Hypotrachyna microblasta;atranorin, consalazinic acid, galbinic acid, gyrophoric acid, norstictic acid, salazinic acid, usnic acid;lias
Hypotrachyna microblastella;atranorin, connorstictic acid, constictic acid, cryptostictic acid, gyrophoric acid, norstictic acid, peristictic acid, pigmentosin a, pigmentosin b, pigmentosin d, salazinic acid, stictic acid, usnic acid;lias
Hypotrachyna minarum;atranorin, chloroatranorin;italic
Hypotrachyna minuscula;atranorin, chloroatranorin, conprotocetraric acid, protocetraric acid, unknown/unidentified fatty acid(s), virensic acid;lias
Hypotrachyna mirabilis;4-o-methylisophysodic acid, 4-o-methylphysodic acid, colensoic acid, isophysodic acid, lichexanthone, pigmentosin a, protocetraric acid, unknown/unidentified fatty acid(s);lias
Hypotrachyna monilifera;4-o-demethylbarbatic acid, atranorin, barbatic acid, chloroatranorin, norobtusatic acid, obtusatic acid;lias
Hypotrachyna monticola;atranorin, chloroatranorin, gyrophoric acid, lecanoric acid;lias
Hypotrachyna montkoghisensis;atranorin, chloroatranorin, consalazinic acid, gyrophoric acid, salazinic acid;lias
Hypotrachyna munduai;fumarprotocetraric acid, protocetraric acid, quaesitic acid, salazinic acid, salazinic acid 9α-methyl ether, succinprotocetraric acid, usnic acid;lias
Hypotrachyna nana;atranorin, chloroatranorin, hydroxycolensoic acid, lividic acid, oxyphysodic acid, physodic acid;lias
Hypotrachyna neocrenata;atranorin, chloroatranorin, constictic acid, cryptostictic acid, norstictic acid, peristictic acid, secalonic acid a, stictic acid;lias
Hypotrachyna neodigitata;2-o-methylobtusatic acid, 4-o-demethylbarbatic acid, 5-chloro-4-o-demethylbarbatic acid, atranorin, barbatic acid, chloroatranorin, diffractaic acid, norobtusatic acid, obtusatic acid;lias
Hypotrachyna neodissecta;2,4,5-tri-o-methylhiascic acid, 3-hydroxyumbilicaric acid, 3-methoxy-2,4-di-o-methylgyrophoric acid, 3-methoxyumbilicaric acid, 5-o-methylhiascic acid, atranorin, chloroatranorin, gyrophoric acid, hiascic acid, lecanoric acid, umbilicaric acid;lias
Hypotrachyna neoflavida;atranorin, chloroatranorin, conprotocetraric acid, protocetraric acid, usnic acid;lias
Hypotrachyna neoscytodes;4-o-demethylbarbatic acid, atranorin, barbatic acid, chloroatranorin, conechinocarpic acid, echinocarpic acid, obtusatic acid, pigmentosin a, pigmentosin d, subechinocarpic acid;lias
Hypotrachyna neosingularis;atranorin, chloroatranorin, isonephrosterinic acid, lichesterinic acid, nephrosterinic acid, protolichesterinic acid;lias
Hypotrachyna neostictifera;atranorin, chloroatranorin, constictic acid, cryptostictic acid, menegazziaic acid, norstictic acid, stictic acid;lias
Hypotrachyna nodakensis;atranorin, chloroatranorin, gyrophoric acid, isonephrosterinic acid, lichesterinic acid, nephrosterinic acid, protolichesterinic acid;lias
Hypotrachyna norlopezii;atranorin, consalazinic acid, gyrophoric acid, methyl pseudonorstictate, norstictic acid, pigmentosin a, pigmentosin d, protocetraric acid, salazinic acid, usnic acid;lias
Hypotrachyna noskeiae;atranorin, chloroatranorin, pigmentosin b, unknown/unidentified compound(s), usnic acid, α-collatolic acid, β-collatolic acid;lias
Hypotrachyna novella;4-o-methyllividic acid, 4-o-methylphysodic acid, atranorin, lichexanthone, lividic acid, methoxycolensoic acid, oxyphysodic acid, physodic acid;lias
Hypotrachyna obscurella;atranorin, chloroatranorin, conprotocetraric acid, pigmentosin a, pigmentosin b, protocetraric acid, secalonic acid a;lias
Hypotrachyna ochracea;atranorin;lias
Hypotrachyna oostingii;alectoronic acid, anziaic acid, atranorin, chloroatranorin, gyrophoric acid, oxyphysodic acid, physodic acid, α-collatolic acid, β-alectoronic acid;lias
Hypotrachyna orientalis;4-o-demethylbarbatic acid, atranorin, barbatic acid, chloroatranorin, norbaeomycesic acid, norobtusatic acid, obtusatic acid, pigmentosin a, pigmentosin b;lias
Hypotrachyna osorioi;2,4,5-tri-o-methylhiascic acid, 5-o-methylhiascic acid, atranorin, chloroatranorin, gyrophoric acid, hiascic acid, lecanoric acid;lias
Hypotrachyna osseoalba;4-o-methyllividic acid, 4-o-methylphysodic acid, colensoic acid, hydroxycolensoic acid, lichexanthone, lividic acid, methoxycolensoic acid, oxyphysodic acid, physodic acid, pigmentosin b, skyrin (rhodophyscin);lias
Hypotrachyna osteoleuca;anziaic acid, atranorin, chloroatranorin, gyrophoric acid, lichexanthone, olivetoric acid, pigmentosin b, skyrin (rhodophyscin), unknown/unidentified pigment(s);lias
Hypotrachyna palmarum;atranorin, chloroatranorin, colensoic acid, methoxycolensoic acid, norcolensoic acid, pigmentosin a, pigmentosin b;lias
Hypotrachyna palniensis;3-methoxy-2,4-di-o-methylgyrophoric acid, atranorin, chloroatranorin, gyrophoric acid;lias
Hypotrachyna paracitrella;consalazinic acid, norstictic acid, protocetraric acid, salazinic acid, usnic acid;lias
Hypotrachyna paramensis;atranorin, chloroatranorin, conlobaric acid, gyrophoric acid, isousnic acid, lobaric acid, secalonic acid a, usnic acid;lias
Hypotrachyna paraphyscioides;4-o-demethylbarbatic acid, barbatic acid, norobtusatic acid, obtusatic acid;lias
Hypotrachyna parasinuosa;consalazinic acid, norstictic acid, protocetraric acid, salazinic acid, usnic acid;lias
Hypotrachyna partita;anziaic acid, atranorin, chloroatranorin, gyrophoric acid, lecanoric acid, methyl olivetolcarboxylate, perlatolic acid;lias
Hypotrachyna perexigua;atranorin, barbatic acid, lividic acid;lias
Hypotrachyna peruviana;atranorin, barbatic acid, chloroatranorin, echinocarpic acid, evernic acid, obtusatic acid, pigmentosin a, secalonic acid a;lias
Hypotrachyna physcioides;4-o-demethylbarbatic acid, atranorin, barbatic acid, chloroatranorin, evernic acid, gyrophoric acid, norobtusatic acid, obtusatic acid, pigmentosin a, pigmentosin d;lias
Hypotrachyna physodalica;conphysodalic acid, gyrophoric acid, lecanoric acid, physodalic acid, protocetraric acid, usnic acid;lias
Hypotrachyna pindarensis;atranorin, chloroatranorin, gyrophoric acid, protolichesterinic acid, unknown/unidentified fatty acid(s);lias
Hypotrachyna pluriformis;2,4,5-tri-o-methylhiascic acid, 4,5-di-o-methylhiascic acid, 4-o-methylhiascic acid, 5-o-methylhiascic acid, atranorin, chloroatranorin, gyrophoric acid, hiascic acid, lecanoric acid, ovoic acid;lias
Hypotrachyna polydactyla;4-o-methylphysodic acid, atranorin, chloroatranorin, colensoic acid, lividic acid, methoxycolensoic acid, oxyphysodic acid, physodic acid, pigmentosin a, skyrin (rhodophyscin);lias
Hypotrachyna primitiva;atranorin, chloroatranorin, confumarprotocetraric acid, pigmentosin a, pigmentosin b, protocetraric acid, succinprotocetraric acid;lias
Hypotrachyna producta;anziaic acid, atranorin, chloroatranorin, olivetol;lias
Hypotrachyna prolongata;anziaic acid, atranorin, chloroatranorin, olivetol, perlatolic acid;lias
Hypotrachyna proserpinensis;2,4-di-o-methylgyrophoric acid, 3-methoxy-2,4-di-o-methylgyrophoric acid, atranorin, chloroatranorin, gyrophoric acid, unknown/unidentified compound(s);lias
Hypotrachyna protenta;alectoronic acid, atranorin, chloroatranorin, α-collatolic acid, β-alectoronic acid;lias
Hypotrachyna protoboliviana;4-o-demethylbarbatic acid, barbatic acid, norobtusatic acid, obtusatic acid, usnic acid;lias
Hypotrachyna protocetrarica;atranorin, conprotocetraric acid, protocetraric acid, usnic acid;lias
Hypotrachyna protochlorina;atranorin, barbatic acid, chloroatranorin, conechinocarpic acid, echinocarpic acid, evernic acid, fumarprotocetraric acid, norobtusatic acid, obtusatic acid, pigmentosin b, secalonic acid a, subechinocarpic acid;lias
Hypotrachyna protoformosana;4-o-methyllividic acid, 4-o-methylphysodic acid, colensoic acid, hydroxycolensoic acid, lichexanthone, lividic acid, methoxycolensoic acid, norcolensoic acid, oxyphysodic acid, physodic acid, pigmentosin b, protocetraric acid, skyrin (rhodophyscin), vioxanthin, virensic acid;lias
Hypotrachyna pseudolopezii;atranorin, chloroatranorin, constictic acid, cryptostictic acid, norstictic acid, salazinic acid, stictic acid, usnic acid;lias
Hypotrachyna pseudosinuosa;atranorin;italic
Hypotrachyna pseudosinuosa;atranorin, chloroatranorin, conprotocetraric acid, gyrophoric acid, pigmentosin a, protocetraric acid;lias
Hypotrachyna pulvinata;atranorin, chloroatranorin, evernic acid, lecanoric acid;lias
Hypotrachyna punoensis;atranorin, chloroatranorin, lichesterinic acid, protolichesterinic acid;lias
Hypotrachyna pustulifera;4-o-methyllividic acid, 4-o-methylphysodic acid, atranorin, chloroatranorin, colensoic acid, gyrophoric acid, lecanoric acid, lividic acid, methoxycolensoic acid, norcolensoic acid, oxyphysodic acid, physodic acid, pigmentosin a;lias
Hypotrachyna quaesita;atranorin, chloroatranorin, confumarprotocetraric acid, conquaesitic acid, fumarprotocetraric acid, galbinic acid, norstictic acid, protocetraric acid, quaesitic acid, salazinic acid, succinprotocetraric acid;lias
Hypotrachyna radiculata;16β-acetoxyhopane-6α,22-diol, 6α-acetoxyhopane-16β,22-diol, 6α-acetoxyhopane-22-ol, atranorin, chloroatranorin, consalazinic acid, norstictic acid, salazinic acid, zeorin (hopane-6α,22-diol);lias
Hypotrachyna ramkhamhaengiana;atranorin, chloroatranorin, consalazinic acid, pigmentosin a, salazinic acid;lias
Hypotrachyna reducens;atranorin, chloroatranorin, connorstictic acid, gyrophoric acid, norstictic acid, usnic acid;lias
Hypotrachyna revoluta;5-di-o-methylhiascic acid, 5-o-methylhiascic acid, atranorin, chloroatranorin;italic
Hypotrachyna revoluta;2,4-di-o-methylgyrophoric acid, 3-hydroxyumbilicaric acid, 3-methoxy-2,4-di-o-methylgyrophoric acid, 4,5-di-o-methylhiascic acid, 4-o-methylhiascic acid, 5-o-methylhiascic acid, atranorin, chloroatranorin, gyrophoric acid, hiascic acid, lecanoric acid, umbilicaric acid, usnic acid;lias
Hypotrachyna rhabdiformis;atranorin, chloroatranorin, connorstictic acid, norstictic acid, salazinic acid;lias
Hypotrachyna riparia;atranorin, chloroatranorin, consalazinic acid, salazinic acid;lias
Hypotrachyna rockii;atranorin, chloroatranorin, evernic acid, lecanoric acid;lias
Hypotrachyna rwandensis;2,4,5-tri-o-methylhiascic acid, 4-o-methylhiascic acid, 5-o-methylhiascic acid, atranorin, chloroatranorin, gyrophoric acid, hiascic acid, lecanoric acid;lias
Hypotrachyna salreducens;atranorin, consalazinic acid, gyrophoric acid, methyl pseudonorstictate, norstictic acid, protocetraric acid, salazinic acid, usnic acid;lias
Hypotrachyna sanjosensis;atranorin, chloroatranorin, consalazinic acid, galbinic acid, norstictic acid, salazinic acid;lias
Hypotrachyna scytodes;4-o-demethylbarbatic acid, atranorin, barbatic acid, chloroatranorin, echinocarpic acid;lias
Hypotrachyna scytophylla;atranorin, chloroatranorin, gyrophoric acid;lias
Hypotrachyna showmanii;3-methoxy-2,4-di-o-methylgyrophoric acid, 5-o-methylhiascic acid, atranorin, chloroatranorin, gyrophoric acid;lias
Hypotrachyna silvatica;alectoronic acid, conalectoronic acid, coneuplectin, conprotocetraric acid, euplectin, lichexanthone, pigmentosin b, pigmentosin d, pigmentosin f, protocetraric acid;lias
Hypotrachyna simbuensis;atranorin, fumarprotocetraric acid, pigmentosin b, protocetraric acid, quaesitic acid, salazinic acid, salazinic acid 9α-methyl ether, succinprotocetraric acid, usnic acid;lias
Hypotrachyna sinuosa;usnic;italic
Hypotrachyna sinuosa;consalazinic acid, gyrophoric acid, norstictic acid, pigmentosin b, protocetraric acid, salazinic acid, usnic acid;lias
Hypotrachyna sinuosella;4-o-methylconsalazinic, atranorin, chloroatranorin, constictic acid, cryptostictic acid, norstictic acid, salazinic acid, stictic acid, usnic acid;lias
Hypotrachyna sordidella;atranorin, chloroatranorin, confumarprotocetraric acid, fumarprotocetraric acid, pigmentosin a, protocetraric acid;lias
Hypotrachyna spinulosa;4-o-demethylbarbatic acid, atranorin, barbatic acid, chloroatranorin, norobtusatic acid, obtusatic acid;lias
Hypotrachyna steyermarkii;4-o-demethylbarbatic acid, atranorin, barbatic acid, chloroatranorin, norobtusatic acid, obtusatic acid;lias
Hypotrachyna stictifera;atranorin, chloroatranorin, constictic acid, cryptostictic acid, norstictic acid, peristictic acid, skyrin (rhodophyscin), stictic acid, testacein;lias
Hypotrachyna subaffinis;4-o-methylisophysodic acid, 4-o-methylphysodic acid, colensoic acid, lichexanthone, physodic acid, pigmentosin a, protocetraric acid, virensic acid;lias
Hypotrachyna subformosana;4-o-methyllividic acid, 4-o-methylphysodic acid, colensoic acid, lichexanthone, lividic acid, methoxycolensoic acid, oxyphysodic acid, physodic acid, pigmentosin b, skyrin (rhodophyscin);lias
Hypotrachyna sublaevigata;atranorin, chloroatranorin, consalazinic acid, norstictic acid, salazinic acid, usnic acid;lias
Hypotrachyna subphysodalica;conphysodalic acid, conprotocetraric acid, methyl virensate, physodalic acid, protocetraric acid, usnic acid, virensic acid;lias
Hypotrachyna subplumbeata;4-o-demethylbarbatic acid, atranorin, barbatic acid, chloroatranorin;lias
Hypotrachyna subpustulifera;4-o-methylphysodic acid, atranorin, chloroatranorin, colensoic acid, hydroxycolensoic acid, lividic acid, norcolensoic acid, oxyphysodic acid, physodic acid;lias
Hypotrachyna subsaxatilis;atranorin, chloroatranorin, consalazinic acid, gyrophoric acid, norstictic acid, salazinic acid;lias
Hypotrachyna tariensis;consalazinic acid, gyrophoric acid, norstictic acid, protocetraric acid, salazinic acid, usnic acid;lias
Hypotrachyna taylorensis;atranorin;italic
Hypotrachyna taylorensis;atranorin, chloroatranorin, evernic acid, lecanoric acid;lias
Hypotrachyna terricola;atranorin, chloroatranorin, constipatic acid, dehydroconstipatic acid, praesorediosic acid, protoconstipatic acid, protopraesorediosic acid, unknown/unidentified fatty acid(s), unknown/unidentified pigment(s);lias
Hypotrachyna thysanota;atranorin, chloroatranorin, echinocarpic acid, gyrophoric acid, microphyllinic acid;lias
Hypotrachyna tibellii;atranorin, chloroatranorin, galbinic acid, gyrophoric acid, norstictic acid, salazinic acid, stictic acid, usnic acid;lias
Hypotrachyna toiana;4-o-demethylbarbatic acid, 5-chloro-4-o-demethylbarbatic acid, atranorin, barbatic acid, chloroatranorin, norobtusatic acid, obtusatic acid, pigmentosin b, pigmentosin d;lias
Hypotrachyna tombadorensis;lichexanthone, oxyphysodic acid, physodic acid, pigmentosin a, pigmentosin d, protocetraric acid, skyrin (rhodophyscin);lias
Hypotrachyna tuskiformis;atranorin, chloroatranorin, consalazinic acid, salazinic acid;lias
Hypotrachyna vainioi;4-o-demethylbarbatic acid, barbatic acid, conechinocarpic acid, echinocarpic acid, lichexanthone, norobtusatic acid, obtusatic acid, subechinocarpic acid;lias
Hypotrachyna velloziae;atranorin, conprotocetraric acid, protocetraric acid, skyrin (rhodophyscin), usnic acid, virensic acid;lias
Hypotrachyna virensica;4-o-methyllividic acid, 4-o-methylphysodic acid, colensoic acid, lichexanthone, lividic acid, methoxycolensoic acid, oxyphysodic acid, physodic acid, protocetraric acid, virensic acid;lias
Hypotrachyna virginica;3α-hydroxybarbatic acid, 4-o-demethylbarbatic acid, atranorin, barbatic acid, chloroatranorin, evernic acid, norobtusatic acid, obtusatic acid;lias
Hypotrachyna wirthii;anziaic acid, atranorin, chloroatranorin, decarboxyanziaic acid, depsidellin b, olivetolcarboxylic acid;lias
Hypotrachyna woitapensis;atranorin, chloroatranorin, lecanoric acid, methyl orsellinate, orsellinic acid;lias
Hypotrachyna xanthoparmelioides;consalazinic acid, salazinic acid, usnic acid;lias
Hypotrachyna zamoraensis;atranorin, barbatic acid, diffractaic acid, usnic acid;lias
Icmadophila ericetorum;perlatolic acid, thamnolic acid;lias
Icmadophila eucalypti;thamnolic acid;lias
Immersaria athroocarpa;confluentic acid, o methylmicrophyllinic acid, o-methylperlatolic acid;italic
Immersaria cupreoatra;gyrophoric acid;lias
Immersaria iranica;2'-o-methylsuperphyllinic acid;lias
Immersaria mehadiana;4-o-demethylplanaic acid, unknown/unidentified compound(s);lias
Immersaria olivacea;stictic acid;lias
Immersaria usbekica;2'-o-methylperlatolic acid, confluentic acid, gyrophoric acid, unknown/unidentified compound(s);lias
Imshaugia aleurites;atranorin, chloroatranorin;italic
Imshaugia aleurites;atranorin, chloroatranorin, decarboxythamnolic acid, thamnolic acid;lias
Imshaugia evernica;atranorin, chloroatranorin, evernic acid;lias
Imshaugia placorodia;atranorin, chloroatranorin, decarboxythamnolic acid, thamnolic acid;lias
Imshaugia pyxiniformis;4-o-demethylmicrophyllinic acid, lichexanthone, protocetraric acid;lias
Imshaugia sipmanii;lichexanthone, protocetraric acid;lias
Imshaugia venezolana;atranorin, chloroatranorin, thamnolic acid;lias
Ingaderia troglodytica;gyrophoric acid, lecanoric acid, orsellinic acid;lias
Ingaderia vandenboomii;atranorin;italic
Inoderma byssaceum;o-methylperlatolic acid;italic
Jackelixia dissectula;emodin, fallacinal, pannarin, parietin, teloschistin, unknown/unidentified anthraquinone(s);lias
Jackelixia filsonii;emodin, fallacinal, parietin, parietinic acid, teloschistin;lias
Jackelixia incavata;emodin, fallacinal, parietin, parietinic acid, teloschistin, unknown/unidentified anthraquinone(s);lias
Jackelixia yorkensis;unknown/unidentified anthraquinone(s);lias
Japewia gyrophorica;gyrophoric acid;italic
Japewia subaurifera;lobaric acid, secalonic acid a;lias
Japewiella djagensis;atranorin, unknown/unidentified compound(s), unknown/unidentified xanthone(s);lias
Japewiella pacifica;3-chlorodivaricatic acid, 3-chloroperlatolic acid, 3-chlorostenosporic acid, atranorin, chloroatranorin;lias
Japewiella tavaresiana;atranorin;italic
Jarmania scoliciosporoides;gyrophoric acid, lobaric acid;lias
Jarmania tristis;4-o-demethylgrayanic acid, grayanic acid, usnic acid;lias
Joergensenia cephalodina;pannarin;lias
Kaernefeltia californica;lichesterinic acid, protolichesterinic acid, unknown/unidentified fatty acid(s);lias
Kaernefeltia merrillii;lichesterinic acid, protolichesterinic acid, unknown/unidentified fatty acid(s);lias
Kalbographa lueckingii;connorstictic acid, norstictic acid;lias
Kantvilasia hians;atranorin, unknown/unidentified compound(s);lias
Karoowia adligans;atranorin, constictic acid, hyposalazinic acid, hypostictic acid, norstictic acid, stictic acid, usnic acid;lias
Karoowia arquata;atranorin, psoromic acid, usnic acid;lias
Karoowia ganymedea;evernic acid, usnic acid;lias
Karoowia inspida;evernic acid, lecanoric acid, usnic acid;lias
Karoowia leptoplaca;consalazinic acid, salazinic acid, usnic acid;lias
Karoowia microscopica;echinocarpic acid, norlobaridone, usnic acid;lias
Karoowia perspersa;4-o-demethylnotatic acid, hypoprotocetraric acid, usnic acid;lias
Karoowia protocetrarica;protocetraric acid, usnic acid;lias
Karoowia ralla;norlobaridone, subnorlobaridone, usnic acid;lias
Karoowia salazinica;consalazinic acid, salazinic acid, usnic acid;lias
Karoowia saxeti;constictic acid, hyposalazinic acid, hypostictic acid, stictic acid, usnic acid;lias
Karoowia scitula;lecanoric acid, usnic acid;lias
Karoowia spissa;evernic acid, lecanoric acid, usnic acid;lias
Karoowia squamatica;squamatic acid, usnic acid;lias
Karoowia subchalybaeizans;atranorin, chalybaeizanic acid, consalazinic acid, hyposalazinic acid, hypostictic acid, norstictic acid, salazinic acid, usnic acid;lias
Knightiella splachnirima;4-o-methylcryptochlorophaeic acid, decarboxythamnolic acid, thamnolic acid, unknown/unidentified compound(s);lias
Koerberiella wimmeriana;5-o-acetyl-4-o-methylhiascic acid;lias
Krogia antillarum;4'-o-methylcryptochlorophaeic acid, unknown/unidentified pigment(s);lias
Krogia coralloides;boninic acid, unknown/unidentified compound(s);lias
Kroswia crystallifera;unknown/unidentified (tri-)terpenoid(s), (tri-)terpene(s), unknown/unidentified fatty acid(s);lias
Kuettlingeria aetnensis;emodin, fragilin;italic
Kuettlingeria albolutescens;emodin, fragilin, parietin;italic
Kuettlingeria cretensis;emodin;italic
Kuettlingeria emilii;emodin, fragilin;italic
Kuettlingeria erythrocarpa;emodin, fragilin, parietin;italic
Kuettlingeria furax;emodin, fragilin;italic
Kuettlingeria neotaurica;emodin;italic
Kuettlingeria soralifera;emodic acid, emodin, fragilin, parietin;italic
Kuettlingeria teicholyta;emodin, fragilin, parietin;italic
Kuettlingeria xerica;emodic acid, fragilin, parietin;italic
Lambiella gyrizans;stictic acid;italic
Lambiella insularis;gyrophoric acid;italic
Lambiella mullensis;norstictic acid;italic
Lasallia caroliniana;gyrophoric acid;lias
Lasallia hispanica;gyrophoric acid;lias
Lasallia papulosa;gyrophoric acid, unknown/unidentified anthraquinone(s);lias
Lasallia pensylvanica;gyrophoric acid;lias
Lasallia pustulata;gyrophoric acid;lias
Lasallia rossica;gyrophoric acid;lias
Laurera cumingii;emodin, lichexanthone, parietin;lias
Laurera tuberculosa;unknown/unidentified pigment(s);lias
Laurera varia;unknown/unidentified compound(s);lias
Lecaimmeria cupreoatra;gyrophoric acid;italic
Lecanactis abietina;lecanoric acid, schizopeltic acid, unknown/unidentified compound(s);lias
Lecanactis amylacea;unknown/unidentified compound(s);lias
Lecanactis californica;2'-o-demethylpsoromic acid, conpsoromic acid, psoromic acid;lias
Lecanactis dilleniana;psoromic acid, schizopeltic acid;lias
Lecanactis epileuca;schizopeltic acid;lias
Lecanactis latebrarum;lepraric acid, roccellic acid;lias
Lecanactis nashii;erythrin, gyrophoric acid, lecanoric acid;lias
Lecanactis rubra;gyrophoric acid, unknown/unidentified anthraquinone(s);lias
Lecanactis stellaris;unknown/unidentified compound(s);lias
Lecanactis subabietina;2'-o-methylmicrophyllinic acid, confluentic acid, lepraric acid;lias
Lecanactis umbrina;schizopeltic acid;lias
Lecania aipospila;unknown/unidentified (tri-)terpenoid(s), (tri-)terpene(s);lias
Lecania baeomma;atranorin, chloroatranorin, gangaleoidin;lias
Lecania caloplacicola;unknown/unidentified compound(s);lias
Lecania cyrtella;unknown/unidentified pigment(s);lias
Lecania dubitans;unknown/unidentified pigment(s);lias
Lecania dudleyi;unknown/unidentified (tri-)terpenoid(s), (tri-)terpene(s);lias
Lecania erysibe;unknown/unidentified pigment(s);lias
Lecania leprosa;unknown/unidentified pigment(s);lias
Lecania madida;unknown/unidentified pigment(s);lias
Lecania sambucina;unknown/unidentified pigment(s);lias
Lecania sylvestris;unknown/unidentified pigment(s);lias
Lecanographa atlantica;o-methylperlatolic acid;italic
Lecanographa atropunctata;schizopeltic acid;lias
Lecanographa azurea;erythrin, gyrophoric acid, lecanoric acid;lias
Lecanographa dimelaenoides;erythrin, gyrophoric acid, lecanoric acid;lias
Lecanographa grumulosa;erythrin, gyrophoric acid, lecanoric acid;lias
Lecanographa hypothallina;erythrin, gyrophoric acid, lecanoric acid;lias
Lecanographa insolita;erythrin, isoerythrin, lecanoric acid, methyl lecanorate, unknown/unidentified compound(s);lias
Lecanographa lyncea;2'-o-methylmicrophyllinic acid, confluentic acid;lias
Lecanographa lynceoides;unknown/unidentified compound(s);lias
Lecanographa subdryophila;2'-o-demethylpsoromic acid, conpsoromic acid, psoromic acid;lias
Lecanographa uniseptata;unknown/unidentified fatty acid(s), unknown/unidentified pigment(s);lias
Lecanora aberrata;2,4-dichloronorlichexanthone, 4,5-dichloronorlichexanthone, arthothelin, norpannarin, thiophanic acid;lias
Lecanora achariana;usnic acid, zeorin (hopane-6α,22-diol);lias
Lecanora achroa;2'-o-methylperlatolic acid, arthothelin, atranorin, chloroatranorin, roccellic acid, unknown/unidentified (tri-)terpenoid(s), (tri-)terpene(s), usnic acid;lias
Lecanora achrooides;arthothelin, atranorin, chloroatranorin, thiophanic acid, usnic acid;lias
Lecanora actophila;unknown/unidentified pigment(s), usnic acid;lias
Lecanora addubitata;atranorin, chloroatranorin, unknown/unidentified (tri-)terpenoid(s), (tri-)terpene(s), unknown/unidentified fatty acid(s);lias
Lecanora alba;2,4-dichlorolichexanthone, 2,5-dichlorolichexanthone, arthothelin, atranorin, chloroatranorin, usnic acid;lias
Lecanora albella;atranorin, chloroatranorin, protocetraric acid;italic
Lecanora albella;atranorin, protocetraric acid;lias
Lecanora albella;atranorin, chloroatranorin, protocetraric acid;lias
Lecanora albellula;isousnic acid, usnic acid;lias
Lecanora albellula;7-o-methylnorascomatic acid, isousnic acid;lias
Lecanora albescens;2,7-dichlorolichexanthone;lias
Lecanora albocaesiella;lobaric acid;lias
Lecanora alboflavida;arthothelin, atranorin, unknown/unidentified pigment(s);lias
Lecanora albula;a blue fatty acid, usnic, usnic acid, zeorin;italic
Lecanora allophana;atranorin;lias
Lecanora alpigena;usnic, usnic acid, zeorin;italic
Lecanora alpina-destertorum;atranorin, diffractaic acid;lias
Lecanora andina;atranorin, chloroatranorin;lias
Lecanora andrewii;2,7-dichlorolichexanthone, arthothelin;lias
Lecanora anopta;isousnic acid;lias
Lecanora antiqua;2,7-dichloro-6-o-methylnorlichexanthone, 2,7-dichloronorlichexanthone, 2-chloro-6-o-methylnorlichexanthone, 2-chloronorlichexanthone, 7-chloronorlichexanthone, norlichexanthone;lias
Lecanora arafurensis;atranorin, chloroatranorin, constipatic acid, dehydroconstipatic acid, stenosporonic acid, thiophanic acid, unknown/unidentified fatty acid(s);lias
Lecanora arenisaxicola;roccellic acid, usnic acid;lias
Lecanora argentata;atranorin, chloroatranorin;italic
Lecanora argentata;4-dechlorogangaleoidin, atranorin, chloroatranorin, gangaleoidin, norgangaleoidin (californin);lias
Lecanora argentea;atranorin, chloroatranorin, gangaleoidin, norgangaleoidin (californin);lias
Lecanora argopholis;atranorin, epanorin, usnic, zeorin;italic
Lecanora argopholis;atranorin, epanorin, unknown/unidentified fatty acid(s), zeorin (hopane-6α,22-diol);lias
Lecanora arthothelinella;2,4-dichloronorlichexanthone, 4,5-dichlorolichexanthone (coronatone), arthothelin, atranorin, chloroatranorin, isoarthothelin, thiophanic acid;lias
Lecanora atroanima;arthothelin, atranorin, chloroatranorin, thiophanic acid;lias
Lecanora atromarginata;stictic acid, usnic, usnic acid;italic
Lecanora atrosulphurea;arthothelin, norstictic acid, skyrin (rhodophyscin), thiophanic acid, usnic acid, zeorin (hopane-6α,22-diol);lias
Lecanora atroviridis;2,4-dichlorolichexanthone, 3-o-methylthiophanic acid, 4,5-dichloronorlichexanthone, arthothelin, atranorin, chloroatranorin, thuringione;lias
Lecanora austro-oceanica;2,5,7-trichloro-3-o-methylnorlichexanthone, 5,7-dichloro-3-o-methylnorlichexanthone, atranorin, chloroatranorin, isoarthothelin, thiophanic acid, zeorin (hopane-6α,22-diol);lias
Lecanora austrocalifornica;fumarprotocetraric acid, protocetraric acid, usnic acid;lias
Lecanora austrointumescens;atranorin, usnic acid;lias
Lecanora austrosorediosa;2'-o-methylisohyperlatolic acid, 2'-o-methylperlatolic acid, 2'-o-methylsuperlatolic acid, atranorin, chloroatranorin;lias
Lecanora austrotropica;2,4-dichloronorlichexanthone, 2,5-dichloronorlichexanthone, 4,5-dichloronorlichexanthone, arthothelin, atranorin, chloroatranorin, roccellic acid;lias
Lecanora balearica;atranorin, isousnic acid, usnic acid;lias
Lecanora bandolensis;2,7-dichlorolichexanthone;lias
Lecanora barkmaniana;atranorin, zeorin;italic
Lecanora barkmaniana;atranorin, chloroatranorin, zeorin (hopane-6α,22-diol);lias
Lecanora beamannii;unknown/unidentified compound(s), usnic acid;lias
Lecanora bicincta;arthothelin, atranorin, chloroatranorin, connorstictic acid, eugenitol, norstictic acid, roccellic acid, sordidone, thiophanic acid;lias
Lecanora bicinctoidea;arthothelin, atranorin, chloroatranorin, eugenitol, isoarthothelin, methyl 3α-hydroxy-4-o-demethylbarbatate, psoromic acid, sordidone, thiophanic acid;lias
Lecanora bipruinosa;murolic acid, neodihydromurolic acid, psoromic acid, usnic acid;lias
Lecanora bogotana;atranorin, chloroatranorin, pannarin, usnic acid, zeorin (hopane-6α,22-diol);lias
Lecanora boligera;fumarprotocetraric acid, lobaric acid;italic
Lecanora boligera;confumarprotocetraric acid, fumarprotocetraric acid, lobaric acid, unknown/unidentified compound(s);lias
Lecanora brasiliana;16β-acetoxyhopane-6α,22-diol, 6α-acetoxyhopane-16β,22-diol, atranorin, zeorin (hopane-6α,22-diol);lias
Lecanora brattiae;lobaric acid;lias
Lecanora brodoana;atranorin, unknown/unidentified (tri-)terpenoid(s), (tri-)terpene(s), usnic acid, zeorin (hopane-6α,22-diol);lias
Lecanora brodoi;placodiolic acid, unknown/unidentified (tri-)terpenoid(s), (tri-)terpene(s), usnic acid;lias
Lecanora brucei;unknown/unidentified compound(s);lias
Lecanora byssulina;2'-o-methylperlatolic acid, 2'-o-methylstenosporic acid, atranorin, chloroatranorin, usnic acid;lias
Lecanora cadubriae;connorstictic acid, norstictic acid;italic
Lecanora cadubriae;norstictic acid;lias
Lecanora caesiorubella;atranorin, chloroatranorin, connorstictic acid, conprotocetraric acid, norstictic acid, protocetraric acid, salazinic acid, stictic acid, virensic acid;lias
Lecanora caesiorugosa;atranorin, chloroatranorin, unknown/unidentified (tri-)terpenoid(s), (tri-)terpene(s), zeorin (hopane-6α,22-diol);lias
Lecanora caesiosora;atranorin, nephrosteranic acid, roccellic acid;lias
Lecanora calabrica;isousnic acid;lias
Lecanora californica;atranorin, gangaleoidin, nephrosteranic acid;lias
Lecanora campestris;atranorin, chloroatranorin, zeorin;italic
Lecanora campestris;zeorin (hopane-6α,22-diol);lias
Lecanora carlottiana;2,7-dichlorolichexanthone, unknown/unidentified xanthone(s);lias
Lecanora carneolutescens;atranorin, chloroatranorin, unknown/unidentified (tri-)terpenoid(s), (tri-)terpene(s), zeorin (hopane-6α,22-diol);lias
Lecanora carpinea;atranorin, eugenitol, roccellic acid, sordidone;lias
Lecanora carpoides;lobaric acid;lias
Lecanora casuarinophila;atranorin, chloroatranorin, roccellic acid, unknown/unidentified (tri-)terpenoid(s), (tri-)terpene(s), zeorin (hopane-6α,22-diol);lias
Lecanora cateilea;atranorin, zeorin;italic
Lecanora cavicola;alectorialic acid, atranorin, thamnolic acid;lias
Lecanora cenisia;atranorin;italic
Lecanora cenisia;atranorin, chloroatranorin, roccellic acid;italic
Lecanora cenisia;gangaleoidin, roccellic acid;lias
Lecanora cerradoensis;atranorin, chloroatranorin, usnic acid;lias
Lecanora chionocarpoides;atranorin, unknown/unidentified (tri-)terpenoid(s), (tri-)terpene(s);lias
Lecanora chiricahuae;placodiolic acid, unknown/unidentified compound(s), usnic acid, zeorin (hopane-6α,22-diol);lias
Lecanora chlarotera;atranorin;italic
Lecanora chlarotera;atranorin, gangaleoidin, norgangaleoidin (californin), roccellic acid;lias
Lecanora chloroleprosa;usnic, usnic acid, zeorin;italic
Lecanora chlorophaeodes;unknown/unidentified fatty acid(s), usnic acid, zeorin (hopane-6α,22-diol);lias
Lecanora cinereofusca;atranorin, pannarin;italic
Lecanora cinereofusca;atranorin, pannarin, placodiolic acid;lias
Lecanora circumborealis;atranorin;italic
Lecanora circumborealis;atranorin, roccellic acid;lias
Lecanora collatolica;placodiolic acid, usnic acid;lias
Lecanora comonduensis;atranorin, norstictic acid;lias
Lecanora compallens;usnic acid, zeorin (hopane-6α,22-diol);lias
Lecanora concilianda;2'-o-methylperlatolic acid, 2'-o-methylstenosporic acid, atranorin, chloroatranorin;lias
Lecanora concilians;2'-o-methylperlatolic acid, atranorin, chloroatranorin, unknown/unidentified compound(s);lias
Lecanora concolor;usnic;italic
Lecanora confusa;4,5-dichloronorlichexanthone, 4-chlorolichexanthone, arthothelin, norlichexanthone, thiophanic acid, usnic acid, zeorin (hopane-6α,22-diol);lias
Lecanora congesta;norstictic acid;lias
Lecanora congesta;gyrophoric acid;lias
Lecanora coniferarum;isousnic acid, usnic acid;lias
Lecanora conizaeoides;fumarprotocetraric acid, unknown/unidentified compound(s), usnic acid;lias
Lecanora contractuloides;2,7-dichloro-6-o-methylnorlichexanthone, 2,7-dichlorolichexanthone, 7-chloro-6-o-methylnorlichexanthone, 7-chlorolichexanthone;lias
Lecanora coppinsii;isousnic acid;lias
Lecanora coronulans;atranorin, chloroatranorin, constipatic acid, dehydroconstipatic acid, protoconstipatic acid, zeorin (hopane-6α,22-diol);lias
Lecanora crassithalliana;7-o-methylnorascomatic acid, atranorin, isousnic acid, usnic acid;lias
Lecanora crassiuscula;usnic, usnic acid;italic
Lecanora crozensis;usnic, usnic acid, zeorin;italic
Lecanora cupressi;unknown/unidentified compound(s), usnic acid, zeorin (hopane-6α,22-diol);lias
Lecanora demersa;atranorin, unknown/unidentified fatty acid(s);lias
Lecanora demosthenesii;atranorin, chloroatranorin, diploicin, gangaleoidin, usnic acid;lias
Lecanora densa;2'-o-demethylpsoromic acid, psoromic acid, usnic acid;lias
Lecanora diaboli;usnic;italic
Lecanora dispersa;2,7-dichloro-3-o-methylnorlichexanthone, 2,7-dichlorolichexanthone, pannarin;lias
Lecanora dispersoareolata;rangiformic acid, usnic, usnic acid;italic
Lecanora dispersoareolata;protocetraric acid, psoromic acid, rangiformic acid, zeorin (hopane-6α,22-diol);lias
Lecanora dispersogranulata;2'-o-methylperlatolic acid, 2'-o-methylstenosporic acid, atranorin, chloroatranorin, unknown/unidentified (tri-)terpenoid(s), (tri-)terpene(s);lias
Lecanora dissoluta;22-hydroxyhopane-6-one (zeorinone), atranorin, unknown/unidentified (tri-)terpenoid(s), (tri-)terpene(s), unknown/unidentified pigment(s), zeorin (hopane-6α,22-diol);lias
Lecanora egranulosa;atranorin, chloroatranorin, unknown/unidentified compound(s), zeorin (hopane-6α,22-diol);lias
Lecanora elapheia;atranorin, chloroatranorin, triterpenoid lcm-1, triterpenoid lgr-1, triterpenoid lgr-2;lias
Lecanora elatinoides;4,5,7-trichloronorlichexanthone (asemone), arthothelin, atranorin, chloroatranorin, pannarin, unknown/unidentified (tri-)terpenoid(s), (tri-)terpene(s), usnic acid;lias
Lecanora elixii;2,5,7-trichloro-3-o-methylnorlichexanthone, 2,5,7-trichlorolichexanthone, 2,7-dichlorolichexanthone, 3-o-methylasemone, 3-o-methylthiophanic acid, 4,5,7-trichloronorlichexanthone (asemone), 5,7-dichloro-3-o-methylnorlichexanthone, 5,7-dichloronorlichexanthone, arthothelin, atranorin, chloroatranorin, isoarthothelin;lias
Lecanora emergens;22-hydroxyhopane-6-one (zeorinone), atranorin, chloroatranorin, unknown/unidentified fatty acid(s), zeorin (hopane-6α,22-diol);lias
Lecanora eminens;usnic;italic
Lecanora epanora;epanorin, rhizocarpic acid, zeorin;italic
Lecanora epanora;epanorin, rhizocarpic acid, zeorin (hopane-6α,22-diol);lias
Lecanora epibryon;atranorin, zeorin;italic
Lecanora epibryon;atranorin, zeorin;italic
Lecanora epibryon;atranorin, chloroatranorin;lias
Lecanora epibryon;2,5,7-trichloro-3-o-methylnorlichexanthone, 2,5,7-trichlorolichexanthone, 3-o-methylasemone, 4-o-demethylbarbatic acid, 5,7-dichloro-3-o-methylnorlichexanthone, atranorin, barbatic acid, chloroatranorin, connorstictic acid, constictic acid, cryptostictic acid, gyrophoric acid, lecanoric acid, menegazziaic acid, methyl barbatate, methyl β-orsellinate, norstictic acid, stictic acid, ursolic acid;lias
Lecanora epibryon;2,5,7-trichloro-3-o-methylnorlichexanthone, 2,5,7-trichlorolichexanthone, 2,5-dichloronorlichexanthone, 2,7-dichloronorlichexanthone, 3-o-methylasemone, 4,5,7-trichloronorlichexanthone (asemone), 4-o-demethylbarbatic acid, 5,7-dichloro-3-o-methylnorlichexanthone, 5,7-dichloronorlichexanthone, 7-chlorolichexanthone, arthothelin, atranorin, barbatic acid, chloroatranorin, gyrophoric acid, isoarthothelin, lecanoric acid, methyl barbatate, thiophanic acid;lias
Lecanora epirhoda;2'-o-methylperlatolic acid, atranorin, chloroatranorin;lias
Lecanora eurycarpa;usnic;italic
Lecanora expallens;arthothelin, thiophanic acid, unknown/unidentified compound(s), unknown/unidentified xanthone(s), usnic acid, zeorin (hopane-6α,22-diol);lias
Lecanora expersa;atranorin, nephrosteranic acid;italic
Lecanora farinacea;atranorin, chloroatranorin, connorstictic acid, norstictic acid, protocetraric acid, salazinic acid;lias
Lecanora farinaria;atranorin, chloroatranorin, roccellic acid;italic
Lecanora farinaria;atranorin, chloroatranorin, roccellic acid;lias
Lecanora filamentosa;atranorin, paraensic acid c, paraensic acid d, usnic acid;lias
Lecanora fimbriatula;2'-o-methylperlatolic acid, 2'-o-methylstenosporic acid, atranorin, chloroatranorin;lias
Lecanora flavidocarnea;2'-o-methylperlatolic acid, atranorin, chloroatranorin;lias
Lecanora flavidofusca;2,5-dichloronorlichexanthone, 4,5-dichloronorlichexanthone, arthothelin, atranorin, chloroatranorin, unknown/unidentified (tri-)terpenoid(s), (tri-)terpene(s), usnic acid, zeorin (hopane-6α,22-diol);lias
Lecanora flavidomarginata;atranorin, chloroatranorin, unknown/unidentified (tri-)terpenoid(s), (tri-)terpene(s), usnic acid, zeorin (hopane-6α,22-diol);lias
Lecanora flavidorufa;2'-o-methylperlatolic acid, 3-o-methylthiophanic acid, arthothelin, atranorin, chloroatranorin, thuringione;lias
Lecanora flavopallida;2,4,7-trichloronorlichexanthone, 2,7-dichloronorlichexanthone, arthothelin, atranorin, chloroatranorin, thiophanic acid;lias
Lecanora flavovirens;2,4-dichloronorlichexanthone, 3-o-methylthiophanic acid, 4,5-dichloronorlichexanthone, arthothelin, atranorin, chloroatranorin, thuringione;lias
Lecanora flavoviridis;2,4-dichlorolichexanthone, arthothelin, atranorin, chloroatranorin;lias
Lecanora flotoviana;5,7-dichloro-3-o-methylnorlichexanthone, vinetorin (5-chloro-3-o-methylnorlichexanthone);lias
Lecanora formosa;atranorin, zeorin;italic
Lecanora formosula;atranorin, chloroatranorin, unknown/unidentified fatty acid(s), usnic acid;lias
Lecanora frustulosa;epanorin, usnic, usnic acid, zeorin;italic
Lecanora frustulosa;stictic acid;lias
Lecanora fugiens;arthothelin;lias
Lecanora fuscescens;confumarprotocetraric acid, fumarprotocetraric acid, lobaric acid;italic
Lecanora fuscescens;confumarprotocetraric acid, fumarprotocetraric acid, lobaric acid, unknown/unidentified compound(s);lias
Lecanora fuscobrunnea;usnic acid;lias
Lecanora fuscococcinea;atranorin, chloroatranorin, chodatin, demethylchodatin, thiophanic acid, zeorin (hopane-6α,22-diol);lias
Lecanora galactiniza;atranorin, chloroatranorin;lias
Lecanora gangaleoides;atranorin, chloroatranorin, skyrin;italic
Lecanora gangaleoides;4-dechlorogangaleoidin, atranorin, chloroatranorin, gangaleoidin, leoidin, norgangaleoidin (californin), skyrin (rhodophyscin);lias
Lecanora gansuensis;atranorin, connorstictic acid, norstictic acid, stictic acid;lias
Lecanora garovaglii;isousnic acid, placodiolic acid, unknown/unidentified (tri-)terpenoid(s), (tri-)terpene(s), usnic acid, zeorin (hopane-6α,22-diol);lias
Lecanora garovaglii;isousnic acid, placodiolic acid, usnic acid;lias
Lecanora geiserae;usnic acid;lias
Lecanora geophila;16β-acetoxyhopane-6α,22-diol, 6α,16β-diacetoxyhopane-22-ol, 6α-acetoxyhopane-16β,22-diol, hopane-6α,16β,22-triol, methyl placodiolic acid, pannaric acid, unknown/unidentified fatty acid(s), usnic acid, zeorin (hopane-6α,22-diol);lias
Lecanora gisleri;fumarprotocetraric acid;italic
Lecanora gisleriana;usnic, usnic acid;italic
Lecanora gisleriana;usnic acid;lias
Lecanora glabrata;atranorin;italic
Lecanora glabrata;atranorin;lias
Lecanora gongensiana;2'-o-methylperlatolic acid, atranorin, chloroatranorin, unknown/unidentified fatty acid(s);lias
Lecanora griseofulva;(+)-dechlorogriseofulvin, (+)-griseofulvin, alternariol, atranorin, zeorin (hopane-6α,22-diol);lias
Lecanora guatemalensis;2,4-dichloronorlichexanthone, 4,5-dichloronorlichexanthone, 6-o-methylarthothelin, arthothelin, atranorin, chloroatranorin;lias
Lecanora guderleyii;6-o-methylarthothelin, arthothelin, atranorin, chloroatranorin;lias
Lecanora gyrophorica;gyrophoric acid, leucotylin, unknown/unidentified (tri-)terpenoid(s), (tri-)terpene(s), usnic acid, zeorin (hopane-6α,22-diol);lias
Lecanora hafelliana;atranorin, hafellic acid, stictic acid, usnic acid, zeorin (hopane-6α,22-diol);lias
Lecanora hagenii;2,7-dichlorolichexanthone, aotearon, vinetorin (5-chloro-3-o-methylnorlichexanthone);lias
Lecanora handelii;usnic, usnic acid, zeorin;italic
Lecanora handelii;atranorin, usnic acid;lias
Lecanora helva;2'-o-methylisohyperlatolic acid, 2'-o-methylperlatolic acid, 2'-o-methylsuperlatolic acid, arthothelin, atranorin, chloroatranorin, isousnic acid;lias
Lecanora hensseniae;atranorin, caperatic acid, chloroatranorin, zeorin (hopane-6α,22-diol);lias
Lecanora horiza;atranorin;italic
Lecanora horiza;atranorin, unknown/unidentified (tri-)terpenoid(s), (tri-)terpene(s);lias
Lecanora hybocarpa;atranorin, chloroatranorin, roccellic acid;lias
Lecanora hyperpolytropa;rangiformic acid, usnic, usnic acid, zeorin;italic
Lecanora hypocrocea;2,4-dichloronorlichexanthone, arthothelin, atranorin, chloroatranorin, thiophanic acid;lias
Lecanora hypocrocina;atranorin, boryquinone, chloroatranorin, constipatic acid, protoconstipatic acid, skyrin (rhodophyscin);lias
Lecanora hypocrocinoides;22-hydroxyhopane-6-one (zeorinone), atranorin, boryquinone, chloroatranorin, constipatic acid, hybocarpone, protoconstipatic acid, unknown/unidentified compound(s), usnic acid;lias
Lecanora hypoptoides;paraensic acid;italic
Lecanora hypoptoides;paraensic acid c, paraensic acid d;lias
Lecanora impudens;atranorin, zeorin;italic
Lecanora impudens;atranorin;lias
Lecanora insignis;atranorin, pannarin;italic
Lecanora insignis;atranorin, pannarin, roccellic acid;lias
Lecanora interjecta;2,5-dichloronorlichexanthone, 4,5-dichloronorlichexanthone, arthothelin, atranorin, chloroatranorin, usnic acid;lias
Lecanora intricata;usnic, usnic acid, zeorin;italic
Lecanora intricata;usnic acid, zeorin (hopane-6α,22-diol);lias
Lecanora intricatoides;probably usnic acid, usnic;italic
Lecanora intumescens;0-demethylpsoromic acid, atranorin, psoromic acid, zeorin;italic
Lecanora intumescens;atranorin, norstictic acid, psoromic acid, zeorin (hopane-6α,22-diol);lias
Lecanora iseana;2'-o-methylperlatolic acid, 2'-o-methylstenosporic acid, atranorin, chloroatranorin, unknown/unidentified compound(s);lias
Lecanora jamesii;atranorin, usnic;italic
Lecanora jamesii;2-o-methylsulphurellin, atranorin, chloroatranorin, usnic acid;lias
Lecanora juniperina;unknown/unidentified xanthone(s);lias
Lecanora kalbiana;22-hydroxyhopane-6-one (zeorinone), atranorin, chloroatranorin, chodatin, demethylchodatin, zeorin (hopane-6α,22-diol);lias
Lecanora kansriae;atranorin, chloroatranorin, stictic acid;lias
Lecanora kenyana;atranorin, usnic acid;lias
Lecanora kofae;roccellic acid, usnic acid;lias
Lecanora laatokkaensis;unknown/unidentified (tri-)terpenoid(s), (tri-)terpene(s), unknown/unidentified fatty acid(s), usnic acid, zeorin (hopane-6α,22-diol);lias
Lecanora labiosa;2'-o-methylperlatolic acid, atranorin, chloroatranorin;lias
Lecanora laevis;atranorin;lias
Lecanora latens;usnic acid, zeorin (hopane-6α,22-diol);lias
Lecanora latro;isousnic acid, zeorin;italic
Lecanora latro;isousnic acid, zeorin (hopane-6α,22-diol);lias
Lecanora laxa;usnic, zeorin;italic
Lecanora laxa;isousnic acid, unknown/unidentified (tri-)terpenoid(s), (tri-)terpene(s), usnic acid, zeorin (hopane-6α,22-diol);lias
Lecanora lecideoides;atranorin;italic
Lecanora legalloana;atranorin, rugulosin, skyrin (rhodophyscin);lias
Lecanora leproplaca;3-o-methylthiophanic acid, atranorin, chloroatranorin, chodatin, demethylchodatin, thiophanic acid, unknown/unidentified xanthone(s), zeorin (hopane-6α,22-diol);lias
Lecanora leprosa;atranorin, chloroatranorin, chlorolecideoidin, gangaleoidin, leoidin, norgangaleoidin (californin);lias
Lecanora leptacina;0-demethylpsoromic acid, atranorin;italic
Lecanora leptacina;2'-o-demethylpsoromic acid, atranorin, psoromic acid;lias
Lecanora leptacinella;alectorialic acid;italic
Lecanora leptacinella;alectorialic acid, barbatolic acid;lias
Lecanora lichexanthona;atranorin, constipatic acid, hybocarpone, lichexanthone, norlichexanthone;lias
Lecanora lividocarnea;2'-o-methylperlatolic acid, 2'-o-methylstenosporic acid, atranorin, chloroatranorin;lias
Lecanora lividocinerea;5-chloro-20-o-methylanziaic acid, 5-dichloro-20-o-methylanziaic acid, 5-dichloro-20-o-methylnorhyperlatolic acid, 5-dichloro-20-o-methylnorstenosporic acid, atranorin, chloroatranorin;italic
Lecanora lividocinerea;3,5-dichloro-2'-o-methylanziaic acid, 3,5-dichloro-2'-o-methylperlatolic acid, 3,5-dichloro-2'-o-methylstenosporic acid, 5-chloro-2'-o-methylanziaic acid, atranorin, chloroatranorin;lias
Lecanora loekoesii;atranorin, norstictic acid, usnic acid, zeorin (hopane-6α,22-diol);lias
Lecanora lojkaeana;roccellic acid, sordidone;lias
Lecanora louisianae;2,4-dichloronorlichexanthone, arthothelin, atranorin, chloroatranorin, thiophanic acid;lias
Lecanora lugubris;2,5,7-trichloro-3-o-methylnorlichexanthone, 2,5,7-trichlorolichexanthone, 2,5-dichloronorlichexanthone, 2,7-dichloronorlichexanthone, 3-o-methylasemone, 4,5,7-trichloronorlichexanthone (asemone), 5,7-dichloro-3-o-methylnorlichexanthone, 5,7-dichloronorlichexanthone, 7-chloronorlichexanthone, arthothelin, atranorin, chloroatranorin, isoarthothelin, thiophanic acid;lias
Lecanora luteomarginata;arthothelin, atranorin, chloroatranorin, thiophanic acid, unknown/unidentified (tri-)terpenoid(s), (tri-)terpene(s);lias
Lecanora magnussoniana;usnic;italic
Lecanora margacea;usnic, usnic acid;italic
Lecanora margaritula;3-o-methylthiophanic acid, arthothelin, atranorin, chloroatranorin, connorstictic acid, norstictic acid, thiophanic acid;lias
Lecanora margarodes;2,4-dichloronorlichexanthone, 2,7-dichloronorlichexanthone, 4,5-dichloronorlichexanthone, 5,7-dichloronorlichexanthone, 7-chloronorlichexanthone, arthothelin, atranorin, chloroatranorin, isoarthothelin, pannarin, thiophanic acid;lias
Lecanora marginata;atranorin, usnic, usnic acid;italic
Lecanora marginata;atranorin, chloroatranorin, usnic acid;lias
Lecanora maxima;16β-acetoxyhopane-6α,22-diol, 6α,16β-diacetoxyhopane-22-ol, 6α-acetoxyhopane-16β,22-diol, hopane-6α,16β,22-triol, isousnic acid, usnic acid, zeorin (hopane-6α,22-diol);lias
Lecanora mayrhoferi;2,5,7-trichloro-3-o-methylnorlichexanthone, 2,5,7-trichlorolichexanthone, 2,7-dichlorolichexanthone, 3-o-methylasemone, 4,5,7-trichloronorlichexanthone (asemone), 5,7-dichloro-3-o-methylnorlichexanthone, 5,7-dichloronorlichexanthone, arthothelin, atranorin, chloroatranorin, isoarthothelin;lias
Lecanora mazatzalensis;unknown/unidentified (tri-)terpenoid(s), (tri-)terpene(s), usnic acid, zeorin (hopane-6α,22-diol);lias
Lecanora melacarpella;atranorin, chloroatranorin, unknown/unidentified (tri-)terpenoid(s), (tri-)terpene(s), zeorin (hopane-6α,22-diol);lias
Lecanora melaena;usnic acid;lias
Lecanora melaleuca;atranorin, chloroatranorin, dehydroconstipatic acid, lichesterinic acid, protodehydroconstipatic acid, protolichesterinic acid, zeorin (hopane-6α,22-diol);lias
Lecanora melanommata;atranorin, chloroatranorin, zeorin (hopane-6α,22-diol);lias
Lecanora mellea;hypoprotocetraric acid, isousnic acid, placodiolic acid, rangiformic acid, unknown/unidentified pigment(s);lias
Lecanora meridionalis;atranorin, chloroatranorin;italic
Lecanora meridionalis;atranorin, chloroatranorin, gangaleoidin, roccellic acid;lias
Lecanora microphaea;atranorin, chloroatranorin, planaic acid;lias
Lecanora mikuraensis;2'-o-methylperlatolic acid, 2,4-dichloronorlichexanthone, 4,5-dichloronorlichexanthone, 6-o-methylarthothelin, arthothelin, atranorin, chloroatranorin;lias
Lecanora mobergiana;atranorin, dissectic acid, usnic acid;lias
Lecanora mugambii;alectoronic acid, atranorin, chloroatranorin, physodic acid, unknown/unidentified compound(s), usnic acid;lias
Lecanora mughicola;isousnic acid;lias
Lecanora mugosphagneti;atranorin;italic
Lecanora munzii;gyrophoric acid;lias
Lecanora muralis;leucotylin, murolic acid, neodihydromurolic acid, usnic acid, zeorin (hopane-6α,22-diol);lias
Lecanora nashii;murolic acid, psoromic acid, usnic acid;lias
Lecanora neodegelii;isousnic acid, roccellic acid, usnic acid;lias
Lecanora neonashii;atranorin, chloroatranorin, usnic acid;lias
Lecanora neoqueenslandica;2,4-dichloronorlichexanthone, 4,5-dichloronorlichexanthone, arthothelin, atranorin, chloroatranorin, pannarin, thiophanic acid;lias
Lecanora neosonorensis;2'-o-methylperlatolic acid, 2'-o-methylstenosporic acid, atranorin, chloroatranorin;lias
Lecanora nipponica;atranorin, chloroatranorin, isoplacodiolic acid, placodiolic acid;lias
Lecanora nohedensis;constictic acid, cryptostictic acid, stictic acid, usnic acid;lias
Lecanora norvegica;atranorin;italic
Lecanora notatica;4-o-methylhypoprotocetraric acid, atranorin, chloroatranorin, confluentic acid, notatic acid, subnotatic acid, usnic acid;lias
Lecanora novaehollandiae;argopsin, atranorin, chloroatranorin, dechloropannarin, methyl virensate, pannarin, unknown/unidentified compound(s);lias
Lecanora novomexicana;conpsoromic acid, hypopsoromic acid, lecanoric acid, psoromic acid, usnic acid;lias
Lecanora ochroidea;atranorin;italic
Lecanora opiniconensis;placodiolic acid, pseudoplacodiolic acid, unknown/unidentified (tri-)terpenoid(s), (tri-)terpene(s), usnic acid;lias
Lecanora orae-frigidae;thiophanic acid, usnic acid, zeorin (hopane-6α,22-diol);lias
Lecanora orbicularis;usnic;italic
Lecanora oreinoides;atranorin, chloroatranorin, confluentic acid;lias
Lecanora orientoafricana;atranorin, gangaleoidin;lias
Lecanora orizabana;atranorin, chloroatranorin, zeorin (hopane-6α,22-diol);lias
Lecanora orosthea;skyrin (rhodophyscin), usnic acid, zeorin (hopane-6α,22-diol);lias
Lecanora pachysoma;arthothelin, thiophanic acid, unknown/unidentified xanthone(s);lias
Lecanora pacifica;atranorin, chloroatranorin, nephrosteranic acid, roccellic acid;lias
Lecanora pallidochlorina;atranorin, usnic acid, zeorin (hopane-6α,22-diol);lias
Lecanora pangerangoensis;2'-o-methylhyperlatolic acid, 2'-o-methylisohyperlatolic acid, 2'-o-methylperlatolic acid, 2'-o-methylsuperlatolic acid, arthothelin, atranorin, chloroatranorin, isoarthothelin, thiophanic acid, usnic acid;lias
Lecanora pannonica;atranorin, roccellic acid;italic
Lecanora pannonica;atranorin, chloroatranorin, gangaleoidin, norgangaleoidin (californin), roccellic acid;lias
Lecanora paramerae;atranorin, chloroatranorin, o-methylperlatolic acid;italic
Lecanora paramerae;2'-o-demethylpsoromic acid, 2'-o-methylperlatolic acid, atranorin, chloroatranorin, psoromic acid;lias
Lecanora perconcinna;arthothelin, thiophanic acid;lias
Lecanora perconfusa;4,5-dichloronorlichexanthone, 4-chloronorlichexanthone, arthothelin, norlichexanthone, thiophanic acid, usnic acid, zeorin (hopane-6α,22-diol);lias
Lecanora perithoides;5,7-dichloro-3-o-methylnorlichexanthone, 5-chlorolichexanthone, atranorin;lias
Lecanora phaedrophthalma;placodiolic acid, unknown/unidentified (tri-)terpenoid(s), (tri-)terpene(s), usnic acid;lias
Lecanora phaedrophthalma;placodiolic acid, usnic acid;lias
Lecanora phaeocardia;atranorin, chloroatranorin, unknown/unidentified fatty acid(s), unknown/unidentified secalonic acid derivate(s);lias
Lecanora phaeostigma;2-methylene-3-carboxy-18-hydroxynonadecanoic acid;italic
Lecanora phaeostigma;norstictic acid;lias
Lecanora phryganitis;arthothelin, thiophanic acid, unknown/unidentified compound(s);lias
Lecanora physcielloides;usnic acid;lias
Lecanora pinguis;arthothelin, thiophanic acid, unknown/unidentified compound(s);lias
Lecanora placodiolica;isousnic acid, placodiolic acid, pseudoplacodiolic acid, usnic acid;lias
Lecanora planaica;atranorin, chloroatranorin, hyperplanaic acid, isohyperplanaic acid, planaic acid, superplanaic acid;lias
Lecanora plumosa;2'-o-methylisohyperlatolic acid, 2'-o-methylperlatolic acid, 2'-o-methylsuperlatolic acid, atranorin, chloroatranorin;lias
Lecanora polytropa;rangiformic acid, usnic, usnic acid, zeorin;italic
Lecanora polytropa;rangiformic acid, usnic acid, zeorin (hopane-6α,22-diol);lias
Lecanora polytropopsis;usnic, usnic acid;italic
Lecanora populicola;2,5-dichlorolichexanthone;lias
Lecanora praepostera;atranorin, norstictic acid;italic
Lecanora praepostera;atranorin, norstictic acid;lias
Lecanora praesistens;atranorin, chloroatranorin;italic
Lecanora pringlei;alectorialic acid, atranorin, psoromic acid;lias
Lecanora prosecha;4,5-dichloronorlichexanthone, arthothelin, atranorin, chloroatranorin, skyrin (rhodophyscin);lias
Lecanora pruinosa;2,7-dichloronorlichexanthone, arthothelin;lias
Lecanora pseudachroa;arthothelin, atranorin, chloroatranorin, isoarthothelin, zeorin (hopane-6α,22-diol);lias
Lecanora pseudargentata;atranorin, chloroatranorin;italic
Lecanora pseudargentata;4-dechlorogangaleoidin, atranorin, chloroatranorin, gangaleoidin, norgangaleoidin (californin);lias
Lecanora pseudistera;0-methylperlatolic acid, atranorin, chloroatranorin;italic
Lecanora pseudistera;2'-o-methylhyperlatolic acid, 2'-o-methylisohyperlatolic acid, 2'-o-methylperlatolic acid, 2'-o-methylsuperlatolic acid, atranorin, chloroatranorin;lias
Lecanora pseudodecorata;arthothelin, thiophanic acid;lias
Lecanora pseudogangaleoides;2'-o-demethylpsoromic acid, atranorin, chloroatranorin, psoromic acid, usnic acid;lias
Lecanora pseudogangaleoides;2'-o-demethylpsoromic acid, 2,4-dichloronorlichexanthone, 2,5-dichloronorlichexanthone, 4,5-dichloronorlichexanthone, arthothelin, atranorin, chloroatranorin, psoromic acid, usnic acid;lias
Lecanora pseudomellea;pannarin, protolichesterinic acid, psoromic acid, unknown/unidentified pigment(s);lias
Lecanora pseudosarcopidoides;isousnic acid;lias
Lecanora pueblae;psoromic acid;lias
Lecanora pulicaris;atranorin;italic
Lecanora pulicaris;atranorin, fumarprotocetraric acid, roccellic acid;lias
Lecanora puniceofusca;2-0-methylperlatolic acid, atranorin;italic
Lecanora puniceofusca;2'-o-methylperlatolic acid, atranorin, chloroatranorin;lias
Lecanora queenslandica;2'-o-demethylpsoromic acid, atranorin, chloroatranorin, psoromic acid, unknown/unidentified (tri-)terpenoid(s), (tri-)terpene(s), usnic acid;lias
Lecanora quercicola;neousnic acid, unknown/unidentified pigment(s), usnic acid;lias
Lecanora rabdotoides;4-o-demethylplanaic acid, atranorin, chloroatranorin, hypoprotocetraric acid, usnic acid;lias
Lecanora reagens;pulvinic acid;italic
Lecanora rhizinata;usnic, usnic acid;italic
Lecanora rhodi;2-0-methylperlatolic acid, atranorin, chloroatranorin, norstictic acid;italic
Lecanora rubicunda;atranorin, norstictic acid;italic
Lecanora rubida;norstictic acid;lias
Lecanora rufocarnea;atranorin, chloroatranorin, unknown/unidentified fatty acid(s);lias
Lecanora rugosella;atranorin, gangaleoidin, roccellic acid;lias
Lecanora rupicola;atranorin, chloroatranorin, eugenitol, roccellic acid, sordidone;lias
Lecanora rupicola;thiophanic acid;lias
Lecanora ryanii;2,4-dichloronorlichexanthone, 2,5-dichlorolichexanthone, 4,5-dichlorolichexanthone (coronatone), arthothelin, atranorin, chloroatranorin, thiophanic acid;lias
Lecanora salicicola;atranorin;italic
Lecanora salicicola;atranorin, caperatic acid, roccellic acid;lias
Lecanora saligna;atranorin, isousnic acid, neousnic acid, zeorin (hopane-6α,22-diol);lias
Lecanora salina;2,5-dichlorolichexanthone;lias
Lecanora sarcopisoides;placodiolic acid, pseudoplacodiolic acid, usnic acid;lias
Lecanora schindleri;atranorin, chloroatranorin;lias
Lecanora schizochromatica;atranorin, paraensic acid c, paraensic acid d, usnic acid;lias
Lecanora schofieldii;2,5,7-trichlorolichexanthone, 2,7-dichloro-6-o-methylnorlichexanthone, 2,7-dichlorolichexanthone, 2,7-dichloronorlichexanthone, 2-chlorolichexanthone, 7-chloro-6-o-methylnorlichexanthone, 7-chlorolichexanthone;lias
Lecanora semitensis;isousnic acid, placodiolic acid, unknown/unidentified fatty acid(s), usnic acid;lias
Lecanora sierrae;isousnic acid, pannarin, psoromic acid, rangiformic acid, usnic acid;lias
Lecanora silvae-nigrae;usnic;italic
Lecanora silvae-nigrae;protocetraric acid, rangiformic acid;lias
Lecanora simeonensis;usnic acid, zeorin (hopane-6α,22-diol);lias
Lecanora sinuosa;atranorin, chloroatranorin;italic
Lecanora sinuosa;atranorin, gangaleoidin;lias
Lecanora sonorae;2'-o-demethylpsoromic acid, neodihydromurolic acid, psoromic acid, usnic acid;lias
Lecanora soralifera;usnic, usnic acid, zeorin;italic
Lecanora soralifera;usnic acid;lias
Lecanora sorediomarginata;3,5-dichloro-2'-o-methylanziaic acid, 3,5-dichloro-2'-o-methylnordivaricatic acid, 3,5-dichloro-2'-o-methylstenosporic acid, 5-chloro-2'-o-methylanziaic acid, atranorin, chloroatranorin, usnic acid;lias
Lecanora sphaerospora;atranorin, chloroatranorin, zeorin (hopane-6α,22-diol);lias
Lecanora stenotropa;isorangiformic acid, usnic, usnic acid, zeorin;italic
Lecanora stenotropa;isorangiformic acid, usnic acid, zeorin (hopane-6α,22-diol);lias
Lecanora straminea;arthothelin, granulosin, thiophanic acid;lias
Lecanora stramineoalbida;2'-o-methylperlatolic acid, 2'-o-methylstenosporic acid, atranorin, chloroatranorin;lias
Lecanora strobilina;squamatic acid, usnic acid, zeorin (hopane-6α,22-diol);lias
Lecanora strobilinoides;usnic acid, zeorin (hopane-6α,22-diol);lias
Lecanora subaurea;pannarin, rhizocarpic acid, zeorin;italic
Lecanora subaurea;epanorin, pannarin, rhizocarpic acid, zeorin (hopane-6α,22-diol);lias
Lecanora subcarnea;atranorin, chloroatranorin, protocetraric acid;italic
Lecanora subcarnea;atranorin, protocetraric acid;lias
Lecanora subcarpinea;atranorin, eugenitol, psoromic acid, roccellic acid, sordidone;lias
Lecanora subcavicola;alectorialic acid, atranorin;lias
Lecanora subcoarctata;4,5-dichloronorlichexanthone, arthothelin, atranorin, chloroatranorin, zeorin (hopane-6α,22-diol);lias
Lecanora subcrenulata;2'-o-methylperlatolic acid, 4-o-methylhypoprotocetraric acid, 6-o-methylarthothelin, atranorin, chloroatranorin, isonotatic acid, thiophanic acid, usnic acid;lias
Lecanora subflava;2,4-dichloronorlichexanthone, 6-o-methylarthothelin, arthothelin, atranorin, chloroatranorin, usnic acid;lias
Lecanora subimmergens;atranorin, chloroatranorin, unknown/unidentified (tri-)terpenoid(s), (tri-)terpene(s), zeorin (hopane-6α,22-diol);lias
Lecanora subimmersa;atranorin, chloroatranorin, unknown/unidentified (tri-)terpenoid(s), (tri-)terpene(s), zeorin (hopane-6α,22-diol);lias
Lecanora subimmersa;2,4-dichloronorlichexanthone, 2,5-dichlorolichexanthone, 2-chloronorlichexanthone, 3-o-methylthiophanic acid, 4,5,7-trichloronorlichexanthone (asemone), 5,7-dichloronorlichexanthone, atranorin, chloroatranorin, chodatin, demethylchodatin, thiophanic acid, unknown/unidentified (tri-)terpenoid(s), (tri-)terpene(s), zeorin (hopane-6α,22-diol);lias
Lecanora subintricata;brialmontin 1, usnic acid;lias
Lecanora subjaponica;atranorin, zeorin (hopane-6α,22-diol);lias
Lecanora subpinguis;atranorin, chloroatranorin, gyrophoric acid, umbilicaric acid;lias
Lecanora subpraesistens;atranorin, chloroatranorin, unknown/unidentified (tri-)terpenoid(s), (tri-)terpene(s), zeorin (hopane-6α,22-diol);lias
Lecanora subravida;isousnic acid, placodiolic acid, squamatic acid, usnic acid;lias
Lecanora subrugosa;atranorin, gangaleoidin, norgangaleoidin (californin), roccellic acid;lias
Lecanora subsaligna;7-o-methylnorascomatic acid, isousnic acid;lias
Lecanora substrobilina;4,5-dichloronorlichexanthone, 4-chloronorlichexanthone, arthothelin, norlichexanthone, thiophanic acid, usnic acid, zeorin (hopane-6α,22-diol);lias
Lecanora subsulphurea;atranorin, gyrophoric acid, umbilicaric acid;lias
Lecanora subtecta;2,5,7-trichloro-3-o-methylnorlichexanthone, isoarthothelin, usnic acid, zeorin (hopane-6α,22-diol);lias
Lecanora subtjibodasensis;2,7-dichloronorlichexanthone, 4,5-dichloronorlichexanthone, 4,7-dichloronorlichexanthone, arthothelin, atranorin, chloroatranorin, thiophanic acid;lias
Lecanora subumbrina;2,4-dichloronorlichexanthone, 2,5-dichloronorlichexanthone, arthothelin, atranorin, chloroatranorin, thiophanic acid, zeorin (hopane-6α,22-diol);lias
Lecanora subviridis;unknown/unidentified compound(s), usnic acid;lias
Lecanora sulcata;atranorin, chloroatranorin, isoplacodiolic acid, placodiolic acid;lias
Lecanora sulfurescens;atranorin, chloroatranorin, chlorolecideoidin, gangaleoidin, leoidin, norgangaleoidin (californin);lias
Lecanora sulphurea;atranorin, gangaleoidin, usnic acid, zeorin (hopane-6α,22-diol), α-collatolic acid;lias
Lecanora swartzii;atranorin, chloroatranorin, eugenitol, roccellic acid, sordidone;lias
Lecanora swartzii;arthothelin;lias
Lecanora symmicta;thiophanic acid, usnic acid;lias
Lecanora symmicta;thiophanic acid, usnic acid, zeorin (hopane-6α,22-diol);lias
Lecanora tenera;atranorin, chloroatranorin, norstictic acid, stictic acid, unknown/unidentified compound(s);lias
Lecanora tjibodasensis;2,7-dichloronorlichexanthone, 4,5-dichloronorlichexanthone, 4,7-dichloronorlichexanthone, arthothelin, atranorin, thiophanic acid;lias
Lecanora tolypodes;usnic, usnic acid, zeorin;italic
Lecanora toroyensis;2'-o-methylperlatolic acid, 2-o-methylstenosporic acid, atranorin, chloroatranorin;lias
Lecanora tropica;3-o-methylthiophanic acid, atranorin, chloroatranorin, chodatin, demethylchodatin, thiophanic acid, zeorin (hopane-6α,22-diol);lias
Lecanora ulrikii;2,5-dichloronorlichexanthone, 2,7-dichloronorlichexanthone, atranorin, chloroatranorin, isoarthothelin, usnic acid;lias
Lecanora umbrosa;atranorin, chloroatranorin;italic
Lecanora umbrosa;atranorin, chloroatranorin;lias
Lecanora vainioi;6α-acetoxyhopane-16β,22-diol, atranorin, chloroatranorin, dehydroconstipatic acid, epanorin, lichesterinic acid, protodehydroconstipatic acid, protolichesterinic acid, zeorin (hopane-6α,22-diol);lias
Lecanora valesiaca;usnic;italic
Lecanora valesiaca;roccellic acid, usnic acid;lias
Lecanora varia;2'-o-demethylpsoromic acid, psoromic acid, usnic acid;lias
Lecanora variolascens;atranorin, psoromic acid, zeorin;italic
Lecanora verrucariicola;unknown/unidentified compound(s);lias
Lecanora viridiatra;usnic, usnic acid;italic
Lecanora viriduloflava;atranorin, chloroatranorin, gangaleoidin;lias
Lecanora vocontia;usnic, zeorin;italic
Lecanora weberi;allo-pertusaric acid, constipatic acid, dehydroconstipatic acid, dihydropertusaric acid, protoconstipatic acid;lias
Lecanora weii;atranorin, unknown/unidentified compound(s), usnic acid;lias
Lecanora wetmorei;unknown/unidentified xanthone(s);lias
Lecanora wilsonii;atranorin, chloroatranorin, unknown/unidentified fatty acid(s), usnic acid;lias
Lecanora wilsonii;2,4-dichloronorlichexanthone, 2,5-dichloronorlichexanthone, arthothelin, atranorin, chloroatranorin, thiophanic acid, unknown/unidentified fatty acid(s), usnic acid;lias
Lecanora xanthoplumosa;atranorin, chloroatranorin, chodatin, demethylchodatin;lias
Lecanora xanthoplumosella;2'-o-methylperlatolic acid, 5-chloro-2'-o-methylanziaic acid, arthothelin, atranorin, chloroatranorin, thiophanic acid;lias
Lecanora xanthosora;arthothelin, isoarthothelin, thiophanic acid, unknown/unidentified compound(s);lias
Lecanoropsis pseudosarcopidoides;isousnic acid;italic
Lecanoropsis quercicola;isousnic acid;italic
Lecanoropsis saligna;usnic;italic
Lecanoropsis saligna;usnic;italic
Lecanoropsis sarcopidoides;placodiolic acid, pseudoplacodiolic acid, usnic, usnic acid;italic
Lecanoropsis subintricata;usnic;italic
Lecanoropsis subravida;usnic;italic
Lecanoropsis subsaligna;7-o-methylnorascomatic acid, isousnic acid;italic
Lecidea atrobrunnea;confluentic acid, o-methylperlatolic acid;italic
Lecidea atrobrunnea;stictic acid;italic
Lecidea atrobrunnea;o-methylplanaic acid;italic
Lecidea atrobrunnea;porphyrilic acid;italic
Lecidea atrobrunnea;2'-o-methylperlatolic acid, confluentic acid, stictic acid;lias
Lecidea atrofulva;atranorin, cryptostictic acid, norstictic acid, stictic acid;lias
Lecidea auriculata;0-methylanziaic acid, 2-0-methylconfluentic acid, confluentic acid, glomelliferic acid;italic
Lecidea auriculata;0-methylanziaic acid, 2-0-methylconfluentic acid, confluentic acid, glomelliferic acid;italic
Lecidea auriculata;confluentic acid;lias
Lecidea botryosa;perlatolic acid;lias
Lecidea broadoana;unknown/unidentified pigment(s);lias
Lecidea caesioatra;atranorin, sphaerophorin, thiophanic acid;lias
Lecidea cancriformis;norstictic acid;lias
Lecidea capensis;2'-o-methylperlatolic acid, confluentic acid;lias
Lecidea carrollii;atranorin;lias
Lecidea cinerata;lecanoric acid, schizopeltic acid;lias
Lecidea circinarioides;unknown/unidentified compound(s);lias
Lecidea confluens;0-methylperlatolic acid, confluentic acid;italic
Lecidea confluens;confluentic acid;lias
Lecidea coriacea;secalonic acid;italic
Lecidea diducens;0-methylanziaic acid, confluentic acid;italic
Lecidea diducens;2'-o-methylanziaic acid;lias
Lecidea ecrustacea;norstictic acid;lias
Lecidea fuscoatra;gyrophoric acid;italic
Lecidea fuscoatra;gyrophoric acid;lias
Lecidea fuscoatrina;2-o-methylconfluentic acid, confluentic acid;lias
Lecidea fuscoatrula;2'-o-methylmicrophyllinic acid, 2'-o-methylperlatolic acid, confluentic acid, norstictic acid, stictic acid;lias
Lecidea grisella;gyrophoric acid;italic
Lecidea grummannii;gyrophoric acid;italic
Lecidea gypsicola;gyrophoric acid;italic
Lecidea gypsicola;gyrophoric acid, lecanoric acid, unknown/unidentified compound(s);lias
Lecidea hassei;planaic acid, stictic acid;lias
Lecidea hercynica;atranorin, protocetraric acid;lias
Lecidea inops;perlatolic acid, unknown/unidentified compound(s);lias
Lecidea laboriosa;4-o-demethylplanaic acid;italic
Lecidea laboriosa;4-o-demethylplanaic acid, planaic acid;lias
Lecidea lapicida;stictic acid;italic
Lecidea lapicida;norstictic acid;italic
Lecidea lapicida;norstictic acid, stictic acid;lias
Lecidea lapicida;norstictic acid;lias
Lecidea leprarioides;pseudoplacodiolic acid;italic
Lecidea leprosolimbata;norstictic acid;italic
Lecidea leprosula;unknown/unidentified fatty acid(s);lias
Lecidea leucothallina;pannarin;italic
Lecidea limosa;pannarin;lias
Lecidea lithophila;4-0-demethylp1anaic acid, planaic acid;italic
Lecidea lithophila;4-o-demethylplanaic acid;lias
Lecidea lygomma;constictic acid, stictic acid;lias
Lecidea mannii;confluentic acid, schizopeltic acid;lias
Lecidea meiocarpa;2,5,7-trichloro-3-o-methylnorlichexanthone, 3-o-methylasemone, 5,7-dichloronorlichexanthone;lias
Lecidea nylanderi;divaricatic acid;italic
Lecidea nylanderi;divaricatic acid;lias
Lecidea ochroleuca;gyrophoric acid, lecanoric acid;lias
Lecidea paratropoides;confluentic acid;italic
Lecidea paupercula;stictic acid;lias
Lecidea phaeops;atranorin, psoromic acid;lias
Lecidea plana;planaic acid;italic
Lecidea plana;4-o-demethylplanaic acid, planaic acid;lias
Lecidea polytrichina;2'-o-demethylpsoromic acid, atranorin, psoromic acid, usnic acid;lias
Lecidea polytrichinella;alectorialic acid;italic
Lecidea polytrichinella;alectorialic acid, barbatolic acid;lias
Lecidea promiscens;0-methylperlatolic acid;italic
Lecidea promiscens;2'-o-methylmicrophyllinic acid, 2'-o-methylperlatolic acid, confluentic acid;lias
Lecidea promiscua;0-methylperlatolic acid;italic
Lecidea pullata;isosphaeric acid, sphaerophorin;lias
Lecidea rapax;norstictic acid;italic
Lecidea rufofusca;2,5,7-trichloro-3-o-methylnorlichexanthone, unknown/unidentified xanthone(s);lias
Lecidea sauteri;confluentic acid;italic
Lecidea scabridisca;norstictic acid, stictic acid;lias
Lecidea siderolithica;gyrophoric acid;italic
Lecidea siderolithica;gyrophoric acid;lias
Lecidea silacea;norstictic acid, porphyrilic acid, stictic acid;lias
Lecidea speirodes;o-methylanziaic acid;italic
Lecidea sudetica;norstictic acid;italic
Lecidea swartzioidea;norstictic acid;lias
Lecidea terrena;2'-o-methylmicrophyllinic acid, 2'-o-methylnorsuperphyllinic acid, confluentic acid;lias
Lecidea tessellata;confluentic acid;italic
Lecidea tessellata;0-methylperlatolic acid, confluentic acid;italic
Lecidea tessellata;2'-o-methylmicrophyllinic acid, 2'-o-methylperlatolic acid, confluentic acid, hyperconfluentic acid, norstictic acid, porphyrilic acid;lias
Lecidea tragorum;2'-o-methylmicrophyllinic acid, confluentic acid;lias
Lecidea verruca;confluentic acid;italic
Lecidella alba;aotearon, atranorin, capistraton;lias
Lecidella albida;atranorin, thiophanic acid;italic
Lecidella anomaloides;atranorin;italic
Lecidella anomaloides;atranorin, zeorin (hopane-6α,22-diol);lias
Lecidella asema;atranorin, chloroatranorin, thiophanic acid;italic
Lecidella asema;atranorin, thiophanic acid, thiophaninic acid;italic
Lecidella asema;4,5,7-trichloronorlichexanthone (asemone), atranorin, thiophanic acid;lias
Lecidella buelliastrum;4,5,7-trichlorolichexanthone, atranorin, caloploicin, diploicin, thiophanic acid;lias
Lecidella bullata;2'-o-demethylpsoromic acid, atranorin, psoromic acid, zeorin (hopane-6α,22-diol);lias
Lecidella carpathica;atranorin;italic
Lecidella carpathica;atranorin, diploicin, thuringione;lias
Lecidella destituta;atranorin, chloroatranorin;lias
Lecidella effugiens;3-o-methylthiophanic acid, atranorin, chloroatranorin;italic
Lecidella effugiens;aotearon, atranorin, thiophanic acid;lias
Lecidella elaeochroma;atranorin;italic
Lecidella elaeochroma;atranorin;italic
Lecidella elaeochroma;2,4-dichlorolichexanthone, 2,5,7-trichloro-3-o-methylnorlichexanthone, 2,5-dichlorolichexanthone, 4,5-dichloro-3-o-methylnorlichexanthone, 5,7-dichloro-3-o-methylnorlichexanthone, arthothelin, atranorin, diploicin, granulosin, isoarthothelin, lichexanthone, thiophanic acid, thuringione;lias
Lecidella elaeochroma;4,5-dichloronorlichexanthone, arthothelin, capistraton, granulosin, lichexanthone, thiophanic acid;lias
Lecidella elaeochromoides;arthothelin, atranorin, thuringione;lias
Lecidella enteroleucella;arthothelin, atranorin, thuringione;lias
Lecidella euphorea;3-o-methylthiophanic acid, atranorin;italic
Lecidella flavosorediata;arthothelin, lichexanthone;lias
Lecidella flavovirens;4,5,7-trichloronorlichexanthone (asemone), 4,5-dichloronorlichexanthone, 5,7-dichloronorlichexanthone, argopsin, arthothelin, atranorin, norlichexanthone, thiophanic acid;lias
Lecidella granulosula;2,4-dichloronorlichexanthone, 2,5,7-trichloro-3-o-methylnorlichexanthone, 2,5,7-trichlorolichexanthone, 5,7-dichloro-3-o-methylnorlichexanthone, chodatin, demethylchodatin, isoarthothelin, thiophanic acid, thiophaninic acid;lias
Lecidella greenii;stictic acid;lias
Lecidella montana;2,5,7-trichloro-3-o-methylnorlichexanthone, 4,5,7-trichloronorlichexanthone (asemone), isoarthothelin, thiophanic acid;lias
Lecidella oceanica;atranorin, capistraton, isoarthothelin, thiophanic acid;lias
Lecidella patavina;atranorin, zeorin;italic
Lecidella patavina;atranorin, lichexanthone, zeorin (hopane-6α,22-diol);lias
Lecidella pulveracea;unknown/unidentified xanthone(s);lias
Lecidella scabra;atranorin, chloroatranorin, thiophanic acid;italic
Lecidella scabra;arthothelin, atranorin, thuringione;lias
Lecidella stigmatea;atranorin, zeorin;italic
Lecidella stigmatea;atranorin, zeorin (hopane-6α,22-diol);lias
Lecidella sublapidica;2,5,7-trichloro-3-o-methylnorlichexanthone, 2,5,7-trichlorolichexanthone, 3-o-methylasemone, 3-o-methylthiophanic acid, 5,7-dichlorolichexanthone, arthothelin, isoarthothelin, thiophanic acid, vicanicin, vicanicin methyl ether;lias
Lecidella subviridis;atranorin;italic
Lecidella umbrosa;atranorin;italic
Lecidella viridans;arthothelin, thiophanic acid, thuringione;lias
Lecidella vorax;thiophanic acid;italic
Lecidella wulfenii;atranorin;italic
Lecidella xylogena;2,4-dichloronorlichexanthone, 2,5,7-trichloro-3-o-methylnorlichexanthone, 4,5,7-trichloronorlichexanthone (asemone), isoarthothelin, isopigmentosin b, isopigmentosin c, thiophanic acid, thiophaninic acid, usnic acid;lias
Lecidella xylophila;atranorin;italic
Leioderma sorediatum;atranorin, skyrin (rhodophyscin), unknown/unidentified pigment(s), ursolic acid;lias
Leiorreuma melanostalazans;stictic acid;lias
Leiorreuma patellulum;connorstictic acid, norstictic acid;lias
Lendemeriella exsecuta;emodin, fallacinal, fragilin, parietin, parietinic acid;italic
Lendemeriella nivalis;emodin, fallacinal, parietin, parietinic acid, teloschistin;italic
Lepra amara;picrolichenic acid;italic
Lepra amara;picrolichenic acid;italic
Lepra aspergilla;fumarprotocetraric acid, succinprotocetraric acid;italic
Lepra corallina;thamnolic acid;italic
Lepra dactylina;fumarprotocetraric acid;italic
Lepra excludens;norstictic acid, salazinic acid;italic
Lepra graeca;fumarprotocetraric acid;italic
Lepra leucosora;protocetraric acid, succinprotocetraric acid;italic
Lepra mammosa;fumarprotocetraric acid;italic
Lepra monogona;norstictic acid;italic
Lepra multipuncta;physodalic acid, protocetraric acid;italic
Lepra pulvinata;picrolichenic acid;italic
Lepra trachythallina;thamnolic acid;italic
Lepraria achariana;angardianic acid, lecanoric acid, roccellic acid, unknown/unidentified anthraquinone(s);lias
Lepraria adhaerens;dechloropannarin, hypopannarin, norpannarin, pannarin, zeorin (hopane-6α,22-diol);lias
Lepraria alpina;atranorin, porphyrilic acid;italic
Lepraria alpina;angardianic acid, atranorin, porphyrilic acid, rangiformic acid, roccellic acid;lias
Lepraria atlantica;angardianic acid, atranorin, porphyrilic acid, rangiformic acid;italic
Lepraria atlantica;angardianic acid, atranorin, jackinic acid, norjackinic acid, norrangiformic acid, porphyrilic acid, rangiformic acid, roccellic acid, unknown/unidentified anthraquinone(s);lias
Lepraria atrotomentosa;atranorin, lecanoric acid, unknown/unidentified fatty acid(s), zeorin (hopane-6α,22-diol);lias
Lepraria aurescens;thamnolic acid;lias
Lepraria bergensis;atranorin, rangiformic acid;italic
Lepraria bergensis;7-chloroemodin, a01-anthrone, atranorin, emodin, fragilin, norrangiformic acid, parietin, rangiformic acid;lias
Lepraria borealis;atranorin, norrangiformic acid, rangiformic acid;italic
Lepraria borealis;angardianic acid, atranorin, norrangiformic acid, rangiformic acid, roccellic acid;lias
Lepraria brasiliensis;atranorin, decarboxythamnolic acid, thamnolic acid, unknown/unidentified compound(s);lias
Lepraria caesiella;angardianic acid, atranorin, roccellic acid, zeorin (hopane-6α,22-diol);lias
Lepraria caesioalba;atranorin;italic
Lepraria caesioalba;angardianic acid, atranorin, conpsoromic acid, constictic acid, cryptostictic acid, fumarprotocetraric acid, protocetraric acid, psoromic acid, rangiformic acid, roccellic acid, stictic acid;lias
Lepraria celata;angardianic acid, atranorin, roccellic acid;lias
Lepraria coriensis;argopsin, atranorin, caloploicin, dehydroconstipatic acid, fulgidin, isousnic acid, norargopsin, protodehydroconstipatic acid, usnic acid, zeorin (hopane-6α,22-diol);lias
Lepraria crassissima;divaricatic acid, nordivaricatic acid, zeorin;italic
Lepraria crassissima;divaricatic acid, nordivaricatic acid, zeorin (hopane-6α,22-diol);lias
Lepraria cupressicola;atranorin, gyrophoric acid, jackinic acid, lecanoric acid, rangiformic acid, zeorin (hopane-6α,22-diol);lias
Lepraria dibenzofuranica;3,7-di-o-methylstrepsilin, 3-o-methylstrepsilin, 7-chloroemodin, 7-o-methylstrepsilin, atranorin, flavo-obscurin c, fragilin, jackinic acid, norjackinic acid, norrangiformic acid, rangiformic acid, strepsilin, usnic acid;lias
Lepraria diffusa;4-oxypannaric acid, pannaric acid;italic
Lepraria eburnea;alectorialic acid;italic
Lepraria eburnea;2'-o-demethylpsoromic acid, 5,7-dihydroxy-6-methylphthalide, alectorialic acid, angardianic acid, atranorin, barbatolic acid, protocetraric acid, psoromic acid, roccellic acid;lias
Lepraria ecorticata;atranorin, porphyrilic acid, unknown/unidentified (tri-)terpenoid(s), (tri-)terpene(s), unknown/unidentified fatty acid(s), usnic acid, zeorin (hopane-6α,22-diol);lias
Lepraria elobata;atranorin;italic
Lepraria elobata;atranorin, constictic acid, cryptostictic acid, stictic acid, unknown/unidentified fatty acid(s), zeorin (hopane-6α,22-diol);lias
Lepraria finkii;atranorin, zeorin;italic
Lepraria flavescens;atranorin, eugenitol, sordidone;lias
Lepraria friabilis;confumarprotocetraric acid, fumarprotocetraric acid, protocetraric acid, succinprotocetraric acid;lias
Lepraria gelida;alectorialic acid, porphyrilic acid;lias
Lepraria glaucosorediata;alectorialic acid, lecanoric acid, protocetraric acid;lias
Lepraria goughensis;7-chloroemodin, flavo-obscurin c, fragilin, gyrophoric acid, lecanoric acid, strepsilin;lias
Lepraria granulata;atranorin;italic
Lepraria granulata;atranorin, unknown/unidentified anthraquinone(s), unknown/unidentified fatty acid(s);lias
Lepraria humida;angardianic acid, atranorin, constictic acid, jackinic acid, norjackinic acid, norrangiformic acid, rangiformic acid, roccellic acid, unknown/unidentified anthraquinone(s);lias
Lepraria impossibilis;4-oxypannaric acid 6-methyl ester, atranorin, lecanoric acid, pannaric acid 6-methyl ester, unknown/unidentified anthraquinone(s), unknown/unidentified compound(s);lias
Lepraria incana;divaricatic acid, parietin, zeorin;italic
Lepraria incana;atranorin, citreorosein, divaricatic acid, fallacinal, gyrophoric acid, lecanoric acid, nordivaricatic acid, parietin, parietinic acid, thamnolic acid, unknown/unidentified (tri-)terpenoid(s), (tri-)terpene(s), zeorin (hopane-6α,22-diol);lias
Lepraria isidiata;atranorin;italic
Lepraria isidiata;atranorin, fumarprotocetraric acid, protocetraric acid, roccellic acid;lias
Lepraria jackii;atranorin;italic
Lepraria jackii;atranorin, jackinic acid, norjackinic acid, norrangiformic acid, roccellic acid, toensbergianic acid;lias
Lepraria lanata;angardianic acid, protocetraric acid, roccellic acid;lias
Lepraria larrainiana;lecanoric acid, strepsilin;lias
Lepraria lecanorica;atranorin, lecanoric acid;lias
Lepraria leprolomopsis;atranorin, connorstictic acid, constictic acid, cryptostictic acid, norstictic acid, stictic acid, unknown/unidentified (tri-)terpenoid(s), (tri-)terpene(s);lias
Lepraria leuckertiana;isousnic acid, usnic, usnic acid, zeorin;italic
Lepraria leuckertiana;isousnic acid, usnic acid, zeorin (hopane-6α,22-diol);lias
Lepraria lobata;3,7-di-o-methylstrepsilin, 7-chloroemodin, angardianic acid, atranorin, conpallidic acid, fragilin, jackinic acid, norjackinic acid, norrangiformic acid, pallidic acid, rangiformic acid, roccellic acid, ursolic acid, zeorin (hopane-6α,22-diol);lias
Lepraria lobificans;atranorin, fumarprotocetraric acid, protocetraric acid, roccellic acid, zeorin;italic
Lepraria lobificans;angardianic acid, atranorin, constictic acid, cryptostictic acid, norstictic acid, roccellic acid, stictic acid, zeorin (hopane-6α,22-diol);lias
Lepraria malouina;constictic acid, stictic acid, usnic acid;lias
Lepraria membranacea;angardianic acid, atranorin, pannaric acid;italic
Lepraria methylbarbatica;barbatic acid, methyl barbatate;lias
Lepraria multiacida;3,7-di-o-methylstrepsilin, 7-o-methylstrepsilin, atranorin, connorstictic acid, consalazinic acid, constictic acid, norstictic acid, salazinic acid, stictic acid, strepsilin, unknown/unidentified (tri-)terpenoid(s), (tri-)terpene(s), unknown/unidentified dibenzofuran(s), zeorin (hopane-6α,22-diol);lias
Lepraria neglecta;5,7-dihydroxy-6-methylphthalide, alectorialic acid, angardianic acid, atranorin, barbatolic acid, norrangiformic acid, roccellic acid;lias
Lepraria neojackii;angardianic acid, jackinic acid, porphyrilic acid, roccellic acid, unknown/unidentified anthraquinone(s);lias
Lepraria nivalis;atranorin;italic
Lepraria nivalis;2'-o-demethylpsoromic acid, atranorin, constictic acid, cryptostictic acid, fumarprotocetraric acid, norstictic acid, protocetraric acid, psoromic acid, roccellic acid, stictic acid;lias
Lepraria normandinoides;atranorin, fumarprotocetraric acid, protocetraric acid, roccellic acid, virensic acid;lias
Lepraria nothofagi;atranorin, lecanoric acid, porphyrilic acid, strepsilin;lias
Lepraria nylanderiana;atranorin;italic
Lepraria nylanderiana;atranorin, decarboxythamnolic acid, roccellic acid, thamnolic acid;lias
Lepraria obtusatica;barbatic acid, norobtusatic acid, obtusatic acid, unknown/unidentified pigment(s);lias
Lepraria pallida;atranorin, unknown/unidentified (tri-)terpenoid(s), (tri-)terpene(s), unknown/unidentified compound(s), unknown/unidentified fatty acid(s), zeorin (hopane-6α,22-diol);lias
Lepraria pulchra;thamnolic acid;lias
Lepraria rigidula;atranorin;italic
Lepraria rigidula;atranorin, nephrosteranic acid, unknown/unidentified anthraquinone(s);lias
Lepraria salazinica;angardianic acid, atranorin, roccellic acid, salazinic acid;lias
Lepraria santamonicae;argopsin, norargopsin;lias
Lepraria santosii;atranorin, constictic acid, fumarprotocetraric acid, gyrophoric acid, norstictic acid, protocetraric acid, roccellic acid, stictic acid, thamnolic acid, unknown/unidentified compound(s), zeorin (hopane-6α,22-diol);lias
Lepraria sekikaica;4'-o-demethylsekikaic acid, atranorin, di-o-methylstrepsilin, fragilin, homosekikaic acid, sekikaic acid;lias
Lepraria sipmaniana;4-oxypannaric acid 6-methyl ester, 7-chloroemodin, emodin, fragilin, oxypannaric acid 6-methyl ester, pannaric acid 6-methyl ester, parietin, unknown/unidentified compound(s);lias
Lepraria squamatica;baeomycesic acid, barbatic acid, hypothamnolic acid, protocetraric acid, squamatic acid, subbaeomycesic acid, subsquamatic acid, unknown/unidentified fatty acid(s);lias
Lepraria stephaniana;4-o-methylleprolomin, salazinic acid, unknown/unidentified (tri-)terpenoid(s), (tri-)terpene(s), zeorin (hopane-6α,22-diol);lias
Lepraria straminea;usnic acid, zeorin (hopane-6α,22-diol);lias
Lepraria sylvicola;atranorin;italic
Lepraria sylvicola;angardianic acid, atranorin, roccellic acid, toensbergianic acid, unknown/unidentified anthraquinone(s);lias
Lepraria texta;angardianic acid, atranorin, roccellic acid, usnic acid, zeorin (hopane-6α,22-diol);lias
Lepraria toensbergiana;toensbergianic acid;lias
Lepraria toilenae;confumarprotocetraric acid, fumarprotocetraric acid, malonprotocetraric acid, protocetraric acid, roccellic acid;lias
Lepraria torii;angardianic acid, atranorin, fumarprotocetraric acid, protocetraric acid, roccellic acid;lias
Lepraria umbricola;atranorin, thamnolic acid;italic
Lepraria umbricola;angardianic acid, atranorin, decarboxythamnolic acid, roccellic acid, thamnolic acid;lias
Lepraria usnica;atranorin, chloroatranorin, contortin, hopane-16β,22-diol, isousnic acid, placodiolic acid, roccellic acid, usnic acid, zeorin (hopane-6α,22-diol);lias
Lepraria vouauxii;atranorin, pannaric acid;italic
Lepraria xerophila;angardianic acid, atranorin, chloroatranorin, isostrepsilic acid, jackinic acid, norascomatic acid;italic
Lepraria xerophila;atranorin, chloroatranorin, isostrepsilic acid, methyl porphyrilate, norascomatic acid, pannaric acid, pannaric acid 6-methyl ester, porphyrilic acid, rangiformic acid, roccellic acid, strepsilin, unknown/unidentified dibenzofuran(s);lias
Lepraria yunnaniana;divaricatic acid, nordivaricatic acid;lias
Lepraria zeorinica;angardianic acid, atranorin, porphyrilic acid, rangiformic acid, roccellic acid, zeorin (hopane-6α,22-diol);lias
Leprocaulon albicans;atranorin, baeomycesic acid, protocetraric acid, psoromic acid, rangiformic acid, squamatic acid;lias
Leprocaulon calcicola;usnic, usnic acid, zeorin;italic
Leprocaulon gracilescens;atranorin, rangiformic acid;lias
Leprocaulon inexpectatum;usnic, usnic acid, zeorin;italic
Leprocaulon microscopicum;rangiformic acid, usnic acid, zeorin (hopane-6α,22-diol);lias
Leprocaulon pseudocalcicola;usnic;italic
Leprocaulon quisquiliare;usnic, usnic acid, zeorin;italic
Leproloma cacuminum;angardianic acid, atranorin, conporphyrilinic acid, porphyrilic acid, rangiformic acid, roccellic acid;lias
Leproloma diffusum;4-oxypannaric acid, 4-oxypannaric acid dimethyl ester, pannaric acid, pannaric acid 2-methyl ester, pannaric acid methylester, unknown/unidentified compound(s), unknown/unidentified dibenzofuran(s);lias
Leproloma membranaceum;angardianic acid, atranorin, norstictic acid, pannaric acid, roccellic acid, unknown/unidentified dibenzofuran(s), zeorin (hopane-6α,22-diol);lias
Leproloma vouauxii;4-oxypannaric acid 6-methyl ester, 4-oxypannaric acid dimethyl ester, 8-oxypannaric acid 6-methyl ester, atranorin, gyrophoric acid, lecanoric acid, methyl porphyrilate, pannaric acid, pannaric acid 2-methyl ester, pannaric acid 6-methyl ester, porphyrilic acid, roccellic acid, unknown/unidentified anthraquinone(s), unknown/unidentified compound(s), zeorin (hopane-6α,22-diol);lias
Leproplaca chrysodeta;emodin, fallacinal, parietin, teloschistin;italic
Leproplaca cirrochroa;emodin, fallacinal, parietin, teloschistin;italic
Leproplaca obliterans;emodin, fallacinal, parietin, teloschistin;italic
Leproplaca proteus;emodin, fallacinal, parietin, teloschistin;italic
Leproplaca xantholyta;emodin, fallacinal, parietin, teloschistin;italic
Letharia columbiana;vulpinic acid;lias
Letharia vulpina;atranorin;italic
Letharia vulpina;vulpinic acid;lias
Lethariella canariensis;atranorin, canarione, chloroatranorin, isorangiformic acid, norrangiformic acid, rangiformic acid;lias
Lethariella cashmeriana;atranorin, canarione, gyrophoric acid, isorangiformic acid, norrangiformic acid, norstictic acid, rangiformic acid;lias
Lethariella cladonioides;2'-o-demethylpsoromic acid, atranorin, canarione, isorangiformic acid, norrangiformic acid, psoromic acid, rangiformic acid;lias
Lethariella flexuosa;2'-o-demethylpsoromic acid, atranorin, canarione, isorangiformic acid, norrangiformic acid, psoromic acid, rangiformic acid;lias
Lethariella intricata;4-0-methylcryptochlorophaeic acid, atranorin, chloroatranorin, fatty acid, isorangiformic acid, submero-chlorophaeic acid;italic
Lethariella intricata;4-o-methylcryptochlorophaeic acid, atranorin, chloroatranorin, isorangiformic acid, merochlorophaeic acid, norrangiformic acid, rangiformic acid, submerochlorophaeic acid;lias
Lethariella mieheana;2'-o-demethylpsoromic acid, atranorin, canarione, isorangiformic acid, norrangiformic acid, psoromic acid, rangiformic acid;lias
Lethariella sernanderi;atranorin, canarione, gyrophoric acid, isorangiformic acid, norrangiformic acid, norstictic acid, rangiformic acid;lias
Lethariella smithii;atranorin, canarione, isorangiformic acid, norrangiformic acid, placodiolic acid, rangiformic acid;lias
Lethariella togashii;4-hydroxyvulpinic acid, atranorin, isorangiformic acid, norrangiformic acid, rangiformic acid, vulpinic acid;lias
Lethariella zahlbruckneri;atranorin, canarione, gyrophoric acid, isorangiformic acid, norrangiformic acid, norstictic acid, rangiformic acid;lias
Letrouitia aureola;7-chloroemodin, 7-chlorofallacinal, 7-chloroparietinic acid, 7-chloroteloschistin, emodin, fragilin, fragilin bisanthrone, parietin;lias
Letrouitia bifera;7-chloroemodinal, 7-chloroparietinic acid, emodin, fragilin, fragilin bisanthrone, parietin;lias
Letrouitia corallina;5-chloroemodin, 7-chloroemodin, 7-chlorofallacinal, 7-chloroparietinic acid, 7-chloroteloschistin, emodin, fragilin, fragilin bisanthrone, parietin, physcoin bisanthrone;lias
Letrouitia coralloidea;5-chloroemodin, 7-chloroemodin, 7-chlorofallacinal, 7-chloroparietinic acid, 7-chloroteloschistin, emodin, fragilin, fragilin bisanthrone, parietin, physcoin bisanthrone;lias
Letrouitia domingensis;emodin, fragilin, parietin;lias
Letrouitia flavocrocea;7-chloroemodin, 7-chlorofallacinal, 7-chloroparietinic acid, 7-chloroteloschistin, 8-chlorodioxodidymic acid, 8-chlorooxodidymic acid, dioxodidymic acid, fragilin, fragilin bisanthrone, letrouitic acid, oxodidymic acid, parietin;lias
Letrouitia hafellneri;7-chloroemodin, 7-chloroemodinal, 7-chloroparietinic acid, flavo-obscurin a, fragilin, parietin, physcoin bisanthrone;lias
Letrouitia leprolyta;7-chloroemodin, 7-chlorofallacinal, 7-chloroparietinic acid, 7-chloroteloschistin, emodin, exuviatic acid b, fragilin, fragilin bisanthrone, parietin, physcoin bisanthrone;lias
Letrouitia leprolytoides;7-chloroemodin, 7-chloroemodinal, 7-chloroparietinic acid, flavo-obscurin a, fragilin, parietin, physcoin bisanthrone;lias
Letrouitia muralis;7-chloroemodin, 7-chlorofallacinal, 7-chloroparietinic acid, 7-chloroteloschistin, emodin, fragilin, fragilin bisanthrone, parietin, physcoin bisanthrone;lias
Letrouitia parabola;7-chloroemodin, 7-chloroemodinal, 7-chloroparietinic acid, 7-chloroteloschistin, emodin, exuviatic acid b, fragilin, fragilin bisanthrone, parietin, physcoin bisanthrone;lias
Letrouitia sayeri;7-chloroemodin, 7-chloroemodinal, 7-chloroparietinic acid, exuviatic acid b, fragilin, fragilin bisanthrone, parietin, unknown/unidentified compound(s);lias
Letrouitia transgressa;7-chloroemodin, 7-chlorofallacinal, 7-chloroparietinic acid, 7-chloroteloschistin, emodin, exuviatic acid b, fragilin, fragilin bisanthrone, parietin, physcoin bisanthrone;lias
Letrouitia vulpina;8-chlorodioxocondidymic acid, 8-chlorodioxodidymic acid, 8-chlorooxodidymic acid, dioxocondidymic acid, dioxodidymic acid, fragilin, letrouitic acid, oxodidymic acid, parietin;lias
Leucodecton albidulum;constictic acid, cryptostictic acid, hypostictic acid, stictic acid, α-acetylconstictic acid, α-acetylhypoconstictic acid;lias
Leucodecton biokoense;hypostictic acid, stictic acid;lias
Leucodecton compunctellum;constictic acid, cryptostictic acid, hypoconstictic acid, hypostictic acid, stictic acid;lias
Leucodecton fissurinum;constictic acid, hypoconstictic acid, hypostictic acid, stictic acid, α-acetylconstictic acid;lias
Leucodecton occultum;connorstictic acid, norstictic acid, stictic acid, α-acetylconstictic acid;lias
Leucodecton sorediiferum;hypostictic acid, stictic acid;lias
Leucodermia leucomelos;atranorin, chloroatranorin, zeorin;italic
Lithographa marionensis;gyrophoric acid;lias
Lithographa tesserata;norstictic acid;italic
Lithographa tesserata;norstictic acid;lias
Lithothelium fluorescens;lichexanthone;lias
Llimonaea californica;erythrin, lecanoric acid;lias
Llimonaea flexuosa;erythrin, gyrophoric acid, lecanoric acid;lias
Llimonaea sorediata;atranorin, erythrin, isoerythrin, lecanoric acid, placodiolic acid;lias
Lobaria adscripta;gyrophoric acid;lias
Lobaria adscripturiens;congyrophoric acid, gyrophoric acid;lias
Lobaria clemensiae;gyrophoric acid;lias
Lobaria crassior;congyrophoric acid, gyrophoric acid;lias
Lobaria dendrophora;gyrophoric acid;lias
Lobaria discolor;gyrophoric acid, lecanoric acid;lias
Lobaria endochroma;unknown/unidentified pigment(s);lias
Lobaria ferax;gyrophoric acid;lias
Lobaria fuscotomentosa;4-o-methylgyrophoric acid (congyrophoric acid), gyrophoric acid;lias
Lobaria hallii;unknown/unidentified compound(s), unknown/unidentified pigment(s);lias
Lobaria hartmannii;gyrophoric acid, lecanoric acid;lias
Lobaria hertelii;gyrophoric acid, lecanoric acid;lias
Lobaria isidiophora;constictic acid, cryptostictic acid, gyrophoric acid, norstictic acid, stictic acid;lias
Lobaria isidiosa;retigeradiol, retigeranic acid, retigeric acid a, retigeric acid b, stictic acid;lias
Lobaria kurokawae;thelophoric acid, unknown/unidentified compound(s);lias
Lobaria linita;tenuiorin, unknown/unidentified compound(s);lias
Lobaria macaronesica;constictic acid, norstictic acid;lias
Lobaria meridionalis;constictic acid, norstictic acid, stictic acid;lias
Lobaria oregana;constictic acid, norstictic acid, stictic acid, unknown/unidentified compound(s), usnic acid;lias
Lobaria patinifera;gyrophoric acid, lecanoric acid, methyl gyrophorate;lias
Lobaria plurimiseptata;gyrophoric acid, lecanoric acid;lias
Lobaria pseudopulmonaria;constictic acid, norstictic acid, retigeradiol, retigeranic acid, retigeric acid a, retigeric acid b, stictic acid, thelophoric acid;lias
Lobaria pulmonaria;constictic acid, norstictic acid, stictic acid, unknown/unidentified compound(s);lias
Lobaria quercizans;4-o-methylgyrophoric acid (congyrophoric acid), atranorin, gyrophoric acid, unknown/unidentified compound(s);lias
Lobaria ravenelii;4-o-methylgyrophoric acid (congyrophoric acid), atranorin, gyrophoric acid;lias
Lobaria retigera;thelophoric acid, unknown/unidentified compound(s);lias
Lobaria retigera;retigeric acid a, retigeric acid b, retigeric acid c, retigeric acid d, thelephoric acid;lias
Lobaria retigera;constictic acid, cryptostictic acid, methyl stictic acid, retigeric acid a, retigeric acid b, retigeric acid c, stictic acid, thelephoric acid;lias
Lobaria rhaphispora;gyrophoric acid, lecanoric acid;lias
Lobaria scrobiculata;constictic acid, cryptostictic acid, norstictic acid, scrobiculin, stictic acid, usnic acid;lias
Lobaria scrobiculata;constictic acid, cryptostictic acid, norstictic acid, scrobiculic acid, stictic acid, usnic acid;lias
Lobaria spathulata;gyrophoric acid;lias
Lobaria subscrobiculata;congyrophoric acid, gyrophoric acid;lias
Lobaria tenuis;4-o-methylgyrophoric acid (congyrophoric acid), atranorin, gyrophoric acid;lias
Lobariella crenulata;4-o-methylgyrophoric acid (congyrophoric acid), gyrophoric acid, unknown/unidentified compound(s);lias
Lobariella exornata;gyrophoric acid, unknown/unidentified compound(s);lias
Lobariella sipmanii;gyrophoric acid;lias
Lobariella subexornata;4-o-methylgyrophoric acid (congyrophoric acid), gyrophoric acid, pseudocyphellarin a (3-hydroxy-4-methoxycarbonyl-2,5,6-trimethylphenyl 3-formyl-2,4-dihydroxy-5,6-dimethylbenzoate);lias
Lobarina scrobiculata;2 lacks stictic acid, usnic;italic
Lobothallia alphoplaca;constictic acid, norstictic acid, salazinic acid, stictic acid;lias
Lobothallia cheresina;norstictic acid, stictic acid;italic
Lobothallia cheresina;norstictic acid;italic
Lobothallia praeradiosa;constictic acid, norstictic acid;lias
Lobothallia radiosa;atranorin, norstictic acid, stictic acid;lias
Lobothallia radiosa;atranorin, norstictic acid, stictic acid;lias
Loflammia epiphylla;atranorin, hypostictic acid, stictic acid;lias
Lopadium disciforme;atranorin;lias
Loxospora chloropolia;elatinic acid, thamnolic acid;italic
Loxospora cismonica;thamnolic acid;italic
Loxospora cismonica;thamnolic acid;lias
Loxospora cyamidia;thamnolic acid;lias
Loxospora elatina;elatinic acid, squamatic acid, thamnolic acid;italic
Loxospora elatina;elatinic acid, squamatic acid, thamnolic acid;lias
Loxospora lecanoriformis;2'-o-methylperlatolic acid, perlatolic acid;lias
Loxospora macrosperma;perlatolic acid;lias
Loxospora pustulata;atranorin, elatinic acid, squamatic acid, thamnolic acid;lias
Loxospora solenospora;gyrophoric acid, thamnolic acid;lias
Malcolmiella piperis;norsolorinic acid;lias
Malmidea amazonica;norsolorinic acid, unknown/unidentified anthraquinone(s);lias
Malmidea badimioides;unknown/unidentified fatty acid(s);lias
Malmidea duplomarginata;atranorin, eumitrin(s) – unspecified;lias
Malmidea piae;atranorin, eumitrin d, eumitrin f, unknown/unidentified compound(s), usnic acid;lias
Malmidea rhodopis;norsolorinic acid;lias
Malmidea subgranifera;atranorin, eumitrin x, xantholepinone c, xantholepinone f, xantholepinone g, xantholepinone h, xantholepinone i, xantholepinone j;lias
Malmographina plicosa;unknown/unidentified pigment(s);lias
Marcelaria benguelensis;lichexanthone, parietin, teloschistin;lias
Maronea afroalpina;divaricatic acid;lias
Maronea constans;sekikaic acid;italic
Maronea constans;4'-o-demethylsekikaic acid, homosekikaic acid, sekikaic acid;lias
Maronina australiensis;unknown/unidentified compound(s);lias
Mazosia dispersa;unknown/unidentified fatty acid(s);lias
Mazosia melanophthalma;unknown/unidentified fatty acid(s);lias
Mazosia praemorsa;psoromic acid;lias
Mazosia rotula;psoromic acid;lias
Mazosia rubropunctata;unknown/unidentified pigment(s);lias
Mazosia sorediifera;unknown/unidentified fatty acid(s);lias
Mazosia tumidula;psoromic acid;lias
Megalaria beechingii;atranorin, zeorin (hopane-6α,22-diol);lias
Megalaria endochroma;atranorin, zeorin (hopane-6α,22-diol);lias
Megalaria laureri;atranorin;italic
Megalaria leptocheila;atranorin, zeorin (hopane-6α,22-diol);lias
Megalaria melanotropa;atranorin, zeorin (hopane-6α,22-diol);lias
Megalaria orokonuiana;unknown/unidentified compound(s);lias
Megalaria pulverea;atranorin, zeorin;italic
Megalaria pulverea;atranorin, fumarprotocetraric acid, protocetraric acid, unknown/unidentified (tri-)terpenoid(s), (tri-)terpene(s), unknown/unidentified fatty acid(s), unknown/unidentified pigment(s), zeorin (hopane-6α,22-diol);lias
Megaloblastenia flavidoatra;usnic acid, zeorin (hopane-6α,22-diol);lias
Megalospora austropacifica;usnic acid, zeorin (hopane-6α,22-diol);lias
Megalospora caraibica;pannarin, unknown/unidentified compound(s), zeorin (hopane-6α,22-diol);lias
Megalospora disjuncta;usnic acid, zeorin (hopane-6α,22-diol);lias
Megalospora gompholoma;pannarin;lias
Megalospora imshaugii;pannarin, zeorin (hopane-6α,22-diol);lias
Megalospora lopadioides;pannarin, zeorin (hopane-6α,22-diol);lias
Megalospora melanodermia;usnic acid, zeorin (hopane-6α,22-diol);lias
Megalospora melanodermia;usnic acid, zeorin (hopane-6α,22-diol);lias
Megalospora melanodermia;demethylvioxanthin, usnic acid, vioxanthin, zeorin (hopane-6α,22-diol);lias
Megalospora occidentalis;pannarin, zeorin (hopane-6α,22-diol);lias
Megalospora pachycheila;lichexanthone, pannarin, usnic acid, zeorin (hopane-6α,22-diol);lias
Megalospora pulverata;pannarin, zeorin (hopane-6α,22-diol);lias
Megalospora subtuberculosa;usnic acid, zeorin (hopane-6α,22-diol);lias
Megalospora tuberculosa;usnic, usnic acid, zeorin;italic
Megalospora tuberculosa;unknown/unidentified compound(s), usnic acid, zeorin (hopane-6α,22-diol);lias
Melanelia albertana;lecanoric acid;lias
Melanelia calva;5-o-methylhiascic acid, gyrophoric acid;lias
Melanelia commixta;4-o-methylphysodic acid, alectoronic acid, atranorin, chloroatranorin, physodic acid, α-collatolic acid;lias
Melanelia culbersonii;atranorin, norstictic acid, stictic acid;lias
Melanelia disjuncta;gyrophoric acid, perlatolic acid, stenosporic acid;lias
Melanelia fuscosorediata;5-o-methylhiascic acid, gyrophoric acid;lias
Melanelia glabra;lecanoric acid;lias
Melanelia glabratuloides;5-o-methylhiascic acid, gyrophoric acid;lias
Melanelia glabroides;lecanoric acid;lias
Melanelia halei;fumarprotocetraric acid, protocetraric acid;lias
Melanelia hepatizon;atranorin, chloroatranorin, constictic acid, cryptostictic acid, menegazziaic acid, norstictic acid, stictic acid;lias
Melanelia microglabra;2-o-methyllecanoric acid, gyrophoric acid, lecanoric acid, ovoic acid;lias
Melanelia olivacea;fumarprotocetraric acid, protocetraric acid;lias
Melanelia olivaceoides;fumarprotocetraric acid, protocetraric acid;lias
Melanelia panniformis;perlatolic acid, stenosporic acid;lias
Melanelia piliferella;5-o-methylhiascic acid, gyrophoric acid;lias
Melanelia predisjuncta;perlatolic acid, stenosporic acid;lias
Melanelia pseudoglabra;5-o-methylhiascic acid, gyrophoric acid, unknown/unidentified compound(s);lias
Melanelia septentrionalis;fumarprotocetraric acid, protocetraric acid;lias
Melanelia sorediata;perlatolic acid, stenosporic acid;lias
Melanelia stygia;caperatic acid, fumarprotocetraric acid, protocetraric acid, unknown/unidentified fatty acid(s);lias
Melanelia subargentifera;lecanoric acid;lias
Melanelia subaurifera;lecanoric acid, subauriferin;lias
Melanelia subglabra;5-o-methylhiascic acid, gyrophoric acid, unknown/unidentified compound(s);lias
Melanelia tominii;gyrophoric acid, ovoic acid, umbilicaric acid;lias
Melanelia trabeculata;norstictic acid;lias
Melanelia villosella;lecanoric acid;lias
Melanelixia fuliginosa;lecanoric acid, skyrin (rhodophyscin), unknown/unidentified compound(s);lias
Melanelixia fuliginosa;lecanoric acid, skyrin (rhodophyscin), unknown/unidentified compound(s);lias
Melanelixia huei;lecanoric acid, skyrin (rhodophyscin);lias
Melanohalea gomukhensis;fumarprotocetraric acid, protocetraric acid;lias
Melanohalea nilgirica;caperatic acid;lias
Melanohalea olivacea;atranorin, fumarprotocetraric acid, protocetraric acid;italic
Melanohalea poeltii;fumarprotocetraric acid;lias
Melanohalea septentrionalis;confumarprotocetraric acid, fumarprotocetraric acid, protocetraric acid;italic
Melanotopelia africana;constictic acid, stictic acid;lias
Melanotopelia blepharostoma;norstictic acid, protocetraric acid, salazinic acid;lias
Melanotopelia rugosa;constictic acid, cryptostictic acid, stictic acid;lias
Melanotopelia toensbergii;protocetraric acid;lias
Melanotrema astrolucens;lichexanthone;lias
Melanotrema endomelaenum;2'-o-demethylpsoromic acid, psoromic acid, subpsoromic acid;lias
Melanotrema lirelliforme;lichexanthone;lias
Melanotrema melanophthalmum;protocetraric acid, unknown/unidentified compound(s);lias
Melanotrema platystomum;lichexanthone;lias
Menegazzia aeneofusca;constictic acid, menegazziaic acid, norstictic acid, stictic acid;lias
Menegazzia anteforata;stictic acid;lias
Menegazzia asahinae;atranorin, constictic acid, cryptostictic acid, menegazziaic acid, norstictic acid, stictic acid, unknown/unidentified compound(s);lias
Menegazzia asekiensis;atranorin, chloroatranorin, constictic acid, stictic acid, unknown/unidentified fatty acid(s), vioxanthin;lias
Menegazzia caesiopruinosa;atranorin, constictic acid, menegazziaic acid, norstictic acid, stictic acid;lias
Menegazzia caliginosa;atranorin, constictic acid, echinocarpic acid, norstictic acid, stictic acid, unknown/unidentified pigment(s);lias
Menegazzia capitata;atranorin, chloroatranorin, constictic acid, cryptostictic acid, menegazziaic acid, stictic acid, unknown/unidentified compound(s);lias
Menegazzia castanea;constictic acid, menegazziaic acid, stictic acid;lias
Menegazzia caviisidia;atranorin, chloroatranorin, thamnolic acid, unknown/unidentified (tri-)terpenoid(s), (tri-)terpene(s);lias
Menegazzia confusa;atranorin, caperatic acid;lias
Menegazzia conica;atranorin, fumarprotocetraric acid;lias
Menegazzia corrugata;atranorin, constictic acid, cryptostictic acid, menegazziaic acid, norstictic acid;lias
Menegazzia dissecta;atranorin, constictic acid, cryptostictic acid, menegazziaic acid, stictic acid;lias
Menegazzia elongata;constictic acid, cryptostictic acid, menegazziaic acid, stictic acid, unknown/unidentified compound(s);lias
Menegazzia endocrocea;atranorin, chloroatranorin, constictic acid, cryptostictic acid, isopigmentosin a, isopigmentosin b, isopigmentosin c, peristictic acid, stictic acid;lias
Menegazzia enteroxantha;atranorin, calycin, stictic acid, unknown/unidentified pigment(s);lias
Menegazzia eperforata;atranorin, constictic acid, menegazziaic acid, norstictic acid;lias
Menegazzia faminensis;atranorin, chloroatranorin, gyrophoric acid, pigmentosin a, strepsilin, unknown/unidentified fatty acid(s);lias
Menegazzia fertilis;constictic acid, menegazziaic acid, norstictic acid, stictic acid;lias
Menegazzia fissicarpa;atranorin, constictic acid, menegazziaic acid, norstictic acid, stictic acid;lias
Menegazzia fumarprotocetrarica;atranorin, chloroatranorin, fumarprotocetraric acid, protocetraric acid, succinprotocetraric acid, unknown/unidentified compound(s);lias
Menegazzia globoisidiata;ascomatic acid, atranorin, chloroatranorin, constictic acid, gyrophoric acid, menegazziaic acid, peristictic acid, stictic acid;lias
Menegazzia globulifera;lecanoric acid, usnic acid;lias
Menegazzia grandis;constictic acid, cryptostictic acid, norstictic acid, stictic acid;lias
Menegazzia inactiva;murolic acid, unknown/unidentified fatty acid(s);lias
Menegazzia jamesii;atranorin, chloroatranorin, homolichesterinic acid, isonephrosterinic acid, lichesterinic acid, nephrosterinic acid, pigmentosin a, protolichesterinic acid, strepsilin;lias
Menegazzia kantvilasii;atranorin, caperatic acid, constictic acid, menegazziaic acid, stictic acid, unknown/unidentified fatty acid(s);lias
Menegazzia lordhowensis;atranorin, chloroatranorin, constictic acid, cryptostictic acid, isopigmentosin a, isopigmentosin b, isopigmentosin c, menegazziaic acid, norstictic acid, peristictic acid, stictic acid, substictic acid;lias
Menegazzia malesiana;atranorin, chloroatranorin, constictic acid, gyrophoric acid, norstictic acid, peristictic acid, pigmentosin a, stictic acid, vioxanthin;lias
Menegazzia minuta;atranorin, lichesterinic acid, protolichesterinic acid;lias
Menegazzia monospora;atranorin, chloroatranorin, constictic acid, cryptostictic acid, menegazziaic acid, norstictic acid, peristictic acid, unknown/unidentified compound(s);lias
Menegazzia myriotrema;atranorin, cryptostictic acid, lecanoric acid, stictic acid;lias
Menegazzia neotropica;atranorin, constictic acid, cryptostictic acid, menegazziaic acid, stictic acid;lias
Menegazzia norstictica;atranorin, norstictic acid;lias
Menegazzia nothofagi;atranorin, constictic acid, menegazziaic acid, norstictic acid, stictic acid;lias
Menegazzia pedicellata;atranorin, caperatic acid, chloroatranorin, unknown/unidentified compound(s);lias
Menegazzia platytrema;atranorin, cryptostictic acid, menegazziaic acid, norstictic acid, stictic acid;lias
Menegazzia primaria;stictic acid;lias
Menegazzia prototypica;atranorin, constictic acid, lecanoric acid, stictic acid;lias
Menegazzia pseudocyphellata;stictic acid;lias
Menegazzia sabahensis;atranorin, chloroatranorin, constictic acid, cryptostictic acid, menegazziaic acid, norstictic acid, unknown/unidentified compound(s);lias
Menegazzia subbullata;atranorin, constictic acid, cryptostictic acid, menegazziaic acid, norstictic acid, unknown/unidentified xanthone(s);lias
Menegazzia subpertusa;atranorin, chloroatranorin, constictic acid, cryptostictic acid, menegazziaic acid, norstictic acid, stictic acid;lias
Menegazzia subsimilis;atranorin;italic
Menegazzia subsimilis;atranorin, chloroatranorin, constictic acid, cryptostictic acid, menegazziaic acid, stictic acid, unknown/unidentified compound(s);lias
Menegazzia terebrata;atranorin;italic
Menegazzia terebrata;atranorin, chloroatranorin, constictic acid, cryptostictic acid, menegazziaic acid, stictic acid;lias
Menegazzia testacea;aspicilin, constictic acid, cryptostictic acid, stictic acid;lias
Menegazzia ultralucens;alectoronic acid, α-collatolic acid;lias
Menegazzia wandae;atranorin, chloroatranorin, thamnolic acid;lias
Meridianelia maccarthyana;protolichesterinic acid;lias
Metus conglomeratus;atranorin, caperatic acid, lichesterinic acid, protolichesterinic acid;lias
Micarea alabastrites;gyrophoric acid;italic
Micarea austroternaria;alectorialic acid;lias
Micarea byssacea;methoxymicareic acid;lias
Micarea cinerea;gyrophoric acid;italic
Micarea confusa;gyrophoric acid, unknown/unidentified pigment(s);lias
Micarea coppinsii;5-o-methylhiascic acid, gyrophoric acid;italic
Micarea denigrata;gyrophoric acid;italic
Micarea denigrata;gyrophoric acid;lias
Micarea fallax;micareic acid;italic
Micarea flagellispora;perlatolic acid;lias
Micarea flavoleprosa;micareic acid;italic
Micarea globulosella;gyrophoric acid;italic
Micarea globulosella;gyrophoric acid;lias
Micarea granulans;alectorialic acid, unknown/unidentified compound(s);lias
Micarea hedlundii;unknown/unidentified pigment(s);lias
Micarea hypoviolascens;unknown/unidentified compound(s);lias
Micarea isabellina;4,5,7-trichlorolichexanthone, 4,5-dichlorolichexanthone (coronatone), arthothelin, isoarthothelin, thiophanic acid, thuringione;lias
Micarea isidioprasina;micareic acid;italic
Micarea leprosula;argopsin;italic
Micarea leprosula;argopsin, gyrophoric acid;lias
Micarea lignaria;argopsin;italic
Micarea magellanica;alectorialic acid;lias
Micarea melanobola;micareic acid;italic
Micarea micrococca;methoxymicareic acid;italic
Micarea microsorediata;methoxymicareic acid;italic
Micarea mutabilis;gyrophoric acid;lias
Micarea neostipitata;fumarprotocetraric acid, lobaric acid;lias
Micarea nitschkeana;gyrophoric acid;lias
Micarea pannarica;pannarin;lias
Micarea peliocarpa;gyrophoric acid;italic
Micarea peliocarpa;gyrophoric acid, hiascic acid;lias
Micarea prasina;micareic acid;italic
Micarea pseudomicrococca;methoxymicareic acid;italic
Micarea pusilla;methoxymicareic acid;italic
Micarea pycnidiophora;gyrophoric acid;lias
Micarea sipmanii;gyrophoric acid;lias
Micarea subcinerea;gyrophoric acid;lias
Micarea submilliaria;alectorialic acid;italic
Micarea viridiatra;unknown/unidentified pigment(s);lias
Micarea viridileprosa;gyrophoric acid;lias
Micarea xanthonica;arthothelin, thiophanic acid;lias
Microcalicium ahlneri;unknown/unidentified pigment(s);lias
Microcalicium conversum;unknown/unidentified pigment(s);lias
Miltidea ceroplasta;unknown/unidentified anthraquinone(s);lias
Miriquidica atriseda;norstictic acid, plus rangiformic acid, psoromic acid;italic
Miriquidica atrofulva;stictic acid;italic
Miriquidica complanata;miriquidic acid;italic
Miriquidica complanata;miriquidic acid;lias
Miriquidica complanata;miriquidic acid;lias
Miriquidica deusta;miriquidic acid;italic
Miriquidica deusta;lobaric acid, miriquidic acid;lias
Miriquidica deusta;colensoic acid, gyrophoric acid, lobaric acid, norlobaric acid, oxolobaric acid;lias
Miriquidica disjecta;miriquidic acid;italic
Miriquidica effigurata;confluentic acid;lias
Miriquidica garovaglii;miriquidic acid, norstictic acid, stictic acid, unknown/unidentified pigment(s);lias
Miriquidica griseoatra;miriquidic acid, stictic acid;lias
Miriquidica instrata;miriquidic acid;italic
Miriquidica instrata;miriquidic acid;lias
Miriquidica intrudens;miriquidic acid;italic
Miriquidica intrudens;miriquidic acid, stictic acid;lias
Miriquidica invadens;constictic acid;italic
Miriquidica leucophaea;miriquidic acid;italic
Miriquidica leucophaea;miriquidic acid;lias
Miriquidica leucophaeoides;norstictic acid, stictic acid;lias
Miriquidica lulensis;norstictic acid;italic
Miriquidica lulensis;connorstictic acid, norstictic acid, stictic acid;lias
Miriquidica molybdochroa;miriquidic acid;lias
Miriquidica nigroleprosa;miriquidic acid;italic
Miriquidica nigroleprosa;lobaric acid, miriquidic acid;lias
Miriquidica nigroleprosa;lobaric acid, miriquidic acid, psoromic acid;lias
Miriquidica obnubila;miriquidic acid;lias
Miriquidica paanaënsis;norstictic acid;lias
Miriquidica plumbea;protocetraric acid;italic
Miriquidica pulvinatula;miriquidic acid;italic
Miriquidica pycnocarpa;atranorin, unknown/unidentified compound(s);lias
Miriquidica squamulosa;norstictic acid;lias
Miriquidica subplumbea;miriquidic acid;italic
Miriquidica ventosa;miriquidic acid, unknown/unidentified compound(s);lias
Mobergia angelica;norstictic acid;lias
Mobergia calculiformis;atranorin, norstictic acid;lias
Moriola nivalis;consalazinic acid, norstictic acid, salazinic acid, usnic acid;lias
Musaespora multilocularis;unknown/unidentified anthraquinone(s);lias
Mycobilimbia epixanthoides;argopsin;lias
Mycobilimbia lobulata;zeorin (hopane-6α,22-diol);lias
Mycoblastus affinis;atranorin, chloroatranorin, usnic;italic
Mycoblastus affinis;atranorin, norcaperatic acid, planaic acid, roccellic acid;lias
Mycoblastus alpinus;atranorin, planaic acid, usnic acid;lias
Mycoblastus bryophilus;norcaperatic acid, norrangiformic acid, perlatolic acid, rangiformic acid;lias
Mycoblastus caesius;perlatolic acid;italic
Mycoblastus campbellianus;caperatic acid, hyperlatolic acid, norcaperatic acid, perlatolic acid, protocetraric acid, virensic acid;lias
Mycoblastus coniophorus;caperatic acid, norcaperatic acid, perlatolic acid, secalonic acid a;lias
Mycoblastus disporus;perlatolic acid, physodalic acid, protocetraric acid;lias
Mycoblastus dissimulans;caperatic acid, hyperlatolic acid, norcaperatic acid, norrangiformic acid, perlatolic acid, rangiformic acid, roccellic acid;lias
Mycoblastus fucatus;atranorin, fumarprotocetraric acid, protocetraric acid;lias
Mycoblastus glabrescens;atranorin, chloroatranorin, nephrosterinic acid;lias
Mycoblastus japonicus;atranorin, fumarprotocetraric acid;lias
Mycoblastus kalioruber;hyperlatolic acid, perlatolic acid, roccellic acid;lias
Mycoblastus leprarioides;4-o-methylolivetoric acid, anziaic acid, hyperlatolic acid, perlatolic acid, protocetraric acid, virensic acid;lias
Mycoblastus sanguinarioides;atranorin, caperatic acid, unknown/unidentified pigment(s);lias
Mycoblastus sanguinarius;atranorin, caperatic acid, rhodocladonic acid;italic
Mycoblastus sanguinarius;atranorin, bourgeanic acid, caperatic acid, rhodocladonic acid;lias
Mycocalicium calicioides;pinastric acid, vulpinic acid;lias
Mycocalicium sequoiae;pinastric acid, vulpinic acid;lias
Mycomicrothelia leuckertii;unknown/unidentified pigment(s);lias
Mycomicrothelia macrocarpa;lichexanthone;lias
Mycomicrothelia rubrostoma;unknown/unidentified anthraquinone(s);lias
Mycomicrothelia xanthonica;lichexanthone;lias
Myelochroa amagiensis;atranorin, leucotylin, secalonic acid a, unknown/unidentified (tri-)terpenoid(s), (tri-)terpene(s), vioxanthin, zeorin (hopane-6α,22-diol);lias
Myelochroa aurulenta;atranorin, eumitrin d, eumitrin f, leucotylic acid, leucotylin, secalonic acid a, unknown/unidentified (tri-)terpenoid(s), (tri-)terpene(s), zeorin (hopane-6α,22-diol);lias
Myelochroa crassata;atranorin, leucotylin, secalonic acid a, unknown/unidentified (tri-)terpenoid(s), (tri-)terpene(s), zeorin (hopane-6α,22-diol);lias
Myelochroa crenulata;16β-acetoxyhopane-6α,22-diol, 6α-acetoxyhopane-16β,22-diol, atranorin, leucotylin, secalonic acid a, xantholepinone a, zeorin (hopane-6α,22-diol);lias
Myelochroa degelii;atranorin, eumitrin d, eumitrin f, eumitrin n, leucotylic acid, secalonic acid a, zeorin (hopane-6α,22-diol);lias
Myelochroa denegans;atranorin, leucotylin, secalonic acid a, unknown/unidentified (tri-)terpenoid(s), (tri-)terpene(s), unknown/unidentified anthraquinone(s), vioxanthin, zeorin (hopane-6α,22-diol);lias
Myelochroa entotheiochroa;atranorin, leucotylin, secalonic acid a, secalonic acid c, unknown/unidentified (tri-)terpenoid(s), (tri-)terpene(s), zeorin (hopane-6α,22-diol);lias
Myelochroa hayachinensis;atranorin, galbinic acid, leucotylin, zeorin (hopane-6α,22-diol);lias
Myelochroa immiscens;atranorin, secalonic acid a;lias
Myelochroa indica;atranorin, leucotylin, unknown/unidentified (tri-)terpenoid(s), (tri-)terpene(s), zeorin (hopane-6α,22-diol);lias
Myelochroa irrugans;atranorin, eumitrin(s) – unspecified, leucotylic acid, unknown/unidentified (tri-)terpenoid(s), (tri-)terpene(s), zeorin (hopane-6α,22-diol);lias
Myelochroa leucotyliza;atranorin, leucotylin, secalonic acid a, unknown/unidentified (tri-)terpenoid(s), (tri-)terpene(s), zeorin (hopane-6α,22-diol);lias
Myelochroa lindmanii;atranorin, secalonic acid a;lias
Myelochroa metarevoluta;atranorin, constictic acid, galbinic acid, leucotylin, norstictic acid, salazinic acid, secalonic acid a, unknown/unidentified (tri-)terpenoid(s), (tri-)terpene(s), zeorin (hopane-6α,22-diol);lias
Myelochroa obsessa;atranorin, galbinic acid, leucotylin, salazinic acid, secalonic acid a, unknown/unidentified (tri-)terpenoid(s), (tri-)terpene(s), zeorin (hopane-6α,22-diol);lias
Myelochroa perisidians;atranorin, leucotylin, secalonic acid a, unknown/unidentified (tri-)terpenoid(s), (tri-)terpene(s), zeorin (hopane-6α,22-diol);lias
Myelochroa rhytidodes;atranorin, eumitrin f, leucotylic acid, secalonic acid a, unknown/unidentified (tri-)terpenoid(s), (tri-)terpene(s), zeorin (hopane-6α,22-diol);lias
Myelochroa subaurulenta;atranorin, eumitrin(s) – unspecified, leucotylin, secalonic acid a, unknown/unidentified (tri-)terpenoid(s), (tri-)terpene(s), zeorin (hopane-6α,22-diol);lias
Myelochroa xantholepsis;atranorin, leucotylin, secalonic acid a, unknown/unidentified (tri-)terpenoid(s), (tri-)terpene(s), xantholepinone a, xantholepinone b, xantholepinone c;lias
Myeloconis erumpens;leucomyeloconone 1, leucomyeloconone 2, myeloconone a1, myeloconone a2, myeloconone c, myelocoterpene 1, myelocoterpene 2;lias
Myeloconis fecunda;myeloconone b, unknown/unidentified compound(s);lias
Myeloconis guyanensis;leucomyeloconone 1, leucomyeloconone 2, myeloconone a1, myeloconone a2, myeloconone c, myelocoterpene 1, myelocoterpene 2, myelocoterpene 3;lias
Myeloconis parva;leucomyeloconone 1, myeloconone c;lias
Myelorrhiza antrea;lobaric acid, unknown/unidentified compound(s);lias
Myelorrhiza jenjiana;lobaric acid, unknown/unidentified compound(s);lias
Myochroidea porphyrospoda;lobaric acid;italic
Myochroidea porphyrospoda;lobaric acid;lias
Myrionora albidula;lobaric acid;lias
Myrionora pseudocyphellariae;lobaric acid;lias
Myriospora myochroa;norstictic acid;italic
Myriospora myochroa;norstictic acid;lias
Myriospora smaragdula;norstictic acid;italic
Myriotrema calvescens;psoromic acid;lias
Myriotrema clandestinum;psoromic acid, subpsoromic acid;lias
Myriotrema concretum;psoromic acid;lias
Myriotrema congestum;4-o-methylnotatic acid, hypoprotocetraric acid;lias
Myriotrema coppinsii;constictic acid, stictic acid;lias
Myriotrema craterellum;psoromic acid;lias
Myriotrema dactyliferum;constictic acid, stictic acid;lias
Myriotrema deceptum;constictic acid, stictic acid;lias
Myriotrema desquamans;constictic acid, cryptostictic acid, hypoconstictic acid, hypostictic acid, stictic acid;lias
Myriotrema eminens;constictic acid, cryptostictic acid, hypoconstictic acid, hypostictic acid, stictic acid;lias
Myriotrema endoflavescens;unknown/unidentified pigment(s);lias
Myriotrema extendens;psoromic acid;lias
Myriotrema flavolucens;lichexanthone;lias
Myriotrema frustillatum;connorstictic acid, hyposalazinic acid, norstictic acid, subnorstictic acid;lias
Myriotrema glaucescens;constictic acid, cryptostictic acid, hypoconstictic acid, hypostictic acid, stictic acid, α-acetylconstictic acid;lias
Myriotrema glaucophaenum;2'-o-demethylpsoromic acid, psoromic acid, subpsoromic acid, unknown/unidentified compound(s);lias
Myriotrema glauculum;hypoprotocetraric acid, lichexanthone;lias
Myriotrema guianense;hypostictic acid, stictic acid;lias
Myriotrema laeviusculum;protocetraric acid;lias
Myriotrema maximum;psoromic acid;lias
Myriotrema microporellum;conhypoprotocetraric acid, hypoprotocetraric acid, unknown/unidentified compound(s);lias
Myriotrema microporum;2'-o-demethylpsoromic acid, psoromic acid, subpsoromic acid;lias
Myriotrema myriocarpon;constictic acid, stictic acid;lias
Myriotrema myrioporoides;4-o-demethylnotatic acid, hypoprotocetraric acid, lichexanthone;lias
Myriotrema myriotremoides;psoromic acid;lias
Myriotrema neofrondosum;hypoprotocetraric acid, lichexanthone, unknown/unidentified compound(s);lias
Myriotrema neoterebrans;atranorin, lichexanthone, protocetraric acid, unknown/unidentified compound(s);lias
Myriotrema norsticticum;norstictic acid;lias
Myriotrema olivaceum;norisonotatic acid, norsubnotatic acid, o-methylolivaceic acid, olivaceic acid;lias
Myriotrema pachystomum;psoromic acid;lias
Myriotrema permaculatum;protocetraric acid;lias
Myriotrema phaeosporum;constictic acid, cryptostictic acid, hypoconstictic acid, hypostictic acid, stictic acid;lias
Myriotrema polytretum;2-hydroxy-hypoprotocetraric acid, convirensic acid, hypoprotocetraric acid;lias
Myriotrema protocetraricum;protocetraric acid;lias
Myriotrema pulverulentum;psoromic acid;lias
Myriotrema reclusum;constictic acid, stictic acid, unknown/unidentified compound(s);lias
Myriotrema rugiferum;2'-o-demethylpsoromic acid, psoromic acid, subpsoromic acid;lias
Myriotrema sembilanense;protocetraric acid;lias
Myriotrema squamuloides;unknown/unidentified compound(s);lias
Myriotrema subcompunctum;constictic acid, cryptostictic acid, hypoconstictic acid, hypostictic acid, stictic acid;lias
Myriotrema subdactyliferum;unknown/unidentified compound(s);lias
Myriotrema subwrightii;psoromic acid, unknown/unidentified compound(s);lias
Myriotrema temperatum;2'-o-demethylpsoromic acid, psoromic acid, subpsoromic acid;lias
Myriotrema terebratulum;2'-o-demethylpsoromic acid, psoromic acid, subpsoromic acid, unknown/unidentified compound(s);lias
Myriotrema terebratulum;psoromic acid;lias
Myriotrema uniseptatum;psoromic acid, stictic acid;lias
Myriotrema viride;protocetraric acid;lias
Myriotrema viridialbum;4-o-demethylnotatic acid, conhypoprotocetraric acid, conprotocetraric acid, convirensic acid, hypoprotocetraric acid, lichexanthone;lias
Myriotrema wightii;unknown/unidentified anthraquinone(s);lias
Nadvornikia hawaiensis;constictic acid, hypoconstictic acid, hypostictic acid, stictic acid, α-acetylconstictic acid;lias
Namakwa aliphatica;constipatic acid, dehydroconstipatic acid, dehydroprotoconstipatic acid, protoconstipatic acid, unknown/unidentified fatty acid(s), usnic acid;lias
Namakwa exornata;chalybaeizanic acid, connorstictic acid, consalazinic acid, norstictic acid, protocetraric acid, salazinic acid, unknown/unidentified fatty acid(s);lias
Neofuscelia ahtii;unknown/unidentified fatty acid(s);lias
Neofuscelia atticoides;constictic acid, norstictic acid, stictic acid;lias
Neofuscelia brunella;unknown/unidentified fatty acid(s);lias
Neofuscelia cafferensis;olivetoric acid;lias
Neofuscelia caliginosa;olivetoric acid;lias
Neofuscelia chiricahuensis;connorstictic acid, constictic acid, norstictic acid, stictic acid;lias
Neofuscelia dregeana;connorstictic acid, norstictic acid, salazinic acid, stictic acid;lias
Neofuscelia glabrans;alectoronic acid, gyrophoric acid, α-collatolic acid;lias
Neofuscelia imitatrix;4-o-methylphysodic acid, alectoronic acid, physodic acid;lias
Neofuscelia infrapallida;unknown/unidentified fatty acid(s);lias
Neofuscelia kenyana;hypoconstictic acid, hyposalazinic acid, hypostictic acid, unknown/unidentified compound(s);lias
Neofuscelia lichinoidea;norlobaridone;lias
Neofuscelia loxodella;glomellic acid, glomelliferic acid, loxodellic acid;lias
Neofuscelia loxodes;glomellic acid, glomelliferic acid, gyrophoric acid, perlatolic acid;lias
Neofuscelia namibiensis;consalazinic acid, norlobaridone, salazinic acid;lias
Neofuscelia pokornyi;divaricatic acid, gyrophoric acid, stenosporic acid;lias
Neofuscelia pulla;4-o-demethylstenosporic acid, divaricatic acid, gyrophoric acid, oxostenosporic acid, perlatolic acid, stenosporic acid;lias
Neofuscelia pulloides;constipatic acid, gyrophoric acid, protoconstipatic acid, unknown/unidentified fatty acid(s);lias
Neofuscelia scabrella;scabrosin(s) – unspecified;lias
Neofuscelia squamans;hypoconstictic acid, hyposalazinic acid, hypostictic acid;lias
Neofuscelia stygiodes;fumarprotocetraric acid, protocetraric acid;lias
Neofuscelia subhosseana;hypoconstictic acid, hyposalazinic acid, hypostictic acid, unknown/unidentified compound(s);lias
Neofuscelia verruculifera;divaricatic acid, gyrophoric acid, stenosporic acid;lias
Neophyllis melacarpa;4-o-demethylgrayanic acid, congrayanic acid, fumarprotocetraric acid, grayanic acid, melacarpic acid;lias
Neophyllis pachyphylla;melacarpic acid;lias
Nephroma analogicum;secalonic acid a, secalonic acid c, unknown/unidentified pigment(s);lias
Nephroma antarcticum;constictic acid, cryptostictic acid, hypoconstictic acid, hyposalazinic acid, hypostictic acid, norstictic acid, stictic acid, unknown/unidentified compound(s), usnic acid, zeorin (hopane-6α,22-diol), α-acetylhypoconstictic acid;lias
Nephroma antarcticum;constictic acid, cryptostictic acid, hypoconstictic acid, hyposalazinic acid, hypostictic acid, norstictic acid, stictic acid, unknown/unidentified compound(s), usnic acid, zeorin (hopane-6α,22-diol), α-acetylhypoconstictic acid;lias
Nephroma arcticum;methyl gyrophorate, nephroarctin, phenarctin, usnic acid, zeorin (hopane-6α,22-diol);lias
Nephroma areolatum;hopane-15α,22-diol, hopane-6α,7β,22-triol, hopane-7β,22-diol, zeorin (hopane-6α,22-diol);lias
Nephroma australe;hyposalazinic acid, hypostictic acid, unknown/unidentified (tri-)terpenoid(s), (tri-)terpene(s), usnic acid, zeorin (hopane-6α,22-diol);lias
Nephroma bellum;zeorin;italic
Nephroma bellum;15α-acetoxyhopane-22-ol (dolichorrhizin), 7β-acetoxyhopane-22-ol (peltidactylin), hopane-15α,22-diol, hopane-6α,7β,22-triol, hopane-7β,22-diol, unknown/unidentified (tri-)terpenoid(s), (tri-)terpene(s), unknown/unidentified compound(s), zeorin (hopane-6α,22-diol);lias
Nephroma cellulosum;perlatolic acid, unknown/unidentified (tri-)terpenoid(s), (tri-)terpene(s), unknown/unidentified compound(s), zeorin (hopane-6α,22-diol);lias
Nephroma cellulosum;perlatolic acid, unknown/unidentified (tri-)terpenoid(s), (tri-)terpene(s), unknown/unidentified compound(s), unknown/unidentified pigment(s), zeorin (hopane-6α,22-diol);lias
Nephroma chubutense;hopane-6α,7β,22-triol, unknown/unidentified (tri-)terpenoid(s), (tri-)terpene(s), unknown/unidentified pigment(s);lias
Nephroma expallidum;15α-acetoxyhopane-22-ol (dolichorrhizin), hopane-15α,22-diol, unknown/unidentified compound(s), zeorin (hopane-6α,22-diol);lias
Nephroma flavorhizinatum;15α-acetoxyhopane-22-ol (dolichorrhizin), 7β-acetoxyhopane-22-ol (peltidactylin), hopane-7β,22-diol;lias
Nephroma foliolatum;unknown/unidentified compound(s), ursolic acid, zeorin (hopane-6α,22-diol);lias
Nephroma helveticum;7β-acetoxyhopane-22-ol (peltidactylin), hopane-7β,22-diol, unknown/unidentified pigment(s), ursolic acid;lias
Nephroma hensseniae;7β-acetoxyhopane-22-ol (peltidactylin), hopane-6α,7β,22-triol, hopane-7β,22-diol, unknown/unidentified (tri-)terpenoid(s), (tri-)terpene(s), ursolic acid, zeorin (hopane-6α,22-diol);lias
Nephroma isidiosum;7β-acetoxyhopane-22-ol (peltidactylin), gyrophoric acid, hopane-7β,22-diol, methyl gyrophorate, unknown/unidentified (tri-)terpenoid(s), (tri-)terpene(s), unknown/unidentified pigment(s);lias
Nephroma kuehnemannii;nephroarctin, phenarctin, unknown/unidentified (tri-)terpenoid(s), (tri-)terpene(s), usnic acid;lias
Nephroma laevigatum;hopane-6α,7β,22-triol, unknown/unidentified anthraquinone(s), unknown/unidentified compound(s), zeorin (hopane-6α,22-diol);lias
Nephroma microphyllum;nephroarctin, phenarctin, unknown/unidentified (tri-)terpenoid(s), (tri-)terpene(s), usnic acid;lias
Nephroma occultum;nephroarctin, phenarctin, usnic acid, zeorin (hopane-6α,22-diol);lias
Nephroma parile;15α-acetoxyhopane-22-ol (dolichorrhizin), hopane-15α,22-diol, hopane-6α,16β,22-triol, zeorin (hopane-6α,22-diol);lias
Nephroma pseudoparile;4-o-methylgyrophoric acid (congyrophoric acid), gyrophoric acid, methyl gyrophorate, tenuiorin, unknown/unidentified (tri-)terpenoid(s), (tri-)terpene(s), usnic acid, zeorin (hopane-6α,22-diol);lias
Nephroma rufum;15α-acetoxyhopane-22-ol (dolichorrhizin), hopane-15α,22-diol, unknown/unidentified compound(s), ursolic acid;lias
Nephroma silvae-veteris;constictic acid, cryptostictic acid, norstictic acid, stictic acid, unknown/unidentified compound(s), usnic acid;lias
Nephroma skottsbergii;usnic acid, zeorin (hopane-6α,22-diol);lias
Nephroma sulcatum;hopane-15α,22-diol, hopane-6α,7β,22-triol, hopane-7β,22-diol, unknown/unidentified (tri-)terpenoid(s), (tri-)terpene(s), unknown/unidentified compound(s), zeorin (hopane-6α,22-diol);lias
Nephroma tangeriense;15α-acetoxyhopane-22-ol (dolichorrhizin), hopane-6α,16β,22-triol, hopane-7β,22-diol, unknown/unidentified anthraquinone(s), unknown/unidentified compound(s), zeorin (hopane-6α,22-diol);lias
Nephroma venosum;unknown/unidentified anthraquinone(s), unknown/unidentified pigment(s), zeorin (hopane-6α,22-diol);lias
Nephromopsis chlorophylla;protolichesterinic acid;italic
Nephromopsis cucullata;usnic;italic
Nephromopsis komarovii;constictic acid, fumarprotocetraric acid, lichesterinic acid, protolichesterinic acid, stictic acid, usnic acid;lias
Nephromopsis laii;alectoronic acid, lichesterinic acid, protolichesterinic acid, usnic acid;lias
Nephromopsis laureri;usnic;italic
Nephromopsis nivalis;usnic;italic
Nephromopsis ornata;endocrocin, fumarprotocetraric acid, secalonic acid a, secalonic acid c, unknown/unidentified fatty acid(s);lias
Neuropogon acromelanus;2'-o-demethylpsoromic acid, conpsoromic acid, norstictic acid, protocetraric acid, psoromic acid, salazinic acid, usnic acid;lias
Neuropogon subcapillaris;2'-o-demethylpsoromic acid, conpsoromic acid, hypothamnolic acid, norstictic acid, protocetraric acid, psoromic acid, salazinic acid, squamatic acid;lias
Niebla cedrosensis;salazinic acid, unknown/unidentified (tri-)terpenoid(s), (tri-)terpene(s), zeorin (hopane-6α,22-diol);lias
Niebla cephalota;norstictic acid, salazinic acid, unknown/unidentified (tri-)terpenoid(s), (tri-)terpene(s), usnic acid, zeorin (hopane-6α,22-diol);lias
Niebla ceruchis;norstictic acid, salazinic acid, unknown/unidentified (tri-)terpenoid(s), (tri-)terpene(s), usnic acid, zeorin (hopane-6α,22-diol);lias
Niebla ceruchoides;bourgeanic acid, usnic acid, zeorin (hopane-6α,22-diol);lias
Niebla combeoides;bourgeanic acid, salazinic acid, zeorin (hopane-6α,22-diol);lias
Niebla homalea;divaricatic acid, hypoprotocetraric acid, protocetraric acid, salazinic acid, sekikaic acid, unknown/unidentified (tri-)terpenoid(s), (tri-)terpene(s), usnic acid;lias
Niebla isidiaescens;divaricatic acid, sekikaic acid, unknown/unidentified (tri-)terpenoid(s), (tri-)terpene(s), usnic acid;lias
Niebla laevigata;bourgeanic acid, usnic acid, zeorin (hopane-6α,22-diol);lias
Niebla polymorpha;bourgeanic acid, salazinic acid, usnic acid;lias
Niebla procera;salazinic acid, unknown/unidentified (tri-)terpenoid(s), (tri-)terpene(s), unknown/unidentified fatty acid(s), zeorin (hopane-6α,22-diol);lias
Niebla robusta;salazinic acid, zeorin (hopane-6α,22-diol);lias
Niebla tuberculata;unknown/unidentified (tri-)terpenoid(s), (tri-)terpene(s), usnic acid;lias
Nimisia deusta;fumarprotocetraric acid;lias
Nipponoparmelia perplicata;atranorin, chloroatranorin, consalazinic acid, protocetraric acid, salazinic acid;lias
Normandina chlorococca;zeorin;italic
Normandina pulchella;zeorin;italic
Notoparmelia nortestacea;atranorin, chloroatranorin, testacein;lias
Ocellularia africana;protocetraric acid, virensic acid;lias
Ocellularia albobullata;2'-o-demethylpsoromic acid, psoromic acid, subpsoromic acid;lias
Ocellularia allosporoides;norisonotatic acid, norsubnotatic acid;lias
Ocellularia amplior;barbatic acid, protocetraric acid, virensic acid;lias
Ocellularia andamanica;2'-o-demethylpsoromic acid, psoromic acid;lias
Ocellularia antillensis;conpsoromic acid, psoromic acid;lias
Ocellularia arecae;2-hydroxy-hypoprotocetraric acid, 4-o-demethylnotatic acid, 5-hydroxy-4-o-demethylnotatic acid (= 2-hydroxy-nornotatic acid), conhypoprotocetraric acid, convirensic acid, hypoprotocetraric acid;lias
Ocellularia asiatica;2'-o-demethylpsoromic acid, psoromic acid, subpsoromic acid;lias
Ocellularia auberianoides;protocetraric acid, virensic acid;lias
Ocellularia auratipruinosa;unknown/unidentified anthraquinone(s);lias
Ocellularia aurulenta;4-o-demethylnotatic acid, hypoprotocetraric acid, unknown/unidentified pigment(s);lias
Ocellularia bahiana;protocetraric acid, virensic acid;lias
Ocellularia baileyi;norisonotatic acid, norsubnotatic acid;lias
Ocellularia bakoensis;psoromic acid;lias
Ocellularia bicuspidata;2'-o-demethylpsoromic acid, psoromic acid, subpsoromic acid;lias
Ocellularia brunneospora;norisonotatic acid, norsubnotatic acid;lias
Ocellularia bullata;constictic acid, stictic acid;lias
Ocellularia cameroonensis;protocetraric acid, virensic acid;lias
Ocellularia cavata;unknown/unidentified compound(s), unknown/unidentified pigment(s);lias
Ocellularia chiriquiensis;4-o-demethylnotatic acid, conprotocetraric acid, convirensic acid, hypoprotocetraric acid;lias
Ocellularia clandestina;constictic acid, cryptostictic acid, hypostictic acid, stictic acid, unknown/unidentified compound(s);lias
Ocellularia comparabilis;norstictic acid, psoromic acid;lias
Ocellularia confluens;2'-o-demethylpsoromic acid, conhirtifructic acid, hirtifructic acid, psoromic acid, subpsoromic acid;lias
Ocellularia conformis;psoromic acid;lias
Ocellularia conglomerata;constictic acid, stictic acid;lias
Ocellularia crocea;unknown/unidentified compound(s), unknown/unidentified pigment(s);lias
Ocellularia croceoisidiata;unknown/unidentified compound(s), unknown/unidentified pigment(s);lias
Ocellularia cruentata;unknown/unidentified compound(s);lias
Ocellularia dactyliza;protocetraric acid;lias
Ocellularia decolorata;unknown/unidentified compound(s);lias
Ocellularia diacida;conhirtifructic acid, hirtifructic acid, unknown/unidentified compound(s);lias
Ocellularia diospyri;constictic acid, stictic acid;lias
Ocellularia discoidea;2'-o-demethylpsoromic acid, psoromic acid, subpsoromic acid;lias
Ocellularia domingensis;4-o-demethylnotatic acid, protocetraric acid;lias
Ocellularia ecolumellata;constictic acid, cryptostictic acid, hyposalazinic acid, hypostictic acid, stictic acid, α-acetylconstictic acid, α-acetylhypoconstictic acid;lias
Ocellularia eumorpha;4-o-demethylnotatic acid, convirensic acid, hypoprotocetraric acid, unknown/unidentified compound(s);lias
Ocellularia eumorphoides;4-o-demethylnotatic acid, hypoprotocetraric acid, unknown/unidentified compound(s);lias
Ocellularia exanthismocarpa;constictic acid, stictic acid;lias
Ocellularia exuta;2'-o-demethylpsoromic acid, psoromic acid, subpsoromic acid;lias
Ocellularia fecunda;4-o-demethylnotatic acid, hypoprotocetraric acid, unknown/unidentified pigment(s);lias
Ocellularia fissa;2'-o-demethylpsoromic acid, psoromic acid, subpsoromic acid;lias
Ocellularia flavescens;lichexanthone;lias
Ocellularia flavisorediata;4-o-demethylnotatic acid, hypoprotocetraric acid, unknown/unidentified pigment(s);lias
Ocellularia flavomedullosa;unknown/unidentified compound(s);lias
Ocellularia fumosa;conhirtifructic acid, hirtifructic acid, unknown/unidentified compound(s);lias
Ocellularia gentingensis;protocetraric acid, unknown/unidentified compound(s);lias
Ocellularia gibberulosa;2'-o-demethylpsoromic acid, psoromic acid, subpsoromic acid;lias
Ocellularia henatomma;4-o-demethylnotatic acid, hypoprotocetraric acid, α-acetylconstictic acid;lias
Ocellularia inexpectata;unknown/unidentified compound(s);lias
Ocellularia interposita;2'-o-demethylpsoromic acid, psoromic acid, subpsoromic acid, unknown/unidentified compound(s);lias
Ocellularia inthanonensis;2-hydroxy-hypoprotocetraric acid, hypoprotocetraric acid;lias
Ocellularia inturgescens;2'-o-demethylpsoromic acid, psoromic acid, subpsoromic acid;lias
Ocellularia khuntanensis;psoromic acid;lias
Ocellularia kinabaluensis;psoromic acid;lias
Ocellularia leioplacoides;unknown/unidentified compound(s);lias
Ocellularia massalongoi;salazinic acid;lias
Ocellularia mauritiana;protocetraric acid, virensic acid;lias
Ocellularia melanotremata;stictic acid;lias
Ocellularia microspora;lichexanthone;lias
Ocellularia microstoma;conprotocetraric acid, fumarprotocetraric acid, protocetraric acid, virensic acid;lias
Ocellularia minutula;2'-o-demethylpsoromic acid, psoromic acid, subpsoromic acid;lias
Ocellularia mordenii;unknown/unidentified anthraquinone(s);lias
Ocellularia mozambica;2'-o-demethylpsoromic acid, psoromic acid, subpsoromic acid;lias
Ocellularia neoleucina;constictic acid, stictic acid;lias
Ocellularia neoperforata;fumarprotocetraric acid;lias
Ocellularia neopertusariiformis;2-hydroxy-hypoprotocetraric acid, 4-o-demethylnotatic acid, convirensic acid, hypoprotocetraric acid;lias
Ocellularia palaeoamplior;protocetraric acid;lias
Ocellularia panamensis;protocetraric acid, unknown/unidentified pigment(s);lias
Ocellularia perforata;conprotocetraric acid, fumarprotocetraric acid, protocetraric acid, virensic acid;lias
Ocellularia phaeotropa;4-o-demethylnotatic acid, convirensic acid, hypoprotocetraric acid;lias
Ocellularia pluriporoides;psoromic acid;lias
Ocellularia polydisca;unknown/unidentified compound(s);lias
Ocellularia postposita;2'-o-demethylpsoromic acid, psoromic acid, subpsoromic acid;lias
Ocellularia praestans;unknown/unidentified compound(s);lias
Ocellularia profunda;2'-o-demethylpsoromic acid, psoromic acid, subpsoromic acid;lias
Ocellularia pruinata;protocetraric acid, unknown/unidentified compound(s);lias
Ocellularia pyrenuloides;consalazinic acid, constictic acid, cryptostictic acid, hypostictic acid, stictic acid, α-acetylconstictic acid, α-acetylhypoconstictic acid;lias
Ocellularia reticulata;constictic acid, cryptostictic acid, hyposalazinic acid, stictic acid, α-acetylconstictic acid, α-acetylhypoconstictic acid;lias
Ocellularia rhabdospora;unknown/unidentified compound(s);lias
Ocellularia rhodostroma;4-o-methylnotatic acid, hypoprotocetraric acid, unknown/unidentified pigment(s);lias
Ocellularia ripleyi;psoromic acid;lias
Ocellularia roseotecta;unknown/unidentified compound(s);lias
Ocellularia subcavata;2'-o-demethylpsoromic acid, psoromic acid, subpsoromic acid;lias
Ocellularia subgranulosa;norisonotatic acid, norsubnotatic acid;lias
Ocellularia subpraestans;constictic acid, stictic acid, unknown/unidentified compound(s);lias
Ocellularia subsimilis;protocetraric acid, virensic acid;lias
Ocellularia terebrata;2'-o-demethylpsoromic acid, psoromic acid, subpsoromic acid;lias
Ocellularia thelotremoides;confumarprotocetraric acid, conprotocetraric acid, fumarprotocetraric acid, protocetraric acid, virensic acid;lias
Ocellularia tuberculata;4-o-demethylnotatic acid, hypoprotocetraric acid, psoromic acid;lias
Ocellularia turbinata;2'-o-demethylpsoromic acid, psoromic acid, subpsoromic acid;lias
Ocellularia verrucosa;protocetraric acid;lias
Ocellularia vezdana;protocetraric acid, unknown/unidentified compound(s), virensic acid;lias
Ocellularia viridis;unknown/unidentified compound(s);lias
Ocellularia wirthii;2'-o-demethylpsoromic acid, psoromic acid, subpsoromic acid;lias
Ocellularia wolseleyana;2'-o-demethylpsoromic acid, psoromic acid;lias
Ocellularia xanthostroma;endocrocin;lias
Ocellularia zenkeri;unknown/unidentified compound(s);lias
Ochrolechia aegaea;variolaric acid;italic
Ochrolechia aegaea;gyrophoric acid, lecanoric acid, unknown/unidentified compound(s), unknown/unidentified pigment(s), variolaric acid;lias
Ochrolechia africana;4,5-di-o-methylhiascic acid, 4-o-demethylmicrophyllinic acid, 5-o-methylhiascic acid, atranorin, gyrophoric acid, lecanoric acid, lichexanthone;lias
Ochrolechia alaskana;gyrophoric acid, lecanoric acid, unknown/unidentified compound(s), variolaric acid;lias
Ochrolechia alboflavescens;lichesterinic acid, protolichesterinic acid;italic
Ochrolechia alboflavescens;gyrophoric acid, lichesterinic acid, protolichesterinic acid, variolaric acid;lias
Ochrolechia androgyna;gyrophoric acid, lecanoric acid;italic
Ochrolechia androgyna;gyrophoric acid, lecanoric acid, unknown/unidentified compound(s);lias
Ochrolechia antillarum;5-o-methylhiascic acid, gyrophoric acid, lecanoric acid;lias
Ochrolechia arborea;gyrophoric acid;italic
Ochrolechia arborea;atranorin, gyrophoric acid, lecanoric acid, lichexanthone;lias
Ochrolechia bahusiensis;atranorin, lecanoric acid;italic
Ochrolechia balcanica;gyrophoric acid;italic
Ochrolechia crozalsiana;gyrophoric acid;italic
Ochrolechia farinacea;murolic acid, neodihydromurolic acid, unknown/unidentified compound(s), variolaric acid;lias
Ochrolechia frigida;gyrophoric acid;italic
Ochrolechia frigida;gyrophoric acid, variolaric acid;lias
Ochrolechia gowardii;gyrophoric acid, lecanoric acid, variolaric acid;lias
Ochrolechia inaequatula;a single fatty acid;italic
Ochrolechia inaequatula;unknown/unidentified compound(s);lias
Ochrolechia insularis;2'-o-methyllecanoric acid, gyrophoric acid, lecanoric acid;lias
Ochrolechia inversa;arthothelin, atranorin, thiophaninic acid;lias
Ochrolechia isidiata;gyrophoric acid, lecanoric acid, lichexanthone;lias
Ochrolechia juvenalis;gyrophoric acid, lecanoric acid, lichesterinic acid, unknown/unidentified fatty acid(s), unknown/unidentified xanthone(s), variolaric acid;lias
Ochrolechia laevigata;4-o-demethylmicrophyllinic acid, gyrophoric acid, lecanoric acid, olivetoric acid;lias
Ochrolechia mexicana;4,5-di-o-methylhiascic acid, gyrophoric acid, lecanoric acid, lichexanthone;lias
Ochrolechia microstictoides;atranorin, lichesterinic acid, protolichesterinic acid, variolaric acid;lias
Ochrolechia montana;gyrophoric acid, lecanoric acid, unknown/unidentified compound(s);lias
Ochrolechia neoisidiata;5-methoxylecanoric acid, 5-o-methylhiascic acid, gyrophoric acid, lecanoric acid;lias
Ochrolechia oregonensis;gyrophoric acid, lecanoric acid, unknown/unidentified fatty acid(s);lias
Ochrolechia pallescens;alectoronic acid;italic
Ochrolechia pallescens;gyrophoric acid, variolaric acid;lias
Ochrolechia parella;gyrophoric acid, variolaric acid;italic
Ochrolechia parella;gyrophoric acid, variolaric acid;lias
Ochrolechia pseudopallescens;gyrophoric acid, lecanoric acid, lichesterinic acid, protolichesterinic acid, variolaric acid;lias
Ochrolechia splendens;gyrophoric acid, hiascic acid, lecanoric acid, lichexanthone, orsellinic acid;lias
Ochrolechia subathallina;gyrophoric acid, lecanoric acid, unknown/unidentified fatty acid(s), variolaric acid;lias
Ochrolechia subisidiata;gyrophoric acid, lecanoric acid, variolaric acid;lias
Ochrolechia subpallescens;4-o-demethylmicrophyllinic acid, gyrophoric acid, lecanoric acid, olivetoric acid, unknown/unidentified fatty acid(s);lias
Ochrolechia subviridis;gyrophoric acid, lecanoric acid;italic
Ochrolechia subviridis;gyrophoric acid, lecanoric acid;lias
Ochrolechia szatalaënsis;alectoronic acid, variolaric acid;lias
Ochrolechia tartarea;gyrophoric acid;lias
Ochrolechia trochophora;atranorin, gyrophoric acid, lecanoric acid, variolaric acid;lias
Ochrolechia trochophora;gyrophoric acid, variolaric acid;lias
Ochrolechia turneri;variolaric acid;italic
Ochrolechia turneri;alectoronic acid, lichesterinic acid, unknown/unidentified compound(s), variolaric acid;lias
Ochrolechia upsaliensis;variolaric acid;italic
Ochrolechia upsaliensis;murolic acid, variolaric acid;lias
Ochrolechia xanthostoma;protolichesterinic acid;italic
Ochrolechia xanthostoma;alectoronic acid, lichesterinic acid;lias
Ochrolechia yasudae;gyrophoric acid, lecanoric acid, unknown/unidentified fatty acid(s);lias
Omphalodiella patagonica;gyrophoric acid;lias
Omphalodium pisacomense;psoromic acid;lias
Omphalora arizonica;norstictic acid, usnic acid;lias
Opegrapha brattiae;erythrin, lecanoric acid;lias
Opegrapha corinnae;unknown/unidentified compound(s);lias
Opegrapha edsonii;norstictic acid;lias
Opegrapha fumosa;gyrophoric acid;lias
Opegrapha gyrocarpa;gyrophoric acid, schizopeltic acid;lias
Opegrapha moroziana;psoromic acid;lias
Opegrapha sorediifera;gyrophoric acid, unknown/unidentified pigment(s);lias
Ophioparma aff.;atranorin, usnic;italic
Ophioparma junipericola;usnic;italic
Ophioparma ventosa;usnic;italic
Ophioparma ventosum;divaricatic acid, thamnolic acid, usnic acid;lias
Orceolina kerguelensis;unknown/unidentified compound(s);lias
Oropogon bicolor;fumarprotocetraric acid, protocetraric acid;lias
Oropogon lopezii;protocetraric acid;lias
Orphniospora moriopsis;unknown/unidentified compound(s);lias
Orphniospora mosigii;unknown/unidentified compound(s);lias
Oxneria alfredi;unknown/unidentified anthraquinone(s);lias
Pachnolepia pruinata;arthoniaic acid;italic
Pachypeltis castellana;emodin, fallacinal, parietin, teloschistin;italic
Pachypeltis insularis;emodin, fallacinal, parietin, teloschistin;italic
Palicella filamentosa;atranorin, usnic;italic
Pallidogramme chrysenteron;constictic acid, cryptostictic acid, hypoconstictic acid, hypostictic acid, stictic acid;lias
Pallidogramme indica;constictic acid, stictic acid;lias
Pallidogramme montiscalvi;stictic acid;lias
Pallidogramme undulatolirellata;constictic acid, norstictic acid, stictic acid;lias
Pannaria aenea;pannarin;lias
Pannaria byssoidea;leprolomin;lias
Pannaria calophylla;norpannarin, pannarin;lias
Pannaria cinerascens;pannarin;lias
Pannaria complanata;pannarin;lias
Pannaria conoplea;pannarin;italic
Pannaria conoplea;pannarin;lias
Pannaria contorta;pannarin;lias
Pannaria crenulata;norvicanicin, unknown/unidentified (tri-)terpenoid(s), (tri-)terpene(s), vicanicin;lias
Pannaria durietzii;pannarin, unknown/unidentified pigment(s), zeorin (hopane-6α,22-diol);lias
Pannaria elatior;pannarin;lias
Pannaria elixii;leprolomin, norvicanicin, unknown/unidentified (tri-)terpenoid(s), (tri-)terpene(s), vicanicin;lias
Pannaria euphylla;pannarin, porphyrilic acid;lias
Pannaria farinosa;leprolomin, scabrosin 4-acetate-4'-hexanoate, unknown/unidentified (tri-)terpenoid(s), (tri-)terpene(s), vicanicin;lias
Pannaria formosana;pannarin;lias
Pannaria fulvescens;pannarin, ursolic acid;lias
Pannaria gemnascens;unknown/unidentified (tri-)terpenoid(s), (tri-)terpene(s);lias
Pannaria globuligera;pannarin, unknown/unidentified (tri-)terpenoid(s), (tri-)terpene(s);lias
Pannaria hookeri;pannarin;italic
Pannaria hookeri;pannarin;lias
Pannaria implexa;pannarin;lias
Pannaria insularis;pannarin, unknown/unidentified (tri-)terpenoid(s), (tri-)terpene(s), unknown/unidentified fatty acid(s);lias
Pannaria isabellina;connorstictic acid, norstictic acid;lias
Pannaria isidiosa;methyl placodiolic acid, pannarin, porphyrilic acid;lias
Pannaria leproloma;leprolomin, scabrosin 4-acetate-4'-hexanoate, unknown/unidentified (tri-)terpenoid(s), (tri-)terpene(s), unknown/unidentified compound(s), vicanicin;lias
Pannaria lurida;pannarin, ursolic acid;lias
Pannaria lurida;pannarin;lias
Pannaria lurida;pannarin;lias
Pannaria lurida;pannarin;lias
Pannaria malmei;pannarin;lias
Pannaria obscura;norvicanicin, ursolic acid, vicanicin;lias
Pannaria phyllidiata;unknown/unidentified (tri-)terpenoid(s), (tri-)terpene(s), vicanicin;lias
Pannaria pruinosa;pannarin;lias
Pannaria rubiginosa;pannarin;italic
Pannaria rubiginosa;pannarin;lias
Pannaria santessonii;pannarin;lias
Pannaria sphinctrina;vicanicin;lias
Pannaria tavaresii;pannarin;italic
Pannaria tavaresii;pannarin;lias
Pannaria xanthorioides;unknown/unidentified anthraquinone(s);lias
Pannoparmelia angustata;divaricatic acid, usnic acid;lias
Pannoparmelia wilsonii;divaricatic acid, usnic acid;lias
Parainoa subconcolor;stictic acid;italic
Paraparmelia lividica;4-o-methylphysodic acid, atranorin, chloroatranorin, colensoic acid, hydroxycolensoic acid, lividic acid, oxyphysodic acid, physodic acid;lias
Parmelia adaugescens;atranorin, chloroatranorin, consalazinic acid, salazinic acid;lias
Parmelia amphithrix;atranorin, chloroatranorin, consalazinic acid, salazinic acid;lias
Parmelia angustifolia;atranorin, chloroatranorin, consalazinic acid, salazinic acid;lias
Parmelia asiatica;atranorin, salazinic acid;lias
Parmelia barrenoae;atranorin;italic
Parmelia cochleata;atranorin, chloroatranorin, consalazinic acid, protolichesterinic acid, salazinic acid;lias
Parmelia crambidiocarpa;atranorin, chloroatranorin, conechinocarpic acid, echinocarpic acid, protocetraric acid;lias
Parmelia crowii;atranorin, chloroatranorin, consalazinic acid, norstictic acid, salazinic acid;lias
Parmelia cunninghamii;atranorin, chloroatranorin, consalazinic acid, lobaric acid, salazinic acid;lias
Parmelia dalmatina;atranorin, chloroatranorin, consalazinic acid, salazinic acid;lias
Parmelia discordans;atranorin;italic
Parmelia encryptata;atranorin, chloroatranorin;italic
Parmelia ernstiae;atranorin, chloroatranorin;italic
Parmelia ernstiae;atranorin, chloroatranorin, consalazinic acid, isonephrosterinic acid, lichesterinic acid, lobaric acid, nephrosteranic acid, nephrosterinic acid, protocetraric acid, protolichesterinic acid, salazinic acid;lias
Parmelia erumpens;atranorin, chloroatranorin, consalazinic acid, salazinic acid;lias
Parmelia fertilis;atranorin, chloroatranorin, consalazinic acid, salazinic acid;lias
Parmelia fraudans;atranorin, chloroatranorin, consalazinic acid, protolichesterinic acid, salazinic acid, usnic acid;lias
Parmelia hygrophylla;atranorin, chloroatranorin, consalazinic acid, salazinic acid;lias
Parmelia hypoconstictica;atranorin, chloroatranorin, consalazinic acid, methyl norstictate, norstictic acid, salazinic acid;lias
Parmelia isidioclada;atranorin, chloroatranorin, consalazinic acid, salazinic acid;lias
Parmelia kerguelensis;atranorin, chloroatranorin, lobaric acid, protocetraric acid;lias
Parmelia laevior;atranorin, chloroatranorin, consalazinic acid, salazinic acid;lias
Parmelia lindsayana;alectoronic acid, atranorin, chloroatranorin, usnic acid, α-collatolic acid;lias
Parmelia lopezii;atranorin, chloroatranorin, consalazinic acid, salazinic acid;lias
Parmelia marmariza;atranorin, chloroatranorin, consalazinic acid, salazinic acid, unknown/unidentified fatty acid(s);lias
Parmelia masonii;atranorin, fumarprotocetraric acid, protocetraric acid, skyrin (rhodophyscin), unknown/unidentified anthraquinone(s), unknown/unidentified fatty acid(s);lias
Parmelia mayi;atranorin, isonephrosterinic acid, lichesterinic acid, nephrosterinic acid, protolichesterinic acid;lias
Parmelia meiophora;atranorin, chloroatranorin, consalazinic acid, salazinic acid;lias
Parmelia neosaxatilis;atranorin, chloroatranorin;italic
Parmelia norcrambidiocarpa;atranorin, chloroatranorin, conechinocarpic acid, echinocarpic acid;lias
Parmelia omphalodes;atranorin;italic
Parmelia omphalodes;atranorin, chloroatranorin, consalazinic acid, lobaric acid, protolichesterinic acid, salazinic acid;lias
Parmelia omphalodes;atranorin, chloroatranorin, fumarprotocetraric acid, galbinic acid, lobaric acid, protocetraric acid, unknown/unidentified fatty acid(s);lias
Parmelia omphalodes;arthonin, lobaric acid, protocetraric acid, protolichesterinic acid;lias
Parmelia omphalodes;atranorin, chloroatranorin, consalazinic acid, salazinic acid;lias
Parmelia pachychroa;atranorin, chloroatranorin, consalazinic acid, salazinic acid;lias
Parmelia pinnatifida;atranorin;italic
Parmelia protenta;atranorin, chloroatranorin, fumarprotocetraric acid, unknown/unidentified fatty acid(s);lias
Parmelia protosignifera;atranorin, chloroatranorin, protocetraric acid;lias
Parmelia pseudolaevior;atranorin, chloroatranorin, consalazinic acid, protocetraric acid, salazinic acid, unknown/unidentified fatty acid(s);lias
Parmelia pseudolaevis;atranorin, chloroatranorin, consalazinic acid, salazinic acid;lias
Parmelia pseudoshinanoana;atranorin, chloroatranorin, consalazinic acid, salazinic acid;lias
Parmelia pseudosulcata;atranorin, chloroatranorin, lobaric acid, protocetraric acid;lias
Parmelia pseudosulcata;atranorin, chloroatranorin, fumarprotocetraric acid, lobaric acid, protocetraric acid;lias
Parmelia pseudotenuirima;atranorin, chloroatranorin, consalazinic acid, lobaric acid, salazinic acid;lias
Parmelia queenslandensis;atranorin, chloroatranorin, consalazinic acid, salazinic acid;lias
Parmelia ricasolioides;atranorin, chloroatranorin, consalazinic acid, salazinic acid;lias
Parmelia salcrambidocarpa;atranorin, chloroatranorin, consalazinic acid, lobaric acid, salazinic acid;lias
Parmelia saxatilis;atranorin, chloroatranorin;italic
Parmelia saxatilis;atranorin, chloroatranorin, consalazinic acid, lobaric acid, protolichesterinic acid, salazinic acid, unknown/unidentified fatty acid(s);lias
Parmelia schindleri;atranorin, chloroatranorin, consalazinic acid, salazinic acid;lias
Parmelia serrana;atranorin, consalazinic acid;italic
Parmelia serrana;atranorin, chloroatranorin, consalazinic acid, isonephrosterinic acid, lichesterinic acid, lobaric acid, nephrosterinic acid, protolichesterinic acid, salazinic acid;lias
Parmelia shinanoana;4-o-methylgyrophoric acid (congyrophoric acid), atranorin, chloroatranorin, consalazinic acid, gyrophoric acid, salazinic acid;lias
Parmelia signifera;atranorin, chloroatranorin, consalazinic acid, lobaric acid, salazinic acid;lias
Parmelia skultii;atranorin, chloroatranorin, consalazinic acid, fumarprotocetraric acid, norstictic acid, protolichesterinic acid, salazinic acid, stictic acid;lias
Parmelia squarrosa;atranorin;italic
Parmelia squarrosa;atranorin, chloroatranorin, consalazinic acid, salazinic acid;lias
Parmelia stevensiana;atranorin, chloroatranorin, consalazinic acid, salazinic acid;lias
Parmelia submontana;atranorin;italic
Parmelia submontana;atranorin, chloroatranorin, consalazinic acid, salazinic acid;lias
Parmelia submutata;atranorin, chloroatranorin, consalazinic acid, norstictic acid, salazinic acid;lias
Parmelia sulcata;atranorin, chloroatranorin;italic
Parmelia sulcata;atranorin, chloroatranorin, consalazinic acid, lobaric acid, salazinic acid;lias
Parmelia tarkinensis;atranorin, chloroatranorin, conechinocarpic acid, echinocarpic acid, protocetraric acid;lias
Parmelia tenuirima;atranorin, chloroatranorin, consalazinic acid, salazinic acid;lias
Parmelia testacea;atranorin, chloroatranorin, consalazinic acid, salazinic acid, testacein;lias
Parmelia villardi;atranorin, chloroatranorin, conechinocarpic acid, echinocarpic acid, testacein, unknown/unidentified fatty acid(s);lias
Parmeliella austroshetlandica;pannarin;lias
Parmeliella subgranulata;ursolic acid;lias
Parmeliella zeylanica;unknown/unidentified pigment(s);lias
Parmelina atricha;atranorin;italic
Parmelina carporrhizans;atranorin;italic
Parmelina clandestina;atranorin;italic
Parmelina conlabrosa;atranorin, chloroatranorin, lecanoric acid, orsellinic acid;lias
Parmelina endoleuca;atranorin, chloroatranorin, isonephrosterinic acid, lichesterinic acid, nephrosterinic acid, pigmentosin a, protolichesterinic acid, unknown/unidentified fatty acid(s), vioxanthin;lias
Parmelina euplectina;atranorin, chloroatranorin, euplectin, lecanoric acid, skyrin (rhodophyscin);lias
Parmelina galbina;atranorin, galbinic acid, leucotylin, salazinic acid, secalonic acid a, unknown/unidentified (tri-)terpenoid(s), (tri-)terpene(s), zeorin (hopane-6α,22-diol);lias
Parmelina johnstoniae;atranorin, chloroatranorin, lichesterinic acid, protolichesterinic acid, unknown/unidentified fatty acid(s);lias
Parmelina labrosa;atranorin, chloroatranorin, lecanoric acid;lias
Parmelina mediterranea;atranorin;italic
Parmelina pastillifera;atranorin;italic
Parmelina pastillifera;atranorin, chloroatranorin, lecanoric acid;lias
Parmelina pseudorelicina;atranorin, chloroatranorin, gyrophoric acid, lecanoric acid, pigmentosin a;lias
Parmelina quercina;atranorin;italic
Parmelina quercina;atranorin, chloroatranorin, lecanoric acid;lias
Parmelina tiliacea;atranorin;italic
Parmelina tiliacea;atranorin, chloroatranorin, lecanoric acid;lias
Parmelina usambarensis;atranorin, chloroatranorin, consalazinic acid, salazinic acid;lias
Parmelina yalungana;atranorin, lecanoric acid, stictic acid;lias
Parmelinella inexplicabilis;atranorin;lias
Parmelinella simplicior;atranorin, chloroatranorin, consalazinic acid, salazinic acid;lias
Parmelinella versiformis;atranorin, chloroatranorin, consalazinic acid, salazinic acid;lias
Parmelinella wallichiana;atranorin, chloroatranorin, consalazinic acid, eumitrin(s) – unspecified, pigmentosin a, salazinic acid, secalonic acid a;lias
Parmelinopsis afrorevoluta;atranorin, chloroatranorin, gyrophoric acid;lias
Parmelinopsis afrorevoluta;2,4,5-tri-o-methylhiascic acid, 4,5-di-o-methylhiascic acid, 5-o-methylhiascic acid, atranorin, chloroatranorin, gyrophoric acid, hiascic acid, lecanoric acid, umbilicaric acid;lias
Parmelinopsis bonariensis;3-hydroxyumbilicaric acid, 3-methoxy-2,4-di-o-methylgyrophoric acid, 3-methoxyumbilicaric acid, atranorin, chloroatranorin, gyrophoric acid, lecanoric acid, umbilicaric acid;lias
Parmelinopsis britannica;2,4,5-tri-o-methylhiascic acid, 4,5-di-o-methylhiascic acid, 5-o-methylhiascic acid, atranorin, chloroatranorin, gyrophoric acid, hiascic acid, umbilicaric acid;lias
Parmelinopsis cryptochlora;4-o-methylhiascic acid, atranorin, chloroatranorin, gyrophoric acid, hiascic acid, lecanoric acid, methyl hiascate, umbilicaric acid;lias
Parmelinopsis ectypa;5-o-methylhiascic acid, atranorin, chloroatranorin, gyrophoric acid, pigmentosin a;lias
Parmelinopsis expallida;atranorin, chloroatranorin, isonephrosterinic acid, lichesterinic acid, nephrosterinic acid, protolichesterinic acid, unknown/unidentified fatty acid(s);lias
Parmelinopsis heteroloba;atranorin, chloroatranorin, unknown/unidentified fatty acid(s);lias
Parmelinopsis horrescens;2,4,5-tri-o-methylhiascic acid, 2,4-di-o-methylgyrophoric acid, 3-hydroxygyrophoric acid, 3-hydroxyumbilicaric acid, 3-methoxy-2,4-di-o-methylgyrophoric acid, 3-methoxyumbilicaric acid, 4,5-di-o-methylhiascic acid, 4-o-methylgyrophoric acid (congyrophoric acid), 5-o-methylhiascic acid, atranorin, chloroatranorin, gyrophoric acid, lecanoric acid, umbilicaric acid;lias
Parmelinopsis jamesii;atranorin, chloroatranorin, malonprotocetraric acid, protocetraric acid;lias
Parmelinopsis megadactyla;4-o-demethylmicrophyllinic acid, anziaic acid, atranorin, chloroatranorin, eumitrin b, olivetoric acid, unknown/unidentified pigment(s), usnic acid;lias
Parmelinopsis microlobulata;atranorin, chloroatranorin, isomyelochroic acid, myelochroic acid, neuropogolic acid, protoneurolopologic acid, unknown/unidentified fatty acid(s);lias
Parmelinopsis minarum;4,5-di-o-methylhiascic acid, 5-o-methylhiascic acid, atranorin, chloroatranorin, gyrophoric acid, hiascic acid, lecanoric acid, pigmentosin a;lias
Parmelinopsis mussooriensis;atranorin, chloroatranorin, constictic acid, cryptostictic acid, menegazziaic acid, norstictic acid, salazinic acid, stictic acid;lias
Parmelinopsis nagalandica;atranorin, chloroatranorin, isonephrosterinic acid, lichesterinic acid, nephrosterinic acid, protolichesterinic acid, unknown/unidentified fatty acid(s);lias
Parmelinopsis neodamaziana;3-methoxy-2,4-di-o-methylgyrophoric acid, 5-o-methylhiascic acid, atranorin, chloroatranorin, gyrophoric acid, lecanoric acid, umbilicaric acid;lias
Parmelinopsis neodamaziana;2,4,5-tri-o-methylhiascic acid, 2,4-di-o-methylgyrophoric acid, 5-o-methylhiascic acid, atranorin, chloroatranorin, gyrophoric acid, hiascic acid, lecanoric acid, pigmentosin a;lias
Parmelinopsis pinguiacida;atranorin, chloroatranorin, lecanoric acid, unknown/unidentified fatty acid(s);lias
Parmelinopsis protocetrarica;atranorin, gyrophoric acid, protocetraric acid, unknown/unidentified compound(s), virensic acid;lias
Parmelinopsis schindleri;2,4-di-o-methylgyrophoric acid, 3-methoxy-2,4-di-o-methylgyrophoric acid, 4,5-di-o-methylhiascic acid, atranorin, chloroatranorin, gyrophoric acid;lias
Parmelinopsis spathulata;2,4,5-tri-o-methylhiascic acid, 4,5-di-o-methylhiascic acid, 5-o-methylhiascic acid, atranorin, chloroatranorin, gyrophoric acid;lias
Parmelinopsis spumosa;2,4-di-o-methylhiascic acid, 4,5-di-o-methylhiascic acid, 4-o-methylgyrophoric acid (congyrophoric acid), 4-o-methylhiascic acid, 5-o-methylhiascic acid, atranorin, chloroatranorin, gyrophoric acid, hiascic acid, lecanoric acid, methyl hiascate, umbilicaric acid, unknown/unidentified pigment(s);lias
Parmelinopsis subfatiscens;2,4,5-tri-o-methylhiascic acid, 2,4-di-o-methylgyrophoric acid, 3-hydroxy-2,4-di-o-methylgyrophoric acid, 3-hydroxygyrophoric acid, 3-methoxy-2,4-di-o-methylgyrophoric acid, 4,5-di-o-methylhiascic acid, 4-o-methylgyrophoric acid (congyrophoric acid), 5-o-methylhiascic acid, atranorin, chloroatranorin, gyrophoric acid, hiascic acid, lecanoric acid, umbilicaric acid;lias
Parmelinopsis subinflata;atranorin, chloroatranorin, protocetraric acid;lias
Parmelinopsis swinscowii;atranorin, chloroatranorin, consalazinic acid, lobaric acid, salazinic acid;lias
Parmeliopsis ambigua;atranorin, usnic;italic
Parmeliopsis ambigua;aspicilin, divaricatic acid, nordivaricatic acid, usnic acid;lias
Parmeliopsis capitata;divaricatic acid, usnic acid;lias
Parmeliopsis chlorolecanorica;3,5-dichlorolecanoric acid, 5-chlorolecanoric acid, atranorin, chloroatranorin, lecanoric acid;lias
Parmeliopsis esorediata;atranorin, chloroatranorin, divaricatic acid;lias
Parmeliopsis hyperopta;atranorin, chloroatranorin;italic
Parmeliopsis hyperopta;aspicilin, chloroatranorin, divaricatic acid, stenosporic acid;lias
Parmeliopsis subambigua;divaricatic acid, usnic acid;lias
Parmotrema aberrans;atranorin, chloroatranorin, gyrophoric acid, usnic acid;lias
Parmotrema abessinicum;atranorin, chloroatranorin, loxodin, norlobaridone, protolichesterinic acid, unknown/unidentified fatty acid(s);lias
Parmotrema abnuens;atranorin, chloroatranorin, olivetoric acid;lias
Parmotrema acrotrychum;atranorin, chloroatranorin, conprotocetraric acid, fumarprotocetraric acid, protolichesterinic acid, succinprotocetraric acid;lias
Parmotrema adspersum;atranorin, chloroatranorin, fumarprotocetraric acid, protocetraric acid, succinprotocetraric acid;lias
Parmotrema afrocetratum;atranorin, chloroatranorin, consalazinic acid, salazinic acid;lias
Parmotrema albinatum;atranorin, chloroatranorin, consalazinic acid, lobaric acid, salazinic acid;lias
Parmotrema aldabrense;atranorin, chloroatranorin, norstictic acid, stictic acid;lias
Parmotrema alectoronicum;alectoronic acid, gyrophoric acid, usnic acid;lias
Parmotrema alidactylatum;atranorin, chloroatranorin, unknown/unidentified fatty acid(s);lias
Parmotrema amaniense;alectoronic acid, atranorin, chloroatranorin, protocetraric acid, α-collatolic acid;lias
Parmotrema amboimense;atranorin, chloroatranorin, olivetoric acid;lias
Parmotrema anchietanum;atranorin, chloroatranorin, consalazinic acid, salazinic acid;lias
Parmotrema andinum;atranorin, chloroatranorin, lecanoric acid;lias
Parmotrema appendiculatum;atranorin, chloroatranorin, skyrin (rhodophyscin), unknown/unidentified compound(s), unknown/unidentified pigment(s);lias
Parmotrema applanatum;atranorin, chloroatranorin, loxodin, norlobaridone, usnic acid;lias
Parmotrema apricum;protocetraric acid, unknown/unidentified fatty acid(s), usnic acid;lias
Parmotrema aptrootii;echinocarpic acid, protocetraric acid, usnic acid;lias
Parmotrema araucariarum;atranorin, chloroatranorin, protolichesterinic acid, unknown/unidentified fatty acid(s), unknown/unidentified pigment(s);lias
Parmotrema argentinum;alectoronic acid, atranorin, chloroatranorin;lias
Parmotrema arnoldii;-collatolic acid, atranorin, chloroatranorin;italic
Parmotrema arnoldii;alectoronic acid, atranorin, chloroatranorin, skyrin (rhodophyscin), α-collatolic acid;lias
Parmotrema arteagum;atranorin, chloroatranorin, consalazinic acid, salazinic acid;lias
Parmotrema asperum;atranorin, chloroatranorin, consalazinic acid, salazinic acid;lias
Parmotrema austrocetratum;atranorin, chloroatranorin, consalazinic acid, norstictic acid, salazinic acid;lias
Parmotrema austrosinense;atranorin, chloroatranorin, lecanoric acid;lias
Parmotrema awasthii;alectoronic acid, atranorin, chloroatranorin, α-collatolic acid;lias
Parmotrema balense;atranorin, chloroatranorin, gyrophoric acid, norlobaridone;lias
Parmotrema bangii;atranorin, chloroatranorin, constictic acid, cryptostictic acid, menegazziaic acid, stictic acid;lias
Parmotrema barioense;atranorin, butlerin d, butlerin e, butlerin f, chloroatranorin, protocetraric acid;lias
Parmotrema betaniae;atranorin, chloroatranorin, protocetraric acid, secalonic acid a, unknown/unidentified fatty acid(s);lias
Parmotrema blanchetianum;atranorin, chloroatranorin, consalazinic acid, salazinic acid;lias
Parmotrema blanchetii;atranorin, chloroatranorin, gyrophoric acid, protocetraric acid;lias
Parmotrema bonplandii;atranorin, chloroatranorin, lichexanthone, norlobaridone;lias
Parmotrema brasiliense;alectoronic acid, atranorin, chloroatranorin, skyrin (rhodophyscin), α-collatolic acid;lias
Parmotrema cachimboense;atranorin, chloroatranorin, euplectin, protocetraric acid;lias
Parmotrema catarinae;atranorin, chloroatranorin, gyrophoric acid;lias
Parmotrema cetratum;atranorin, chloroatranorin, consalazinic acid, salazinic acid;lias
Parmotrema chiapense;alectoronic acid, atranorin, chloroatranorin, skyrin (rhodophyscin);lias
Parmotrema ciliiferum;atranorin, chloroatranorin, constipatic acid, unknown/unidentified fatty acid(s);lias
Parmotrema circinatum;atranorin, chloroatranorin, protocetraric acid, virensic acid;lias
Parmotrema commensuratum;atranorin, chloroatranorin, consalazinic acid, loxodin, norlobaridone, salazinic acid;lias
Parmotrema compositum;atranorin, chloroatranorin, gyrophoric acid, norstictic acid, skyrin (rhodophyscin);lias
Parmotrema conformatum;atranorin, chloroatranorin, fumarprotocetraric acid, malonprotocetraric acid, protocetraric acid, succinprotocetraric acid, usnic acid;lias
Parmotrema confusum;atranorin, chloroatranorin, euplectin, protocetraric acid;lias
Parmotrema conjunctum;atranorin, chloroatranorin, gyrophoric acid, lichexanthone, unknown/unidentified pigment(s);lias
Parmotrema consors;atranorin, chloroatranorin;lias
Parmotrema convolutum;atranorin, chloroatranorin, constictic acid, cryptostictic acid, menegazziaic acid, norstictic acid, stictic acid;lias
Parmotrema cooperi;atranorin, chloroatranorin, lecanoric acid;lias
Parmotrema coralliforme;atranorin, chloroatranorin, consalazinic acid, salazinic acid;lias
Parmotrema corniculans;alectoronic acid, atranorin, chloroatranorin, skyrin (rhodophyscin), α-collatolic acid;lias
Parmotrema cornutum;atranorin, chloroatranorin, vulpinic acid;lias
Parmotrema crassescens;atranorin, chloroatranorin, connorstictic acid, norstictic acid;lias
Parmotrema crinitoides;alectoronic acid, atranorin, chloroatranorin;lias
Parmotrema crinitum;atranorin, chloroatranorin, constictic acid;italic
Parmotrema crinitum;atranorin, chloroatranorin, connorstictic acid, constictic acid, cryptostictic acid, hypostictic acid, menegazziaic acid, norstictic acid, peristictic acid, stictic acid;lias
Parmotrema cristatum;atranorin, chloroatranorin, protocetraric acid, unknown/unidentified pigment(s);lias
Parmotrema cristiferum;atranorin, chloroatranorin, consalazinic acid, eumitrin a1, eumitrin a2, salazinic acid, unknown/unidentified pigment(s);lias
Parmotrema cristobalii;atranorin, chloroatranorin, consalazinic acid, loxodin, norlobaridone, salazinic acid;lias
Parmotrema crocoides;atranorin, chloroatranorin, protolichesterinic acid, unknown/unidentified fatty acid(s), unknown/unidentified pigment(s);lias
Parmotrema cryptoxanthoides;atranorin, chloroatranorin, unknown/unidentified fatty acid(s), unknown/unidentified pigment(s);lias
Parmotrema cryptoxanthum;atranorin, chloroatranorin, echinocarpic acid, protolichesterinic acid, unknown/unidentified pigment(s);lias
Parmotrema dactylosum;atranorin, caperatic acid, chloroatranorin, unknown/unidentified fatty acid(s);lias
Parmotrema defectum;atranorin, chloroatranorin, lecanoric acid, unknown/unidentified compound(s);lias
Parmotrema deflectens;alectoronic acid, atranorin, chloroatranorin, protocetraric acid;lias
Parmotrema degelianum;atranorin, chloroatranorin, connorstictic acid, norstictic acid;lias
Parmotrema delicatulum;atranorin, chloroatranorin, consalazinic acid, gyrophoric acid, salazinic acid, usnic acid;lias
Parmotrema demethylmicrophyllinicum;4-o-demethylmicrophyllinic acid, atranorin, chloroatranorin, olivetoric acid;lias
Parmotrema diacidulum;atranorin, caperatic acid, chloroatranorin, gyrophoric acid, protolichesterinic acid, unknown/unidentified fatty acid(s);lias
Parmotrema diffractaicum;atranorin, chloroatranorin, diffractaic acid, lichexanthone;lias
Parmotrema dilatatum;atranorin, chiodectonic acid, chloroatranorin, conechinocarpic acid, echinocarpic acid, protocetraric acid, secalonic acid a, usnic acid;lias
Parmotrema direagens;alectoronic acid, atranorin, chloroatranorin, gyrophoric acid, psoromic acid;lias
Parmotrema disparile;atranorin, chloroatranorin, protocetraric acid;lias
Parmotrema dissimile;atranorin, chloroatranorin, loxodin, norlobaridone;lias
Parmotrema diversum;alectoronic acid, atranorin, chloroatranorin, gyrophoric acid, α-collatolic acid;lias
Parmotrema dolosum;atranorin, chloroatranorin, gyrophoric acid, praesorediosic acid, protopraesorediosic acid;lias
Parmotrema dominicanum;atranorin, chloroatranorin, protocetraric acid;lias
Parmotrema durumae;alectoronic acid, atranorin, chloroatranorin, α-collatolic acid;lias
Parmotrema eborinum;atranorin, chloroatranorin, protocetraric acid;lias
Parmotrema eciliatum;atranorin, chloroatranorin, constictic acid, cryptostictic acid, hypostictic acid, stictic acid;lias
Parmotrema eitenii;atranorin, chloroatranorin, lecanoric acid;lias
Parmotrema elaciniatulum;atranorin, chloroatranorin, lichesterinic acid, protocetraric acid, protolichesterinic acid, unknown/unidentified fatty acid(s), unknown/unidentified pigment(s);lias
Parmotrema eliasaroanum;atranorin, chloroatranorin, constictic acid, cryptostictic acid, methyl stictic acid, peristictic acid, stictic acid;lias
Parmotrema endosulphureum;atranorin, chloroatranorin, eumitrin(s) – unspecified, gyrophoric acid, unknown/unidentified pigment(s);lias
Parmotrema enteroxanthum;atranorin, chloroatranorin, consalazinic acid, salazinic acid, unknown/unidentified pigment(s);lias
Parmotrema erasmium;alectoronic acid, atranorin, chloroatranorin, euplectin;lias
Parmotrema erhizinosum;atranorin, chloroatranorin, lecanoric acid;lias
Parmotrema eunetum;atranorin, chloroatranorin, gyrophoric acid, norlobaridone, norstictic acid, skyrin (rhodophyscin);lias
Parmotrema eunetum;atranorin, gyrophoric acid;lias
Parmotrema euplectinum;atranorin, chloroatranorin, coneuplectin, conprotocetraric acid, euplectin, protocetraric acid, subvirensic acid, virensic acid;lias
Parmotrema eurysacum;atranorin, chloroatranorin, consalazinic acid, salazinic acid;lias
Parmotrema expansum;atranorin, chloroatranorin, consalazinic acid, salazinic acid;lias
Parmotrema explanatum;4-o-demethylbarbatic acid, atranorin, barbatic acid, chloroatranorin;lias
Parmotrema exquisitum;alectoronic acid, atranorin, chloroatranorin, α-collatolic acid;lias
Parmotrema fasciculatum;atranorin, chloroatranorin, convirensic acid, fumarprotocetraric acid, protocetraric acid, succinprotocetraric acid, usnic acid, virensic acid;lias
Parmotrema flaccidifolium;atranorin, chloroatranorin, fumarprotocetraric acid, protocetraric acid, protolichesterinic acid, succinprotocetraric acid;lias
Parmotrema flavescens;atranorin, chloroatranorin, consalazinic acid, salazinic acid, usnic acid;lias
Parmotrema flavomedullosum;atranorin, chloroatranorin, gyrophoric acid, unknown/unidentified pigment(s);lias
Parmotrema flavotinctum;atranorin, chloroatranorin;lias
Parmotrema fleigiae;atranorin, chloroatranorin, consalazinic acid, salazinic acid;lias
Parmotrema fractum;atranorin, chloroatranorin, protocetraric acid, usnic acid;lias
Parmotrema fragilescens;atranorin, chloroatranorin, lecanoric acid;lias
Parmotrema friabile;4-o-demethylmicrophyllinic acid, atranorin, chloroatranorin, microphyllinic acid, olivetonide;lias
Parmotrema fumarprotocetraricum;atranorin, chloroatranorin, fumarprotocetraric acid, protocetraric acid;lias
Parmotrema gardneri;atranorin, chloroatranorin, protocetraric acid, unknown/unidentified fatty acid(s);lias
Parmotrema gibberosum;atranorin, chloroatranorin, norobtusatic acid, obtusatic acid, protocetraric acid, skyrin (rhodophyscin);lias
Parmotrema glaucocarpoides;atranorin, chloroatranorin, protolichesterinic acid, unknown/unidentified fatty acid(s);lias
Parmotrema gloriosum;alectoronic acid, atranorin, chloroatranorin, conalectoronic acid, dehydrocollatolic acid, α-collatolic acid;lias
Parmotrema gradsteinii;atranorin, chloroatranorin, gyrophoric acid, lecanoric acid;lias
Parmotrema graniticum;atranorin, conprotocetraric acid, convirensic acid, protocetraric acid, subvirensic acid, usnic acid, virensic acid;lias
Parmotrema grayanum;atranorin, chloroatranorin, lichesterinic acid, protolichesterinic acid;lias
Parmotrema hababianum;atranorin, chloroatranorin, loxodin, norlobaridone, protolichesterinic acid;lias
Parmotrema hanningtonianum;atranorin, chloroatranorin, gyrophoric acid, unknown/unidentified fatty acid(s);lias
Parmotrema hawaiiensis;atranorin, chloroatranorin, consalazinic acid, salazinic acid;lias
Parmotrema hensseniae;atranorin, chloroatranorin, unknown/unidentified pigment(s);lias
Parmotrema herrei;atranorin, chloroatranorin, consalazinic acid, protocetraric acid, salazinic acid;lias
Parmotrema hicksii;atranorin, chloroatranorin, gyrophoric acid, psoromic acid;lias
Parmotrema hololobum;atranorin, chloroatranorin, lecanoric acid;lias
Parmotrema homotomum;atranorin, chloroatranorin, loxodin, norlobaridone;lias
Parmotrema horridum;atranorin, chloroatranorin, olivetoric acid;lias
Parmotrema hydrium;atranorin, chloroatranorin, lichesterinic acid, protolichesterinic acid, thuringione, unknown/unidentified compound(s);lias
Parmotrema hyperlaciniatulum;alectoronic acid, atranorin, chloroatranorin, dehydroalectoronic acid, dehydrocollatolic acid, methyl pseudo-α-collatolate, methyl pseudoalectoronate, α-collatolic acid, β-alectoronic acid, β-collatolic acid;lias
Parmotrema hypermaculatum;atranorin, chloroatranorin, consalazinic acid, protocetraric acid, salazinic acid;lias
Parmotrema hypoleucinum;atranorin, chloroatranorin;italic
Parmotrema hypoleucinum;atranorin, chloroatranorin, constictic acid, norstictic acid, stictic acid;lias
Parmotrema hypomiltoides;alectoronic acid, atranorin, chloroatranorin, euplectin, unknown/unidentified pigment(s);lias
Parmotrema hypotropum;atranorin, chloroatranorin;italic
Parmotrema hypotropum;atranorin, chloroatranorin, norstictic acid, stictic acid;lias
Parmotrema immiscens;atranorin, chloroatranorin, eumitrin f, eumitrin g, secalonic acid a, unknown/unidentified pigment(s);lias
Parmotrema incrassatum;atranorin, chloroatranorin, protocetraric acid;lias
Parmotrema indicum;atranorin, chloroatranorin, gyrophoric acid, norlobaridone;lias
Parmotrema inexpectatum;4-o-methylphysodic acid, atranorin, chloroatranorin, colensoic acid, lividic acid;lias
Parmotrema insuetum;4-o-demethyldiffractaic acid, atranorin, barbatic acid, chloroatranorin, diffractaic acid, protocetraric acid;lias
Parmotrema internexum;atranorin, chloroatranorin, norlobaridone, stictic acid;lias
Parmotrema iringense;atranorin, chloroatranorin, gyrophoric acid, protocetraric acid;lias
Parmotrema isidioinsuetum;2-o-methylobtusatic acid, 4-o-demethylbarbatic acid, atranorin, barbatic acid, chloroatranorin, diffractaic acid, norobtusatic acid, protocetraric acid;lias
Parmotrema jacarandicola;atranorin, chloroatranorin, gyrophoric acid, psoromic acid;lias
Parmotrema judithae;atranorin, chloroatranorin, fumarprotocetraric acid, protocetraric acid, protolichesterinic acid, succinprotocetraric acid, unknown/unidentified fatty acid(s);lias
Parmotrema kahuziense;atranorin, chloroatranorin, protocetraric acid;lias
Parmotrema kainantum;atranorin, chloroatranorin, secalonic acid a, unknown/unidentified pigment(s);lias
Parmotrema kaisenikianum;atranorin, chloroatranorin, conprotocetraric acid, euplectin, gyrophoric acid, protocetraric acid, unknown/unidentified pigment(s), usnic acid, virensic acid;lias
Parmotrema kamatii;alectoronic acid, atranorin, chloroatranorin, α-collatolic acid;lias
Parmotrema kwalense;atranorin, chloroatranorin, constictic acid, norstictic acid, stictic acid;lias
Parmotrema laciniatulum;alectoronic acid, atranorin, chloroatranorin, α-collatolic acid;lias
Parmotrema laciniellum;atranorin, chloroatranorin, consalazinic acid, protocetraric acid, salazinic acid, usnic acid;lias
Parmotrema lacteum;atranorin, chloroatranorin, consalazinic acid, salazinic acid, unknown/unidentified pigment(s);lias
Parmotrema laeve;atranorin, chloroatranorin, lichesterinic acid, protolichesterinic acid, unknown/unidentified fatty acid(s);lias
Parmotrema lambinonii;4-o-methylphysodic acid, atranorin, chloroatranorin, lividic acid, physodic acid;lias
Parmotrema lambleyi;atranorin, chloroatranorin, secalonic acid a, secalonic acid b, unknown/unidentified pigment(s);lias
Parmotrema laongii;alectoronic acid, atranorin, chloroatranorin, unknown/unidentified compound(s), unknown/unidentified pigment(s);lias
Parmotrema larense;atranorin, chloroatranorin, lichexanthone, norlobaridone;lias
Parmotrema latissimum;atranorin, chloroatranorin, consalazinic acid, salazinic acid;lias
Parmotrema leonis;atranorin, chloroatranorin, protolichesterinic acid, unknown/unidentified fatty acid(s);lias
Parmotrema leucosemothetum;atranorin, chloroatranorin, consalazinic acid, salazinic acid;lias
Parmotrema lichexanthonicum;atranorin, chloroatranorin, lichexanthone, salazinic acid;lias
Parmotrema lobulascens;alectoronic acid, atranorin, chloroatranorin, gyrophoric acid, α-collatolic acid;lias
Parmotrema lobulatum;atranorin, chloroatranorin, constictic acid, stictic acid;lias
Parmotrema lobuliferum;atranorin, chloroatranorin, consalazinic acid, salazinic acid, unknown/unidentified fatty acid(s), usnic acid;lias
Parmotrema lopezii;atranorin, chloroatranorin, protocetraric acid, secalonic acid a, unknown/unidentified pigment(s), usnic acid;lias
Parmotrema lophogenum;atranorin, chloroatranorin, gyrophoric acid, unknown/unidentified fatty acid(s);lias
Parmotrema louisianae;alectoronic acid, atranorin, chloroatranorin, α-collatolic acid;lias
Parmotrema lyngeanum;atranorin, chloroatranorin, skyrin (rhodophyscin), unknown/unidentified pigment(s);lias
Parmotrema machupicchuense;protocetraric acid, usnic acid;lias
Parmotrema maclayanum;alectoronic acid, atranorin, chloroatranorin, dehydroalectoronic acid, secalonic acid a, α-collatolic acid;lias
Parmotrema macrocarpum;atranorin, caperatic acid, chloroatranorin, unknown/unidentified fatty acid(s);lias
Parmotrema madagascariaceum;atranorin, protolichesterinic acid, usnic acid;lias
Parmotrema madilynae;atranorin, chloroatranorin, conprotocetraric acid, protocetraric acid;lias
Parmotrema mantiquerense;atranorin, chloroatranorin, consalazinic acid, salazinic acid;lias
Parmotrema maraense;alectoronic acid, atranorin, chloroatranorin, skyrin (rhodophyscin), unknown/unidentified pigment(s);lias
Parmotrema margaritatum;atranorin, chloroatranorin, consalazinic acid, salazinic acid;lias
Parmotrema masonii;atranorin, chloroatranorin, consalazinic acid, hypoconstictic acid, salazinic acid, usnic acid;lias
Parmotrema matudae;atranorin, barbatic acid, chloroatranorin, diffractaic acid;lias
Parmotrema melanochaetum;atranorin, chloroatranorin, gyrophoric acid;lias
Parmotrema melanothrix;atranorin, chloroatranorin, protolichesterinic acid, unknown/unidentified fatty acid(s);lias
Parmotrema mellissii;alectoronic acid, atranorin, chloroatranorin, dehydrocollatolic acid, skyrin (rhodophyscin), α-collatolic acid;lias
Parmotrema merrillii;atranorin, chloroatranorin, conhypoprotocetraric acid, euplectin, protocetraric acid, virensic acid;lias
Parmotrema mesogenes;atranorin, chloroatranorin, unknown/unidentified compound(s), unknown/unidentified pigment(s);lias
Parmotrema mesotropum;atranorin, chloroatranorin, constipatic acid, secalonic acid a, unknown/unidentified fatty acid(s), unknown/unidentified pigment(s);lias
Parmotrema milanezii;atranorin, chloroatranorin, conechinocarpic acid, convirensic acid, echinocarpic acid, protocetraric acid, secalonic acid a, subvirensic acid, usnic acid;lias
Parmotrema mirandum;consalazinic acid, salazinic acid, usnic acid;lias
Parmotrema mordenii;atranorin, caperatic acid, chloroatranorin, protolichesterinic acid;lias
Parmotrema moreliense;atranorin, chloroatranorin, consalazinic acid, protolichesterinic acid, salazinic acid;lias
Parmotrema muelleri;atranorin, chloroatranorin, constictic acid, stictic acid;lias
Parmotrema myelochroum;atranorin, barbatic acid, chloroatranorin, unknown/unidentified pigment(s);lias
Parmotrema myriolobulatum;atranorin, chloroatranorin, protocetraric acid, virensic acid;lias
Parmotrema nanfongense;alectoronic acid, atranorin, chloroatranorin, α-collatolic acid;lias
Parmotrema naonii;atranorin, butlerin(s) – unspecified, chloroatranorin, protocetraric acid;lias
Parmotrema natalense;alectoronic acid, atranorin, chloroatranorin;lias
Parmotrema negrosorientalum;alectoronic acid, atranorin, chloroatranorin, dehydrocollatolic acid, skyrin (rhodophyscin), α-collatolic acid;lias
Parmotrema neocaledonicum;atranorin, chloroatranorin, gyrophoric acid, protocetraric acid;lias
Parmotrema neolobulascens;atranorin, chloroatranorin, gyrophoric acid;lias
Parmotrema neosubcrinitum;atranorin, chloroatranorin, consalazinic acid, hypoconstictic acid, isousnic acid, salazinic acid;lias
Parmotrema neotropicum;atranorin, chloroatranorin, consalazinic acid, salazinic acid, usnic acid;lias
Parmotrema nilgherrense;alectoronic acid, atranorin, chloroatranorin, α-collatolic acid;lias
Parmotrema nylanderi;atranorin, chloroatranorin, consalazinic acid, gyrophoric acid, salazinic acid, usnic acid;lias
Parmotrema ochrocrinitum;atranorin, chloroatranorin, connorstictic acid, constictic acid, cryptostictic acid, euplectin, menegazziaic acid, norstictic acid, stictic acid, unknown/unidentified pigment(s);lias
Parmotrema ochroglaucum;atranorin, chloroatranorin, protolichesterinic acid, unknown/unidentified fatty acid(s), usnic acid;lias
Parmotrema olivarium;atranorin, chloroatranorin, consalazinic acid, salazinic acid;lias
Parmotrema ornatulum;alectoronic acid, atranorin, chloroatranorin;lias
Parmotrema overeemii;atranorin, chloroatranorin, fumarprotocetraric acid, protocetraric acid, unknown/unidentified fatty acid(s);lias
Parmotrema pacificum;atranorin, chloroatranorin, protocetraric acid, usnic acid;lias
Parmotrema pancheri;alectoronic acid, atranorin, chloroatranorin;lias
Parmotrema paracrinitum;atranorin, chloroatranorin, connorstictic acid, constictic acid, cryptostictic acid, hypostictic acid, menegazziaic acid, norstictic acid, peristictic acid, stictic acid;lias
Parmotrema paraense;atranorin, chloroatranorin, unknown/unidentified fatty acid(s);lias
Parmotrema parahypotropum;atranorin, chloroatranorin, galbinic acid, norstictic acid, salazinic acid, unknown/unidentified fatty acid(s);lias
Parmotrema paramoreliense;atranorin, chloroatranorin, consalazinic acid, salazinic acid;lias
Parmotrema pardi;atranorin, chloroatranorin, fumarprotocetraric acid, protocetraric acid;lias
Parmotrema paulense;atranorin, chloroatranorin, protolichesterinic acid, unknown/unidentified compound(s);lias
Parmotrema pectinatum;consalazinic acid, gyrophoric acid, salazinic acid, usnic acid;lias
Parmotrema peralbidum;atranorin, chloroatranorin, protocetraric acid;lias
Parmotrema perforatum;atranorin, chloroatranorin, unknown/unidentified compound(s), unknown/unidentified pigment(s);lias
Parmotrema perlatum;atranorin, chloroatranorin, constictic acid;italic
Parmotrema perlatum;atranorin, chloroatranorin, constictic acid, cryptostictic acid, menegazziaic acid, norstictic acid, stictic acid;lias
Parmotrema permutatum;atranorin, chloroatranorin, eumitrin(s) – unspecified, gyrophoric acid, unknown/unidentified pigment(s);lias
Parmotrema pigmentiferum;atranorin, chloroatranorin, unknown/unidentified pigment(s);lias
Parmotrema pigmentosum;atranorin, chloroatranorin, euplectin, protocetraric acid, skyrin (rhodophyscin), unknown/unidentified pigment(s);lias
Parmotrema planatilobatum;atranorin, chloroatranorin, gyrophoric acid, skyrin (rhodophyscin), unknown/unidentified pigment(s);lias
Parmotrema platyphyllinum;atranorin, butlerin d, butlerin e, chloroatranorin, protocetraric acid;lias
Parmotrema pontagrossense;atranorin, chloroatranorin, consalazinic acid, lichexanthone, salazinic acid;lias
Parmotrema poolii;alectoronic acid, atranorin, chloroatranorin, dehydroalectoronic acid, dehydrocollatolic acid, α-collatolic acid;lias
Parmotrema praeinsuetum;atranorin, barbatic acid, chloroatranorin, diffractaic acid, protocetraric acid;lias
Parmotrema praeisidiosum;atranorin, chloroatranorin, praesorediosic acid, protopraesorediosic acid;lias
Parmotrema praesorediosum;atranorin, chloroatranorin, praesorediosic acid, protopraesorediosic acid, unknown/unidentified fatty acid(s);lias
Parmotrema preperforatum;atranorin, chloroatranorin, constictic acid, norstictic acid, stictic acid;lias
Parmotrema procerum;alectoronic acid, atranorin, chloroatranorin;lias
Parmotrema progenes;atranorin, chloroatranorin, conechinocarpic acid, echinocarpic acid, protocetraric acid;lias
Parmotrema protolobulatum;atranorin, chloroatranorin, conprotocetraric acid, isousnic acid, protocetraric acid, subvirensic acid, virensic acid;lias
Parmotrema pseudeunetum;atranorin, chloroatranorin, gyrophoric acid;lias
Parmotrema pseudobreviciliatum;alectoronic acid, atranorin, chloroatranorin, dehydrocollatolic acid, unknown/unidentified pigment(s), α-collatolic acid;lias
Parmotrema pseudocrinitum;atranorin, chloroatranorin, gyrophoric acid;lias
Parmotrema pseudograyanum;atranorin, chloroatranorin, fumarprotocetraric acid, protocetraric acid;lias
Parmotrema pseudonilgherrense;alectoronic acid, atranorin, chloroatranorin, α-collatolic acid;lias
Parmotrema pseudoreticulatum;atranorin, chloroatranorin, protocetraric acid;italic
Parmotrema pseudotinctorum;atranorin, chloroatranorin, lecanoric acid;lias
Parmotrema pustulatum;atranorin, chloroatranorin, fumarprotocetraric acid, gyrophoric acid, protocetraric acid, succinprotocetraric acid, virensic acid;lias
Parmotrema queenslandense;atranorin, chloroatranorin, fumarprotocetraric acid, protocetraric acid, succinprotocetraric acid, unknown/unidentified fatty acid(s);lias
Parmotrema ramescens;atranorin, chloroatranorin, consalazinic acid, salazinic acid;lias
Parmotrema rampoddense;alectoronic acid, anhydrofusarubin lactol, atranorin, chloroatranorin, fusarubin, skyrin (rhodophyscin), α-collatolic acid;lias
Parmotrema ramusculum;atranorin, chloroatranorin, consalazinic acid, salazinic acid;lias
Parmotrema ravum;atranorin, chloroatranorin, protocetraric acid, unknown/unidentified fatty acid(s), usnic acid;lias
Parmotrema reitzii;atranorin, chloroatranorin, consalazinic acid, loxodin, norlobaridone, salazinic acid;lias
Parmotrema reparatum;atranorin, chloroatranorin, consalazinic acid, salazinic acid;lias
Parmotrema restingense;alectoronic acid, chloroatranorin, methyl pseudo-α-collatolate, methyl pseudoalectoronate, α-collatolic acid, β-alectoronic acid, β-collatolic acid;lias
Parmotrema reticulatum;atranorin, chloroatranorin;italic
Parmotrema reticulatum;atranorin, chloroatranorin, consalazinic acid, salazinic acid;lias
Parmotrema rigidum;alectoronic acid, atranorin, chloroatranorin;lias
Parmotrema rimulosum;alectoronic acid, atranorin, chloroatranorin, skyrin (rhodophyscin), α-collatolic acid;lias
Parmotrema robustum;atranorin;italic
Parmotrema robustum;atranorin, chloroatranorin, protocetraric acid, unknown/unidentified fatty acid(s);lias
Parmotrema rubifaciens;atranorin, chloroatranorin, norstictic acid;lias
Parmotrema rubromarginatum;atranorin, chloroatranorin, protocetraric acid, protolichesterinic acid, unknown/unidentified fatty acid(s);lias
Parmotrema ruminatum;atranorin, chloroatranorin, consalazinic acid, salazinic acid;lias
Parmotrema ruptum;atranorin, chloroatranorin, consalazinic acid, salazinic acid;lias
Parmotrema saccatilobum;atranorin, chloroatranorin, protocetraric acid, unknown/unidentified fatty acid(s);lias
Parmotrema sampaioi;atranorin, chloroatranorin, convirensic acid, protocetraric acid, subvirensic acid, virensic acid;lias
Parmotrema sancta-candidae;atranorin, chloroatranorin, fumarprotocetraric acid, succinprotocetraric acid;lias
Parmotrema sancti-angelii;atranorin, chloroatranorin, gyrophoric acid, lecanoric acid;lias
Parmotrema sarrameanum;atranorin, chloroatranorin, eumitrin n, unknown/unidentified pigment(s);lias
Parmotrema schindleri;atranorin, chloroatranorin, gyrophoric acid, protocetraric acid;lias
Parmotrema setchellii;atranorin, chloroatranorin, protocetraric acid;lias
Parmotrema simulans;atranorin, caperatic acid, chloroatranorin, protolichesterinic acid, unknown/unidentified fatty acid(s);lias
Parmotrema sorediferum;alectoronic acid, atranorin, chloroatranorin, α-collatolic acid;lias
Parmotrema soredioaliphaticum;atranorin, chloroatranorin, unknown/unidentified fatty acid(s);lias
Parmotrema sorediosulphuratum;atranorin, unknown/unidentified pigment(s), vulpinic acid;lias
Parmotrema soyauxii;atranorin, chloroatranorin, lecanoric acid;lias
Parmotrema spilotum;atranorin, chloroatranorin, norlobaridone, norstictic acid, skyrin (rhodophyscin), unknown/unidentified pigment(s);lias
Parmotrema spinibaris;atranorin, chloroatranorin, consalazinic acid, lichexanthone, salazinic acid;lias
Parmotrema stenopteris;alectoronic acid, atranorin, chloroatranorin, unknown/unidentified fatty acid(s);lias
Parmotrema sticticum;atranorin, chloroatranorin, constictic acid, cryptostictic acid, menegazziaic acid, methyl stictic acid, methyl β-orsellinate, peristictic acid, stictic acid;lias
Parmotrema stuhlmannii;atranorin, chloroatranorin, lecanoric acid;lias
Parmotrema stuppeum;atranorin, chloroatranorin;italic
Parmotrema stuppeum;atranorin, chloroatranorin, consalazinic acid, salazinic acid;lias
Parmotrema subarnoldii;atranorin, chloroatranorin, lichesterinic acid, protocetraric acid, protolichesterinic acid, skyrin (rhodophyscin), unknown/unidentified fatty acid(s);lias
Parmotrema subcoloratum;atranorin, chloroatranorin, gyrophoric acid, unknown/unidentified pigment(s);lias
Parmotrema subcompositum;atranorin, chloroatranorin, gyrophoric acid, norstictic acid;lias
Parmotrema subcorallinum;atranorin, chloroatranorin, lichesterinic acid, protocetraric acid, protolichesterinic acid, unknown/unidentified fatty acid(s);lias
Parmotrema subhanningtonianum;atranorin, chloroatranorin, gyrophoric acid;lias
Parmotrema subisidiosum;atranorin, chloroatranorin, consalazinic acid, salazinic acid;lias
Parmotrema submarginale;atranorin, chloroatranorin, protocetraric acid;lias
Parmotrema subochraceum;atranorin, chloroatranorin, euplectin, protocetraric acid, unknown/unidentified anthraquinone(s), unknown/unidentified pigment(s);lias
Parmotrema subpallescens;alectoronic acid, atranorin, chloroatranorin, α-collatolic acid;lias
Parmotrema subrugatum;alectoronic acid, atranorin, chloroatranorin, skyrin (rhodophyscin), α-collatolic acid;lias
Parmotrema subschimperi;atranorin, chloroatranorin, gyrophoric acid, norlobaridone, norstictic acid;lias
Parmotrema succinreticulatum;atranorin, chloroatranorin, fumarprotocetraric acid, protocetraric acid, succinprotocetraric acid;lias
Parmotrema sulphuratum;atranorin, chloroatranorin, skyrin (rhodophyscin), unknown/unidentified pigment(s), vulpinic acid;lias
Parmotrema superaguiense;atranorin, eumitrin a1, eumitrin a2, eumitrin b, unknown/unidentified fatty acid(s);lias
Parmotrema taitae;atranorin, chloroatranorin, fumarprotocetraric acid, protocetraric acid;lias
Parmotrema tandilense;atranorin, chloroatranorin, consalazinic acid, protocetraric acid, salazinic acid, virensic acid;lias
Parmotrema thailandicum;alectoronic acid, atranorin, chloroatranorin, conprotocetraric acid, protocetraric acid, skyrin (rhodophyscin), subvirensic acid, unknown/unidentified pigment(s), virensic acid;lias
Parmotrema tinctorum;atranorin, chloroatranorin, lecanoric acid, orsellinic acid;lias
Parmotrema tongaense;atranorin, chloroatranorin, fumarprotocetraric acid, protocetraric acid, protolichesterinic acid, succinprotocetraric acid;lias
Parmotrema tsavoënse;atranorin, chloroatranorin, oxyphysodic acid, physodic acid;lias
Parmotrema uberrimum;alectoronic acid, atranorin, chloroatranorin;lias
Parmotrema ultralucens;atranorin, chloroatranorin, consalazinic acid, lichexanthone, salazinic acid;lias
Parmotrema umbrosum;atranorin, chloroatranorin, gyrophoric acid, protocetraric acid;lias
Parmotrema upretii;atranorin, chloroatranorin, lecanoric acid;lias
Parmotrema uruguense;atranorin, chloroatranorin, consalazinic acid, salazinic acid;lias
Parmotrema vartakii;alectoronic acid, atranorin, chloroatranorin, α-collatolic acid;lias
Parmotrema ventanicum;atranorin, chloroatranorin, consalazinic acid, protocetraric acid, salazinic acid, virensic acid;lias
Parmotrema verrucisetosum;atranorin, chloroatranorin, consalazinic acid, salazinic acid;lias
Parmotrema virescens;atranorin, chloroatranorin, protocetraric acid, usnic acid;lias
Parmotrema viridiflavum;atranorin, fumarprotocetraric acid, protocetraric acid, usnic acid;lias
Parmotrema vividum;protocetraric acid, usnic acid;lias
Parmotrema wainii;alectoronic acid, atranorin, chloroatranorin, skyrin (rhodophyscin);lias
Parmotrema wirthii;alectoronic acid, atranorin, chloroatranorin;lias
Parmotrema wrightii;atranorin, chloroatranorin, connorstictic acid, echinocarpic acid, norstictic acid;lias
Parmotrema xanthinum;caperatic acid, unknown/unidentified fatty acid(s), usnic acid;lias
Parmotrema xanthopustulatum;atranorin, chloroatranorin, secalonic acid a, secalonic acid b, secalonic acid c, unknown/unidentified secalonic acid derivate(s), usnic acid;lias
Parmotrema yodae;atranorin, chloroatranorin, loxodin, norlobaridone;lias
Parmotrema yunnanum;atranorin, caperatic acid, chloroatranorin, unknown/unidentified fatty acid(s);lias
Parmotrema zicoi;atranorin, chloroatranorin, conprotocetraric acid, protocetraric acid, subvirensic acid, virensic acid;lias
Parmotrema zollingeri;atranorin, chloroatranorin, fumarprotocetraric acid, protocetraric acid, succinprotocetraric acid;lias
Parmotremopsis antillensis;atranorin, chloroatranorin, connorstictic acid, norstictic acid;lias
Parmotremopsis phlyctina;atranorin, chloroatranorin, connorstictic acid, norstictic acid;lias
Parmotremopsis uruguayensis;atranorin, chloroatranorin, consalazinic acid, salazinic acid;lias
Parvoplaca chelyae;emodin, fallacinal, parietin, teloschistin;italic
Parvoplaca nigroblastidiata;emodin, fallacinal, parietin, teloschistin;italic
Peltigera aphthosa;gyrophoric acid;italic
Peltigera aphthosa;phlebic acid a (28-acetoxy-22-hydroxyhopane-23-oic acid), phlebic acid b (22-hydroxyhopane-23-oic acid), zeorin (hopane-6α,22-diol);lias
Peltigera britannica;gyrophoric acid, methyl gyrophorate, phlebic acid a (28-acetoxy-22-hydroxyhopane-23-oic acid), phlebic acid b (22-hydroxyhopane-23-oic acid), tenuiorin, unknown/unidentified (tri-)terpenoid(s), (tri-)terpene(s);lias
Peltigera chionophila;methyl gyrophorate, phlebic acid b (22-hydroxyhopane-23-oic acid), tenuiorin, unknown/unidentified (tri-)terpenoid(s), (tri-)terpene(s), zeorin (hopane-6α,22-diol);lias
Peltigera cichoracea;15α-acetoxyhopane-22-ol (dolichorrhizin), 7β-acetoxyhopane-22-ol (peltidactylin), gyrophoric acid, methyl gyrophorate, tenuiorin, zeorin (hopane-6α,22-diol);lias
Peltigera collina;zeorin;italic
Peltigera collina;7β-acetoxyhopane-22-ol (peltidactylin), hopane-6α,7β,22-triol, methyl gyrophorate, tenuiorin, zeorin (hopane-6α,22-diol);lias
Peltigera didactyla;gyrophoric acid, methyl gyrophorate;lias
Peltigera dolichorhiza;15α-acetoxyhopane-22-ol (dolichorrhizin), 7β-acetoxyhopane-22-ol (peltidactylin), gyrophoric acid, methyl evernate, methyl gyrophorate, methyl lecanorate, methyl orsellinate, tenuiorin, zeorin (hopane-6α,22-diol);lias
Peltigera dolichospora;15α-acetoxyhopane-22-ol (dolichorrhizin), unknown/unidentified (tri-)terpenoid(s), (tri-)terpene(s), zeorin (hopane-6α,22-diol);lias
Peltigera elisabethae;gyrophoric acid;italic
Peltigera elisabethae;gyrophoric acid, hopane-7β,22-diol, methyl gyrophorate, tenuiorin, zeorin (hopane-6α,22-diol);lias
Peltigera extenuata;gyrophoric acid, methyl gyrophorate;lias
Peltigera frippii;methyl gyrophorate, phlebic acid a (28-acetoxy-22-hydroxyhopane-23-oic acid), phlebic acid b (22-hydroxyhopane-23-oic acid), tenuiorin, unknown/unidentified (tri-)terpenoid(s), (tri-)terpene(s), zeorin (hopane-6α,22-diol);lias
Peltigera horizontalis;gyrophoric acid;italic
Peltigera horizontalis;gyrophoric acid, methyl gyrophorate, tenuiorin, unknown/unidentified (tri-)terpenoid(s), (tri-)terpene(s), zeorin (hopane-6α,22-diol);lias
Peltigera hydrothyria;methyl gyrophorate, methyl lecanorate;lias
Peltigera hymenina;gyrophoric acid;italic
Peltigera hymenina;15α-acetoxyhopane-22-ol (dolichorrhizin), 7β-acetoxyhopane-22-ol (peltidactylin), gyrophoric acid, hopane-7β,22-diol, methyl gyrophorate, tenuiorin, zeorin (hopane-6α,22-diol);lias
Peltigera lambinonii;gyrophoric acid, methyl gyrophorate;lias
Peltigera leucophlebia;gyrophoric acid, methyl gyrophorate, tenuiorin, unknown/unidentified (tri-)terpenoid(s), (tri-)terpene(s);lias
Peltigera malacea;gyrophoric acid, zeorin;italic
Peltigera malacea;gyrophoric acid, methyl gyrophorate, tenuiorin, unknown/unidentified (tri-)terpenoid(s), (tri-)terpene(s);lias
Peltigera nana;15α-acetoxyhopane-22-ol (dolichorrhizin), 7β-acetoxyhopane-22-ol (peltidactylin), gyrophoric acid, methyl gyrophorate, tenuiorin, unknown/unidentified (tri-)terpenoid(s), (tri-)terpene(s), zeorin (hopane-6α,22-diol);lias
Peltigera neckeri;gyrophoric acid;italic
Peltigera neckeri;15α-acetoxyhopane-22-ol (dolichorrhizin), gyrophoric acid, methyl gyrophorate, tenuiorin, unknown/unidentified (tri-)terpenoid(s), (tri-)terpene(s), zeorin (hopane-6α,22-diol);lias
Peltigera neopolydactyla;gyrophoric acid, zeorin;italic
Peltigera neopolydactyla;15α-acetoxyhopane-22-ol (dolichorrhizin), 7β-acetoxyhopane-22-ol (peltidactylin), zeorin (hopane-6α,22-diol);lias
Peltigera occidentalis;15α-acetoxyhopane-22-ol (dolichorrhizin), 7β-acetoxyhopane-22-ol (peltidactylin), gyrophoric acid, methyl gyrophorate, tenuiorin, unknown/unidentified (tri-)terpenoid(s), (tri-)terpene(s), zeorin (hopane-6α,22-diol);lias
Peltigera oceanica;15α-acetoxyhopane-22-ol (dolichorrhizin), 7β-acetoxyhopane-22-ol (peltidactylin), unknown/unidentified (tri-)terpenoid(s), (tri-)terpene(s), zeorin (hopane-6α,22-diol);lias
Peltigera pacifica;15α-acetoxyhopane-22-ol (dolichorrhizin), 7β-acetoxyhopane-22-ol (peltidactylin), methyl gyrophorate, tenuiorin, zeorin (hopane-6α,22-diol);lias
Peltigera phyllidiosa;gyrophoric acid, methyl gyrophorate, tenuiorin, unknown/unidentified compound(s);lias
Peltigera polydactylon;gyrophoric acid;italic
Peltigera polydactylon;15α-acetoxyhopane-22-ol (dolichorrhizin), gyrophoric acid, methyl gyrophorate, tenuiorin, zeorin (hopane-6α,22-diol);lias
Peltigera retifoveata;15α-acetoxyhopane-22-ol (dolichorrhizin), gyrophoric acid, methyl gyrophorate, tenuiorin, zeorin (hopane-6α,22-diol);lias
Peltigera scabrosa;gyrophoric acid;italic
Peltigera scabrosa;gyrophoric acid, methyl gyrophorate, tenuiorin, unknown/unidentified (tri-)terpenoid(s), (tri-)terpene(s);lias
Peltigera scabrosella;15α-acetoxyhopane-22-ol (dolichorrhizin), methyl gyrophorate, tenuiorin, unknown/unidentified (tri-)terpenoid(s), (tri-)terpene(s), zeorin (hopane-6α,22-diol);lias
Peltigera sumatrana;15α-acetoxyhopane-22-ol (dolichorrhizin), 7β-acetoxyhopane-22-ol (peltidactylin), methyl gyrophorate, tenuiorin, unknown/unidentified (tri-)terpenoid(s), (tri-)terpene(s), zeorin (hopane-6α,22-diol);lias
Peltigera ulcerata;gyrophoric acid, methyl gyrophorate;lias
Peltigera venosa;gyrophoric acid, methyl gyrophorate, phlebic acid a (28-acetoxy-22-hydroxyhopane-23-oic acid), phlebic acid b (22-hydroxyhopane-23-oic acid), tenuiorin, unknown/unidentified (tri-)terpenoid(s), (tri-)terpene(s);lias
Peltigera weberi;15α-acetoxyhopane-22-ol (dolichorrhizin), methyl gyrophorate, tenuiorin, zeorin (hopane-6α,22-diol);lias
Pertusaria aberrans;2-chloro-6-o-methylnorlichexanthone, constictic acid, stictic acid, thiophaninic acid;lias
Pertusaria aceroae;2,4-dichloro-3-o-methylnorlichexanthone, 2-chloro-6-o-methylnorlichexanthone, thiophaninic acid;lias
Pertusaria albescens;allo-pertusaric acid, dihydropertusaric acid;lias
Pertusaria alboaspera;2,2'-di-o-methylstenosporic acid, constictic acid, lichexanthone, methyl 2,2'-di-o-methylstenosporate, planaic acid, stictic acid;lias
Pertusaria alboaspera;2,2'-di-o-methylstenosporic acid, constictic acid, lichexanthone, stictic acid;lias
Pertusaria albopunctata;constictic acid, cryptostictic acid, hypostictic acid, norstictic acid, stictic acid;lias
Pertusaria alectoronica;4,5-dichlorolichexanthone (coronatone), alectoronic acid;lias
Pertusaria alectoronica;alectoronic acid, methyl pseudoalectoronate, thiophanic acid, β-alectoronic acid;lias
Pertusaria alloluteola;2-chloro-6-o-methylnorlichexanthone, 4-chloro-6-o-methylnorlichexanthone, norstictic acid, thiophanic acid;lias
Pertusaria allomicrostoma;constictic acid, cryptostictic acid, lichexanthone, methyl stictic acid, norstictic acid, peristictic acid, skyrin (rhodophyscin), stictic acid;lias
Pertusaria allosorodes;2-o-methylperlatolic acid, 2-o-methylstenosporic acid, 4,5-dichlorolichexanthone (coronatone), norstictic acid;lias
Pertusaria alpina;4,5-dichlorolichexanthone (coronatone), constictic acid, cryptostictic acid, stictic acid;lias
Pertusaria alterimosa;connorstictic acid, norstictic acid, picrolichenic acid;lias
Pertusaria amara;conprotocetraric acid, picrolichenic acid, protocetraric acid, subpicrolichenic acid;lias
Pertusaria amarescens;menegazziaic acid, norstictic acid, stictic acid, thiophanic acid, unknown/unidentified compound(s), unknown/unidentified xanthone(s);lias
Pertusaria amarkantakana;perlatolic acid, unknown/unidentified compound(s);lias
Pertusaria ambigua;lichesterinic acid;lias
Pertusaria andersonii;atranorin, fumarprotocetraric acid, protocetraric acid;lias
Pertusaria apennina;norstictic acid;italic
Pertusaria aquilonia;2'-o-methylperlatolic acid, 2,4,5-trichlorolichexanthone, 2,4-dichlorolichexanthone, 2,5-dichlorolichexanthone, 2-chlorolichexanthone, 2-o-methylperlatolic acid, planaic acid;lias
Pertusaria asiana;connorstictic acid, norstictic acid;lias
Pertusaria aspergilla;fumarprotocetraric acid, protocetraric acid, succinprotocetraric acid;lias
Pertusaria aspergilla;fumarprotocetraric acid, protocetraric acid, succinprotocetraric acid;lias
Pertusaria atromaculata;2-chlorolichexanthone, constictic acid, lichexanthone, stictic acid;lias
Pertusaria azulensis;2-chloro-6-o-methylnorlichexanthone, 4-chloro-6-o-methylnorlichexanthone, connorstictic acid, norstictic acid, thiophanic acid;lias
Pertusaria bagoensis;2'-o-methylperlatolic acid, 2,4,5-trichlorolichexanthone, 2,4,7-trichloronorlichexanthone, 2,4-dichlorolichexanthone, 2,5-dichlorolichexanthone, 2-chlorolichexanthone, 2-o-methylperlatolic acid, confluentic acid, constictic acid, cryptostictic acid, norstictic acid, peristictic acid, stictic acid;lias
Pertusaria barbatica;3β-hydroxybarbatic acid, 4-o-demethylbarbatic acid, barbatic acid;lias
Pertusaria borealis;fumarprotocetraric acid, protocetraric acid;lias
Pertusaria boweniana;2'-o-methylperlatolic acid, 2'-o-methylstenosporic acid, 2-chlorolichexanthone, 2-o-methyldivaricatic acid;lias
Pertusaria brattiae;connorstictic acid, norstictic acid;lias
Pertusaria bryontha;gyrophoric acid, stictic acid;italic
Pertusaria bryontha;gyrophoric acid, stictic acid, unknown/unidentified xanthone(s);lias
Pertusaria caesioumbrina;4,5-dichlorolichexanthone (coronatone), stictic acid;lias
Pertusaria calderae;2,4-dichloro-3-o-methylnorlichexanthone, 2-chloro-6-o-methylnorlichexanthone, thiophaninic acid;lias
Pertusaria californica;connorstictic acid, norstictic acid;lias
Pertusaria cerebrinula;2'-o-methylperlatolic acid, 2-o-methylperlatolic acid;lias
Pertusaria ceylonica;2,4,5-trichlorolichexanthone, 2,4-dichlorolichexanthone, 2,5-dichlorolichexanthone, 2-chlorolichexanthone, 4,5-dichlorolichexanthone (coronatone), constictic acid, stictic acid;lias
Pertusaria chilense;atranorin, leucotylin, secalonic acid a, unknown/unidentified (tri-)terpenoid(s), (tri-)terpene(s), zeorin (hopane-6α,22-diol);lias
Pertusaria chiodectonoides;stictic acid;italic
Pertusaria chiodectonoides;constictic acid, norstictic acid, stictic acid;lias
Pertusaria cicatricosa;2,4,5-trichlorolichexanthone, 2,4-dichlorolichexanthone, 2,5-dichlorolichexanthone, 2-chlorolichexanthone, constictic acid, stictic acid;lias
Pertusaria clarkeana;hyperpicrolichenic acid, lichexanthone, picrolichenic acid, subpicrolichenic acid, superpicrolichenic acid;lias
Pertusaria clercii;2-o-methylconfluentic acid, lichexanthone, planaic acid, unknown/unidentified compound(s);lias
Pertusaria coccodes;atranorin, connorstictic acid, norstictic acid;lias
Pertusaria colorata;norstictic acid;lias
Pertusaria commutata;atranorin, baeomycesic acid, decarboxyhaemathamnolic acid, haemathamnolic acid, lichesterinic acid, lichexanthone, picrolichenic acid, protolichesterinic acid, thamnolic acid;lias
Pertusaria complanata;2'-o-methylperlatolic acid, 2,4,5-trichlorolichexanthone, 2,4-dichlorolichexanthone, 2,5-dichlorolichexanthone, 2-chlorolichexanthone, 2-o-methylperlatolic acid, 4,5-dichlorolichexanthone (coronatone);lias
Pertusaria confluentica;2'-o-methylmicrophyllinic acid, confluentic acid, lichexanthone, unknown/unidentified compound(s);lias
Pertusaria coniophorella;perlatolic acid, stenosporic acid, superlatolic acid;lias
Pertusaria consanguinea;2-o-methylperlatolic acid, lichexanthone;lias
Pertusaria consocians;4,5-dichlorolichexanthone (coronatone), constictic acid, stictic acid;lias
Pertusaria constricta;stictic acid;lias
Pertusaria corallina;thamnolic acid;lias
Pertusaria coronata;atranorin;italic
Pertusaria coronata;atranorin, constictic acid, coronaton, cryptostictic acid, hypostictic acid, norstictic acid, stictic acid;lias
Pertusaria dactylina;fumarprotocetraric acid, protocetraric acid;lias
Pertusaria dehiscens;constictic acid, cryptostictic acid, lichexanthone, menegazziaic acid, stictic acid;lias
Pertusaria dehiscens;constictic acid, lichexanthone, sekikaic acid;lias
Pertusaria delicatula;2-chlorolichexanthone, constictic acid;lias
Pertusaria dennistonensis;constictic acid, menegazziaic acid, peristictic acid, stictic acid;lias
Pertusaria depressa;2-chlorolichexanthone, 2-o-methylhyperlatolic acid, 2-o-methylperlatolic acid, 2-o-methylsuperlatolic acid, lichexanthone, methyl planaiate, perlatolic acid, stenosporic acid;lias
Pertusaria digrediens;protocetraric acid;italic
Pertusaria diluta;unknown/unidentified compound(s);lias
Pertusaria dissita;2-chloro-6-o-methylnorlichexanthone, 4-chloro-6-o-methylnorlichexanthone, constictic acid, cryptostictic acid, hypoconstictic acid, hypostictic acid, lichexanthone, menegazziaic acid, stictic acid, thiophaninic acid;lias
Pertusaria doradorensis;2-o-methylperlatolic acid, 4,7-dichloronorlichexanthone, planaic acid;lias
Pertusaria elliptica;2'-o-methylperlatolic acid, 2,4,5-trichlorolichexanthone, 2,5-dichlorolichexanthone, 2-chlorolichexanthone, 2-o-methylperlatolic acid, 4,5-dichlorolichexanthone (coronatone), menegazziaic acid, stictic acid;lias
Pertusaria elliptica;2'-o-methylperlatolic acid, 2,4,5-trichlorolichexanthone, 2,5-dichlorolichexanthone, 2-chlorolichexanthone, 2-o-methylperlatolic acid, 4,5-dichlorolichexanthone (coronatone), menegazziaic acid, stictic acid;lias
Pertusaria endoxantha;norstictic acid;lias
Pertusaria epacrospora;constictic acid, hypostictic acid, stictic acid, thiophaninic acid;lias
Pertusaria epitheciifera;thamnolic acid;lias
Pertusaria errinundrensis;protocetraric acid;lias
Pertusaria erubescens;connorstictic acid, norstictic acid;lias
Pertusaria erythrella;connorstictic acid, lichexanthone, norstictic acid;lias
Pertusaria ewersii;2'-o-methylmicrophyllinic acid, 2,4,5-trichlorolichexanthone, 2,5-dichlorolichexanthone, 2-chlorolichexanthone, confluentic acid, constictic acid, microphyllinic acid, stictic acid;lias
Pertusaria excludens;lichexanthone, norstictic acid;lias
Pertusaria ferax;2,4,5-trichlorolichexanthone, 2,4-dichlorolichexanthone, 2,5-dichlorolichexanthone, 2-chlorolichexanthone;lias
Pertusaria flavicans;thiophaninic acid;italic
Pertusaria flavicans;atranorin, constictic acid, cryptostictic acid, hypostictic acid, menegazziaic acid, norstictic acid, stictic acid, thiophaninic acid, unknown/unidentified xanthone(s);lias
Pertusaria flavicunda;2-chloro-6-o-methylnorlichexanthone, 4-chloro-6-o-methylnorlichexanthone, constictic acid, stictic acid;lias
Pertusaria flavida;2'-o-methylhyperlatolic acid, confluentic acid, cryptostictic acid, menegazziaic acid, norstictic acid, stictic acid, thiophaninic acid;lias
Pertusaria flavodigitata;atranorin, constictic acid, cryptostictic acid, graciliformin, lichexanthone, peristictic acid, stictic acid;lias
Pertusaria flavoisidiata;2-chloro-6-o-methylnorlichexanthone, 4-chloro-6-o-methylnorlichexanthone, constictic acid, cryptostictic acid, menegazziaic acid, stictic acid, thiophaninic acid;lias
Pertusaria flavopunctata;3-o-methylthiophanic acid, 4,5-dichlorolichexanthone (coronatone), arthothelin, thuringione;lias
Pertusaria flotoviana;16β-acetoxyhopane-6α,22-diol, atranorin, galbinic acid, salazinic acid, secalonic acid c, secalonic acid r, secalonic acid w, ursolic acid, zeorin (hopane-6α,22-diol);lias
Pertusaria follmanniana;2'-o-methylisohyperlatolic acid, 2'-o-methylsuperlatolic acid, 2-chlorolichexanthone, 2-o-methylhyperlatolic acid, 2-o-methylperlatolic acid, constictic acid, stictic acid;lias
Pertusaria fosseyae;constictic acid, lichexanthone, norlichexanthone, stictic acid;lias
Pertusaria gallica;constictic acid, gyrophoric acid, norstictic acid, stictic acid, thiophanic acid;lias
Pertusaria geminipara;alectorialic acid, barbatolic acid, unknown/unidentified xanthone(s);lias
Pertusaria georgeana;2-o-methylperlatolic acid, 4,5-dichlorolichexanthone (coronatone);lias
Pertusaria georgeana;2,4-di-o-methylolivetoric acid, 2-o-methylperlatolic acid, 4,5-dichlorolichexanthone (coronatone);lias
Pertusaria georgeana;2-o-methylperlatolic acid, 2-o-methylstenosporic acid, 4,5-dichlorolichexanthone (coronatone);lias
Pertusaria georgeana;2,5-dichlorolichexanthone, 2-o-methylconfluentic acid, planaic acid;lias
Pertusaria georgeana;4,5-dichlorolichexanthone (coronatone), planaic acid;lias
Pertusaria glauca;4,5-dichlorolichexanthone (coronatone), stictic acid;lias
Pertusaria glaucomela;gyrophoric acid, lecanoric acid;lias
Pertusaria glomelliferica;2-chloro-6-o-methylnorlichexanthone, 4-chloro-6-o-methylnorlichexanthone, 4-o-demethylglomelliferic acid, glomellic acid, glomelliferic acid, thiophanic acid;lias
Pertusaria glomerata;norstictic acid;italic
Pertusaria glomerata;norstictic acid, stictic acid;lias
Pertusaria gundermanica;2,4,5-trichlorolichexanthone, 2,5-dichlorolichexanthone, 2-chlorolichexanthone, 2-o-methylperlatolic acid, constictic acid, stictic acid;lias
Pertusaria gymnospora;protocetraric acid, unknown/unidentified fatty acid(s);lias
Pertusaria hadrocarpa;connorstictic acid, constictic acid, lichexanthone, menegazziaic acid, stictic acid;lias
Pertusaria hartmannii;connorstictic acid, lichexanthone, norstictic acid, perlatolic acid, stenosporic acid;lias
Pertusaria hemisphaerica;lecanoric acid;lias
Pertusaria hermaka;2'-o-methylperlatolic acid, 2-o-methylperlatolic acid, 4,5-dichlorolichexanthone (coronatone), constictic acid, stictic acid;lias
Pertusaria heterochroa;constictic acid, cryptostictic acid, hypoconstictic acid, hypostictic acid, menegazziaic acid, norstictic acid, stictic acid, thiophaninic acid;lias
Pertusaria himalayensis;norstictic acid;lias
Pertusaria huanicola;protocetraric acid, unknown/unidentified xanthone(s);lias
Pertusaria humilis;4,5-dichlorolichexanthone (coronatone);lias
Pertusaria huneckiana;2,4-dichlorolichexanthone, 2-chloro-6-o-methylnorlichexanthone, 4-chloro-6-o-methylnorlichexanthone, connorstictic acid, cryptostictic acid, menegazziaic acid, norstictic acid, thiophaninic acid;lias
Pertusaria hymenea;thiophaninic acid;italic
Pertusaria hymenea;2'-o-methylperlatolic acid, gyrophoric acid, lecanoric acid, orsellinic acid, thiophaninic acid;lias
Pertusaria hypochrysea;4,5-dichlorolichexanthone (coronatone), stictic acid;lias
Pertusaria hypoxantha;2-chloro-6-o-methylnorlichexanthone, constictic acid, lichexanthone, stictic acid, thiophaninic acid;lias
Pertusaria idukkiensis;unknown/unidentified compound(s);lias
Pertusaria indica;atranorin, perlatolic acid;lias
Pertusaria injuneana;2-chloro-6-o-methylnorlichexanthone, perlatolic acid, thiophaninic acid;lias
Pertusaria irregularis;2,4,5-trichlorolichexanthone, 4,5-dichlorolichexanthone (coronatone);lias
Pertusaria isidioides;unknown/unidentified fatty acid(s);lias
Pertusaria isidiosa;2'-o-methylperlatolic acid, constictic acid, lichexanthone, stictic acid;lias
Pertusaria islandica;2'-o-methylmicrophyllinic acid, 2'-o-methylperlatolic acid, confluentic acid;lias
Pertusaria khuntanensis;2'-o-methylanziaic acid, 4,5-dichlorolichexanthone (coronatone), 4-o-demethylplanaic acid;lias
Pertusaria kinigiensis;haemathamnolic acid;lias
Pertusaria knightiana;4,5-dichlorolichexanthone (coronatone), connorstictic acid, norstictic acid;lias
Pertusaria krogiae;allo-protolichesterinic acid, atranorin, lichesterinic acid;lias
Pertusaria labunensis;16β-acetoxyhopane-6α,22-diol, 6α,16β-diacetoxyhopane-22-ol, 6α-acetoxyhopane-16β,22-diol, atranorin, leucotylin, secalonic acid a, zeorin (hopane-6α,22-diol);lias
Pertusaria lacerans;lichexanthone, picrolichenic acid, subpicrolichenic acid;lias
Pertusaria lacericans;protocetraric acid;lias
Pertusaria lactescens;norstictic acid;italic
Pertusaria lactescens;norstictic acid;lias
Pertusaria lambinonii;2'-o-methylperlatolic acid, lichexanthone, planaic acid, protocetraric acid;lias
Pertusaria lavata;2'-o-methylperlatolic acid, 4,5-dichlorolichexanthone (coronatone), confluentic acid;lias
Pertusaria lecanina;2-chloro-6-o-methylnorlichexanthone, 4-chloro-6-o-methylnorlichexanthone, connorstictic acid, gyrophoric acid, norstictic acid, thiophaninic acid;lias
Pertusaria leiocarpella;4,5-dichlorolichexanthone (coronatone), constictic acid, stictic acid;lias
Pertusaria leioplaca;2,5-dichlorolichexanthone, 4,5-dichlorolichexanthone (coronatone), constictic acid, coronaton, norstictic acid, stictic acid;lias
Pertusaria leioplacella;2-chloro-6-o-methylnorlichexanthone, 4-chloronorlichexanthone, constictic acid, hypoconstictic acid, hypostictic acid, stictic acid, thiophaninic acid;lias
Pertusaria leucophaea;4,5-dichlorolichexanthone (coronatone);lias
Pertusaria leucoplaca;2-o-methyldivaricatic acid, 2-o-methylperlatolic acid, 2-o-methylstenosporic acid;lias
Pertusaria leucosora;protocetraric acid;lias
Pertusaria leucostigma;2-o-methylperlatolic acid, lichexanthone;lias
Pertusaria leucostomoides;4,5-dichlorolichexanthone (coronatone), constictic acid, stictic acid;lias
Pertusaria leucothelia;2'-o-methylperlatolic acid, 2-o-methylperlatolic acid, 4,5-dichlorolichexanthone (coronatone), planaic acid;lias
Pertusaria limbata;2-chlorolichexanthone, constictic acid, stictic acid;lias
Pertusaria lophocarpa;2'-o-methylperlatolic acid, 2-o-methylperlatolic acid, 4,5-dichlorolichexanthone (coronatone), confluentic acid;lias
Pertusaria macloviana;protocetraric acid;lias
Pertusaria macra;constictic acid, stictic acid;lias
Pertusaria malmei;2-o-methylperlatolic acid, 4,5-dichlorolichexanthone (coronatone), 4-chlorolichexanthone;lias
Pertusaria malvinae;2'-o-methylmicrophyllinic acid, 2'-o-methylperlatolic acid, confluentic acid;lias
Pertusaria marcellii;4,5-dichlorolichexanthone (coronatone), constictic acid, stictic acid;lias
Pertusaria mariae;2-o-methylperlatolic acid, lichexanthone, planaic acid;lias
Pertusaria maritima;2-chloro-6-o-methylnorlichexanthone, 4-chloro-6-o-methylnorlichexanthone, constictic acid, norlichexanthone, stictic acid, thiophaninic acid;lias
Pertusaria mattogrossensis;2-o-methylperlatolic acid;lias
Pertusaria mccroryae;5-o-methylhiascic acid, gyrophoric acid, lecanoric acid, stictic acid;lias
Pertusaria meeana;2-o-methylhyperlatolic acid, 2-o-methylisohyperlatolic acid, 2-o-methylperlatolic acid, 4,5-dichlorolichexanthone (coronatone);lias
Pertusaria melanochlora;picrolichenic acid, protocetraric acid;lias
Pertusaria melanospora;4,5-dichloronorlichexanthone, 6-o-methylarthothelin, arthothelin, norstictic acid, unknown/unidentified compound(s);lias
Pertusaria melanospora;2,4-dichloronorlichexanthone, 2,5-dichloronorlichexanthone, 4,5-dichloronorlichexanthone, arthothelin, atranorin, thiophanic acid;lias
Pertusaria melanostoma;4,5-dichlorolichexanthone (coronatone), 4-chlorolichexanthone, constictic acid, cryptostictic acid, peristictic acid, stictic acid;lias
Pertusaria mesotropa;2'-o-methylisohyperlatolic acid, 2'-o-methylperlatolic acid, 2'-o-methylsuperlatolic acid, 4,5-dichlorolichexanthone (coronatone);lias
Pertusaria microstoma;2'-o-methylperlatolic acid, 4,5-dichlorolichexanthone (coronatone), constictic acid, planaic acid, stictic acid;lias
Pertusaria minispora;2,5-dichlorolichexanthone, perlatolic acid;lias
Pertusaria miscella;lichexanthone, thamnolic acid;lias
Pertusaria modesta;2-chlorolichexanthone, 2-o-methylhyperlatolic acid, 2-o-methylperlatolic acid, 2-o-methylsuperlatolic acid, lichexanthone, perlatolic acid, stenosporic acid;lias
Pertusaria monogona;norstictic acid, salazinic acid, unknown/unidentified fatty acid(s), unknown/unidentified xanthone(s);lias
Pertusaria montpittensis;4,5-dichlorolichexanthone (coronatone), constictic acid, cryptostictic acid, menegazziaic acid, skyrin (rhodophyscin), stictic acid;lias
Pertusaria moreliensis;decarboxythamnolic acid, haemathamnolic acid, hypothamnolic acid, lichexanthone, thamnolic acid;lias
Pertusaria multipuncta;physodalic acid, protocetraric acid;lias
Pertusaria muricata;constictic acid, cryptostictic acid, stictic acid;lias
Pertusaria neolecanina;connorstictic acid, norstictic acid, thiophaninic acid;lias
Pertusaria neotriconica;neotricone, norperistictic acid, norstictic acid, protocetraric acid, salazinic acid;lias
Pertusaria nerrigensis;baeomycesic acid, barbatic acid, squamatic acid;lias
Pertusaria nigrescens;constictic acid, stictic acid, unknown/unidentified compound(s);lias
Pertusaria norstictica;connorstictic acid, norstictic acid;lias
Pertusaria novae-hollandiae;4,5-dichlorolichexanthone (coronatone), miriquidic acid;lias
Pertusaria novae-zelandiae;conhypothamnolic acid, hypothamnolic acid;lias
Pertusaria oblongata;2,5-dichlorolichexanthone, 2,7-dichlorolichexanthone, 4,5-dichloronorlichexanthone, 6-o-methylarthothelin, arthothelin;lias
Pertusaria occidentalis;2,4-dichloronorlichexanthone, 2,5-dichloronorlichexanthone, 4,5-dichloronorlichexanthone, arthothelin;lias
Pertusaria oculae-ranae;unknown/unidentified compound(s);lias
Pertusaria oculata;fumarprotocetraric acid, protocetraric acid;italic
Pertusaria oculata;fumarprotocetraric acid, gyrophoric acid, protocetraric acid;lias
Pertusaria ophthalmiza;unknown/unidentified fatty acid(s);lias
Pertusaria orarensis;2-chlorolichexanthone, divaricatic acid, methyl 2,2'-di-o-methyldivaricate, methyl-2-o-methyldivaricate, stenosporic acid;lias
Pertusaria pachythallina;hypothamnolic acid, protocetraric acid;lias
Pertusaria pallida;2'-o-methylperlatolic acid, 2-chlorolichexanthone, 2-o-methylperlatolic acid, constictic acid, cryptostictic acid, planaic acid, stictic acid;lias
Pertusaria panyrga;unknown/unidentified fatty acid(s);lias
Pertusaria papillulata;4,5-dichloronorlichexanthone, 6-o-methylarthothelin, arthothelin;lias
Pertusaria paradoxica;4-o-methylisocryptochlorophaeic acid, constictic acid, stictic acid, thiophaninic acid;lias
Pertusaria paradoxica;4-o-methylisocryptochlorophaeic acid, constictic acid, stictic acid, thiophaninic acid;lias
Pertusaria paragibberosa;2'-o-methylperlatolic acid, 4,5-dichlorolichexanthone (coronatone);lias
Pertusaria paramerae;4-o-dimethylplanaic acid, atranorin, planaic acid;italic
Pertusaria paramerae;planaic acid, thiophaninic acid;lias
Pertusaria parapycnothelia;2'-o-methylperlatolic acid;lias
Pertusaria parotica;salazinic acid;italic
Pertusaria patellifera;atranorin, megapicrolichenic acid, picrolichenic acid, subpicrolichenic acid, superpicrolichenic acid;lias
Pertusaria perrimosa;atranorin, connorstictic acid, methyl pseudonorstictate, norstictic acid, salazinic acid, stictic acid;lias
Pertusaria pertractata;2'-o-methylperlatolic acid, 2-o-methylperlatolic acid, 4,5-dichlorolichexanthone (coronatone);lias
Pertusaria pertusa;constictic acid, coronaton, cryptostictic acid, hypoconstictic acid, hypostictic acid, norstictic acid, stictic acid;lias
Pertusaria pertusella;2,4,5-trichlorolichexanthone, 2,4-dichlorolichexanthone, 2,5-dichlorolichexanthone, constictic acid, stictic acid;lias
Pertusaria pertusella;2,4,5-trichlorolichexanthone, 2,4-dichlorolichexanthone, 2,5-dichlorolichexanthone, 2-chlorolichexanthone, stictic acid;lias
Pertusaria petrophyes;2-chloro-6-o-methylnorlichexanthone, 2-o-methyldivaricatic acid, 2-o-methylperlatolic acid, 4-chloro-6-o-methylnorlichexanthone, lichexanthone, perlatolic acid, thiophaninic acid;lias
Pertusaria phlyctaenula;lichexanthone, norstictic acid, stictic acid;lias
Pertusaria phukaensis;atranorin;lias
Pertusaria phusoidaoensis;2'-o-methylanziaic acid, 4,5-dichlorolichexanthone (coronatone), anziaic acid;lias
Pertusaria pilosula;2'-o-methylperlatolic acid, 4,5-dichlorolichexanthone (coronatone), constictic acid, stictic acid;lias
Pertusaria planaica;4,5-dichlorolichexanthone (coronatone), planaic acid;lias
Pertusaria platystoma;4,5-dichloronorlichexanthone;lias
Pertusaria plombii;thiophaninic acid;italic
Pertusaria porinella;constictic acid, cryptostictic acid, lichexanthone, stictic acid;lias
Pertusaria praetermissa;2'-o-methylstenosporic acid, 4,5-dichlorolichexanthone (coronatone);lias
Pertusaria pruinosa;o-methylperlatolic acid;italic
Pertusaria pseudococcodes;4,5-dichlorolichexanthone (coronatone), constictic acid, stictic acid;lias
Pertusaria pseudocorallina;norstictic acid;italic
Pertusaria pseudocorallina;connorstictic acid, norstictic acid, subnorstictic acid;lias
Pertusaria pseudodactylina;consalazinic acid, salazinic acid;lias
Pertusaria pseudoparotica;atranorin, protocetraric acid;italic
Pertusaria pseudoparotica;atranorin, gyrophoric acid, protocetraric acid, unknown/unidentified compound(s);lias
Pertusaria pseudothwaitesii;4,5-dichlorolichexanthone (coronatone), atranorin, divaricatic acid;lias
Pertusaria psoromica;conpsoromic acid, psoromic acid;lias
Pertusaria puffina;2,4,5-trichlorolichexanthone, 2,4-dichlorolichexanthone, 2,5-dichlorolichexanthone, 2-chlorolichexanthone, constictic acid, stictic acid;lias
Pertusaria pupillaris;fumarprotocetraric acid, protocetraric acid;italic
Pertusaria pupillaris;fumarprotocetraric acid, gyrophoric acid, protocetraric acid;lias
Pertusaria pustulata;2-chloro-6-o-methylnorlichexanthone, 4-chloro-6-o-methylnorlichexanthone, constictic acid, cryptostictic acid, hypoconstictic acid, hypostictic acid, menegazziaic acid, norstictic acid, stictic acid, thiophaninic acid;lias
Pertusaria pycnothelia;2'-o-methylperlatolic acid, 4,5-dichlorolichexanthone (coronatone);lias
Pertusaria queenslandica;2'-o-methylperlatolic acid, 4,5-dichlorolichexanthone (coronatone), constictic acid, stictic acid;lias
Pertusaria remota;2-chloro-6-o-methylnorlichexanthone, constictic acid, hypostictic acid, stictic acid, thiophaninic acid;lias
Pertusaria rigida;4,5-dichloro-3-o-methylnorlichexanthone, 4,5-dichloro-6-o-methylnorlichexanthone, 4,5-dichlorolichexanthone (coronatone), atranorin;lias
Pertusaria rimosa;unknown/unidentified compound(s);lias
Pertusaria roseola;connorstictic acid, norstictic acid;lias
Pertusaria rubefacta;2-chloro-6-o-methylnorlichexanthone, 4-chloro-6-o-methylnorlichexanthone, connorstictic acid, gyrophoric acid, norstictic acid, thiophaninic acid;lias
Pertusaria rudecta;4,5-dichlorolichexanthone (coronatone), norstictic acid;lias
Pertusaria rupicola;atranorin;italic
Pertusaria salacinifera;salazinic acid;lias
Pertusaria salax;norstictic acid, unknown/unidentified xanthone(s);lias
Pertusaria salebrosa;2'-o-methylisohyperlatolic acid, 2'-o-methylperlatolic acid, 2'-o-methylsuperlatolic acid, 2-o-methylperlatolic acid, atranorin;lias
Pertusaria saltuensis;4,5,7-trichloro-6-o-methylnorlichexanthone, 4,5,7-trichloronorlichexanthone (asemone), 4,5-dichloronorlichexanthone, arthothelin, thiophanic acid;lias
Pertusaria saxatilis;2'-o-methylperlatolic acid, 2'-o-methylstenosporic acid, 2-chlorolichexanthone;lias
Pertusaria saximontana;confluentic acid, planaic acid;italic
Pertusaria saximontana;2-o-methylconfluentic acid, di-o-methylolivetoride, planaic acid, unknown/unidentified compound(s);lias
Pertusaria scaberula;lichexanthone, norstictic acid, thamnolic acid;lias
Pertusaria servitiana;norstictic acid;italic
Pertusaria sommerfeltii;4,5-dichloronorlichexanthone, constictic acid, stictic acid;lias
Pertusaria sordida;atranorin, fumarprotocetraric acid;lias
Pertusaria spegazzinii;2'-o-methylperlatolic acid;lias
Pertusaria splendens;atranorin, constictic acid, stictic acid, unknown/unidentified compound(s);lias
Pertusaria stellata;confumarprotocetraric acid, fumarprotocetraric acid, protocetraric acid, virensic acid;lias
Pertusaria subambigens;fumarprotocetraric acid, protocetraric acid, succinprotocetraric acid, unknown/unidentified compound(s);lias
Pertusaria subarida;2'-o-methylperlatolic acid, 2,4,5-trichlorolichexanthone, 2-o-methylperlatolic acid, 4,5-dichloro-6-o-methylnorlichexanthone, 4,5-dichlorolichexanthone (coronatone), 4-chlorolichexanthone, planaic acid;lias
Pertusaria subcerussata;lichexanthone;lias
Pertusaria subdactylina;hypothamnolic acid;lias
Pertusaria subductans;atranorin, galbinic acid, leucotylic acid, norstictic acid, salazinic acid, secalonic acid w, zeorin (hopane-6α,22-diol);lias
Pertusaria subisidiosa;2,4,5-trichlorolichexanthone, 2,4-dichlorolichexanthone, 2,5-dichlorolichexanthone, 2-chlorolichexanthone, constictic acid, cryptostictic acid, menegazziaic acid, stictic acid;lias
Pertusaria sublacerans;connorstictic acid, norstictic acid;lias
Pertusaria submalvinae;2'-o-methylperlatolic acid, 2'-o-methylstenosporic acid, confluentic acid, norstictic acid, stictic acid;lias
Pertusaria subocculta;fumarprotocetraric acid, gyrophoric acid, lecanoric acid, protocetraric acid;lias
Pertusaria subplanaica;2'-o-methylperlatolic acid, 2'-o-methylstenosporic acid, 2,2'-di-o-methyldivaricatic acid, 2,2'-di-o-methylstenosporic acid, 4,5-dichlorolichexanthone (coronatone), methyl 2,2'-di-o-methylstenosporate, planaic acid;lias
Pertusaria subradians;2-o-methylperlatolic acid, 4,5-dichlorolichexanthone (coronatone), constictic acid, cryptostictic acid, stictic acid;lias
Pertusaria subventosa;lichexanthone, norstictic acid, picrolichenic acid, thamnolic acid;lias
Pertusaria subventosa;lichexanthone, norstictic acid, picrolichenic acid;lias
Pertusaria subventosa;hypothamnolic acid, lichexanthone, picrolichenic acid;lias
Pertusaria sydneyensis;constictic acid, divaricatic acid, stictic acid;lias
Pertusaria tejocotensis;2'-o-methylmicrophyllinic acid, confluentic acid, hyperconfluentic acid, planaic acid, thiophaninic acid;lias
Pertusaria tetrathalamia;4,5-dichlorolichexanthone (coronatone), constictic acid, cryptostictic acid, menegazziaic acid, norstictic acid, stictic acid;lias
Pertusaria texana;2-chloro-6-o-methylnorlichexanthone, 4-chloro-6-o-methylnorlichexanthone, constictic acid, stictic acid, thiophaninic acid;lias
Pertusaria thamnolica;thamnolic acid;lias
Pertusaria thiophaninica;2-chloro-6-o-methylnorlichexanthone, 4-chloro-6-o-methylnorlichexanthone, thiophaninic acid;lias
Pertusaria thiospoda;2-chloro-6-o-methylnorlichexanthone, constictic acid, stictic acid, thiophaninic acid;lias
Pertusaria thula;4,5,7-trichloronorlichexanthone (asemone), 6-o-methylasemone, arthothelin, thiophanic acid;lias
Pertusaria thwaitesii;lichexanthone, protocetraric acid, virensic acid;lias
Pertusaria tjaetabensis;2,4,5-trichlorolichexanthone, 2,4-dichlorolichexanthone, 2,5-dichlorolichexanthone, 2-o-methylhyperlatolic acid, 2-o-methylperlatolic acid, constictic acid, cryptostictic acid, methyl planaiate, peristictic acid, planaic acid, stictic acid;lias
Pertusaria torquatella;2-chlorolichexanthone, stictic acid;lias
Pertusaria trachyspora;2'-o-methylperlatolic acid, 4,5-dichlorolichexanthone (coronatone);lias
Pertusaria trachythallina;thamnolic acid;lias
Pertusaria trevethensis;4,5-dichlorolichexanthone (coronatone), constictic acid, stictic acid;lias
Pertusaria trichosa;thamnolic acid;lias
Pertusaria trimera;2,2'-di-o-methylstenosporic acid, 2-chloro-6-o-methylnorlichexanthone, 2-o-methylperlatolic acid, confluentic acid, connorstictic acid, norstictic acid, thiophaninic acid;lias
Pertusaria tropica;1'-methyl hypothamnolate, decarboxythamnolic acid, hypothamnolic acid, isonephrosterinic acid, lichesterinic acid, lichexanthone, nephrosterinic acid, protolichesterinic acid;lias
Pertusaria truncata;hyperpicrolichenic acid, isohyperpicrolichenic acid, picrolichenic acid, superpicrolichenic acid;lias
Pertusaria umbricola;conprotocetraric acid, protocetraric acid, virensic acid;lias
Pertusaria undulata;4,5-dichlorolichexanthone (coronatone), connorstictic acid, norstictic acid;lias
Pertusaria valliculata;lichexanthone;lias
Pertusaria variabilis;lichexanthone, psoromic acid;lias
Pertusaria velata;gyrophoric acid, lecanoric acid, lichexanthone, orsellinic acid;lias
Pertusaria verruculifera;2'-o-methylperlatolic acid, 2'-o-methylstenosporic acid, 2,2'-di-o-methylstenosporic acid, constictic acid, cryptostictic acid, lichexanthone, menegazziaic acid, stictic acid;lias
Pertusaria vulpina;4,5-dichlorolichexanthone (coronatone), constictic acid, stictic acid;lias
Pertusaria waghornei;norstictic acid;lias
Pertusaria wallamanensis;norstictic acid, protocetraric acid, salazinic acid;lias
Pertusaria werneriana;o-methylperlatolic acid;italic
Pertusaria wirthii;barbatic acid;lias
Pertusaria wulfenioides;2-chloro-6-o-methylnorlichexanthone, 4-chloro-6-o-methylnorlichexanthone, connorstictic acid, norstictic acid, thiophaninic acid;lias
Pertusaria wulingensis;psoromic acid;lias
Pertusaria xanthodactylina;2-chloro-6-o-methylnorlichexanthone, constictic acid, lichexanthone, stictic acid, thiophaninic acid;lias
Pertusaria xanthodes;2-chloro-6-o-methylnorlichexanthone, 4-chloro-6-o-methylnorlichexanthone, constictic acid, stictic acid, thiophaninic acid;lias
Pertusaria xanthonaria;2,4,5-trichlorolichexanthone, 2,4-dichlorolichexanthone, 2,5-dichlorolichexanthone, 2-chlorolichexanthone, 4,5-dichlorolichexanthone (coronatone);lias
Pertusaria xanthoplaca;lichexanthone, stictic acid, thiophaninic acid;lias
Pertusaria xanthosorediata;constictic acid, stictic acid, thiophaninic acid;lias
Pertusaria xenismota;2-o-methylperlatolic acid, 4,5-dichlorolichexanthone (coronatone), planaic acid;lias
Pertusaria xylophyes;2-chloro-6-o-methylnorlichexanthone, 2-o-methylperlatolic acid, lichexanthone, thiophaninic acid;lias
Phaeographina echinocarpica;4-o-methylechinocarpic acid, conechinocarpic acid, echinocarpic acid;lias
Phaeographina elixii;atranorin, hirtifructic acid, β-orsellinic acid;lias
Phaeographina pseudomontagnei;atranorin, eumitrin g, eumitrin r, galbinic acid, salazinic acid, secalonic acid a, secalonic acid c, zeorin (hopane-6α,22-diol);lias
Phaeographina tridacna;atranorin, galbinic acid, leucotylic acid, norstictic acid, salazinic acid, secalonic acid w, zeorin (hopane-6α,22-diol);lias
Phaeographis amazonica;connorstictic acid, norstictic acid;lias
Phaeographis atromaculata;connorstictic acid, norstictic acid;lias
Phaeographis australiensis;connorstictic acid, norstictic acid;lias
Phaeographis brasiliensis;connorstictic acid, norstictic acid;lias
Phaeographis caesiodisca;unknown/unidentified fatty acid(s);lias
Phaeographis colligata;connorstictic acid, norstictic acid;lias
Phaeographis delicatula;constictic acid, stictic acid;lias
Phaeographis dendritica;connorstictic acid, norstictic acid;lias
Phaeographis dendroides;hypostictic acid, stictic acid;lias
Phaeographis eludens;unknown/unidentified compound(s);lias
Phaeographis epruinosa;constictic acid, cryptostictic acid, menegazziaic acid, stictic acid;lias
Phaeographis flavescens;stictic acid;lias
Phaeographis fusca;connorstictic acid, norstictic acid;lias
Phaeographis girringunensis;peristictic acid, stictic acid;lias
Phaeographis haematites;isohypocrelline;lias
Phaeographis inconspicua;norstictic acid;lias
Phaeographis intricans;connorstictic acid, norstictic acid;lias
Phaeographis kalbii;connorstictic acid, norstictic acid;lias
Phaeographis kinabalensis;norstictic acid;lias
Phaeographis lecanographa;virensic acid;lias
Phaeographis leiogrammodes;connorstictic acid, norstictic acid;lias
Phaeographis leprieurii;isohypocrelline;lias
Phaeographis nardiensis;norstictic acid;lias
Phaeographis necopinata;conhypoprotocetraric acid, constictic acid, cryptostictic acid, hypoconstictic acid, hyposalazinic acid, hypostictic acid;lias
Phaeographis neotriconica;neotricone;lias
Phaeographis nornotatica;4-o-demethylnotatic acid, hypoprotocetraric acid;lias
Phaeographis overeemii;16β-acetoxyhopane-6α,22-diol, 6α,16β-diacetoxyhopane-22-ol, 6α-acetoxyhopane-16β,22-diol, atranorin, leucotylin, secalonic acid a, xantholepinone a, xantholepinone d, zeorin (hopane-6α,22-diol);lias
Phaeographis quadrifera;connorstictic acid, norstictic acid;lias
Phaeographis smithii;norstictic acid;lias
Phaeographis subtigrina;norstictic acid;lias
Phaeographis tristis;16β-acetoxyhopane-6α,22-diol, 6α-acetoxyhopane-16β,22-diol, atranorin, chloroatranorin, leucotylin, secalonic acid a, secalonic acid c, xantholepinone a, zeorin (hopane-6α,22-diol);lias
Phaeographis wilsonii;stictic acid;lias
Phaeophyscia decolor;zeorin;italic
Phaeophyscia decolor;zeorin (hopane-6α,22-diol);lias
Phaeophyscia endococcina;skyrin, zeorin;italic
Phaeophyscia endococcina;skyrin (rhodophyscin), zeorin (hopane-6α,22-diol);lias
Phaeophyscia endococcinodes;skyrin (rhodophyscin), zeorin (hopane-6α,22-diol);lias
Phaeophyscia endophoenicea;skyrin;italic
Phaeophyscia endophoenicea;skyrin (rhodophyscin);lias
Phaeophyscia erythrocardia;skyrin (rhodophyscin), zeorin (hopane-6α,22-diol);lias
Phaeophyscia fumosa;skyrin (rhodophyscin);lias
Phaeophyscia hirsuta;zeorin (hopane-6α,22-diol);lias
Phaeophyscia laciniata;skyrin (rhodophyscin), unknown/unidentified fatty acid(s);lias
Phaeophyscia orbicularis;skyrin;italic
Phaeophyscia orbicularis;skyrin (rhodophyscin);lias
Phaeophyscia pusilloides;unknown/unidentified anthraquinone(s);lias
Phaeophyscia rubropulchra;skyrin;italic
Phaeophyscia rubropulchra;skyrin (rhodophyscin), unknown/unidentified fatty acid(s);lias
Phaeophyscia stiriaca;skyrin;italic
Phaeorrhiza nimbosa;variolaric acid, zeorin;italic
Phaeorrhiza nimbosa;unknown/unidentified (tri-)terpenoid(s), (tri-)terpene(s), variolaric acid;lias
Phlyctis agelaea;norstictic acid;italic
Phlyctis agelaea;norstictic acid;lias
Phlyctis argena;norstictic acid;italic
Phlyctis argena;norstictic acid;lias
Phlyctis chilensis;norstictic acid;lias
Phlyctis communis;norstictic acid, salazinic acid;lias
Phlyctis karnatakana;norstictic acid;lias
Phlyctis monosperma;psoromic acid;lias
Phlyctis psoromica;psoromic acid;lias
Phlyctis subagelaea;fumarprotocetraric acid;lias
Phlyctis subargena;norstictic acid;lias
Phoebus hydrophobius;unknown/unidentified pigment(s);lias
Phyllopsora africana;argopsin, chlorophyllopsorin;lias
Phyllopsora albicans;argopsin, norargopsin, pannarin;lias
Phyllopsora atrocarpa;fumarprotocetraric acid, unknown/unidentified compound(s);lias
Phyllopsora bibula;unknown/unidentified fatty acid(s);lias
Phyllopsora buettneri;argopsin, dechloropannarin, norargopsin, pannarin, phyllopsorin, vicanicin, zeorin (hopane-6α,22-diol);lias
Phyllopsora catervisorediata;atranorin;lias
Phyllopsora chlorophaea;atranorin;lias
Phyllopsora chodatinica;2,5,7-trichloro-3-o-methylnorlichexanthone, 3-o-methylthiophanic acid, 5,7-dichloro-3-o-methylnorlichexanthone, argopsin, chodatin, demethylchodatin, di-o-methylthiophanic acid, isoarthothelin, zeorin (hopane-6α,22-diol);lias
Phyllopsora cinchonarum;atranorin, fumarprotocetraric acid, furfuraceic acid, lobaric acid, norlobaric acid, secalonic acid a, unknown/unidentified pigment(s);lias
Phyllopsora conwayensis;3-chlorodivaricatic acid, 3-chloroperlatolic acid, 3-chlorostenosporic acid, perlatolic acid;lias
Phyllopsora corallina;atranorin;lias
Phyllopsora cuyabensis;atranorin;lias
Phyllopsora furfuracea;furfuraceic acid;lias
Phyllopsora glaucella;norvicanicin, vicanicin;lias
Phyllopsora glaucescens;unknown/unidentified compound(s);lias
Phyllopsora himalayensis;atranorin;lias
Phyllopsora homosekikaica;homosekikaic acid, hyperhomosekikaic acid;lias
Phyllopsora isidiotyla;atranorin, zeorin (hopane-6α,22-diol);lias
Phyllopsora kiiensis;furfuraceic acid;lias
Phyllopsora labriformis;unknown/unidentified compound(s);lias
Phyllopsora leucophyllina;homosekikaic acid, sekikaic acid;lias
Phyllopsora lividocarpa;2'-o-methylhyperlatolic acid, 2'-o-methylperlatolic acid, 2'-o-methylsuperlatolic acid, confluentic acid, unknown/unidentified compound(s), unknown/unidentified fatty acid(s);lias
Phyllopsora methoxymicareica;hydroxymicareic acid, methoxymicareic acid;lias
Phyllopsora nemoralis;argopsin, atranorin;lias
Phyllopsora neofoliata;furfuraceic acid, physodic acid;lias
Phyllopsora nigrocincta;fumarprotocetraric acid, unknown/unidentified pigment(s);lias
Phyllopsora ochroxantha;argopsin, chlorophyllopsorin, methyl 2,7-dichloropsoromate, pannarin, phyllopsorin;lias
Phyllopsora parvifoliella;atranorin, parvifoliellin;lias
Phyllopsora rappiana;atranorin, parvifoliellin;lias
Phyllopsora rosei;argopsin;italic
Phyllopsora rosei;argopsin;lias
Phyllopsora santensis;argopsin, atranorin, norargopsin;lias
Phyllopsora swinscowii;methyl 2,7-dichloronorpsoromate, methyl 2,7-dichloropsoromate;lias
Physcia adscendens;atranorin;italic
Physcia adscendens;atranorin;lias
Physcia aipolia;atranorin, zeorin;italic
Physcia aipolia;atranorin, unknown/unidentified (tri-)terpenoid(s), (tri-)terpene(s), zeorin (hopane-6α,22-diol);lias
Physcia aipolioides;atranorin, zeorin;italic
Physcia alba;atranorin, leucotylin, unknown/unidentified (tri-)terpenoid(s), (tri-)terpene(s), zeorin (hopane-6α,22-diol);lias
Physcia albata;atranorin, unknown/unidentified compound(s), zeorin (hopane-6α,22-diol);lias
Physcia albinea;atranorin;italic
Physcia albinea;atranorin;lias
Physcia albo-plumbea;atranorin, unknown/unidentified compound(s), zeorin (hopane-6α,22-diol);lias
Physcia atrostriata;16β-acetoxy-6α,22-dihydroxyhopane-25-oic acid, 6α-acetoxy-16β,22-dihydroxyhopane-25-oic acid, 6α-acetoxy-22-hydroxyhopane-25-oic acid (aipolic acid), 6α-acetoxyhopane-16β,22-diol, atranorin, leucotylin, zeorin (hopane-6α,22-diol);lias
Physcia austrocaesia;16β-acetoxyhopane-6α,22-diol, 6α,22-dihydroxyhopane-25-oic acid, 6α-acetoxy-16β,22-dihydroxyhopane-25-oic acid, 6α-acetoxy-22-hydroxyhopane-25-oic acid (aipolic acid), 6α-acetoxyhopane-16β,22-diol, atranorin, leucotylin, zeorin (hopane-6α,22-diol);lias
Physcia austrostellaris;20α-acetoxyhopane-6α,22-diol (20α-acetoxyzeorin), 6α-acetoxyhopane-20α,22-triol, atranorin, hopane-6α,20α,22-triol, zeorin (hopane-6α,22-diol);lias
Physcia biziana;atranorin;italic
Physcia biziana;atranorin;italic
Physcia biziana;atranorin;lias
Physcia caesia;atranorin;italic
Physcia caesia;atranorin, skyrin, zeorin;italic
Physcia caesia;atranorin, unknown/unidentified (tri-)terpenoid(s), (tri-)terpene(s), zeorin (hopane-6α,22-diol);lias
Physcia caesiopsis;20α-acetoxyhopane-6α,22-diol (20α-acetoxyzeorin), 6α-acetoxyhopane-20a,22-diol, atranorin, hopane-6α,20α,22-triol, zeorin (hopane-6α,22-diol);lias
Physcia cinerea;atranorin, unknown/unidentified (tri-)terpenoid(s), (tri-)terpene(s), zeorin (hopane-6α,22-diol);lias
Physcia clementei;atranorin;italic
Physcia clementei;15α-acetoxyhopane-22-ol (dolichorrhizin), atranorin, hopane-15α,22-diol, leucotylin;lias
Physcia convexa;atranorin, unknown/unidentified (tri-)terpenoid(s), (tri-)terpene(s), zeorin (hopane-6α,22-diol);lias
Physcia convexella;atranorin, zeorin (hopane-6α,22-diol);lias
Physcia crispa;atranorin;lias
Physcia dactylifera;16β-acetoxy-6α,22-dihydroxyhopane-25-oic acid, 16β-acetoxyhopane-6α,22-diol, 6α,16β-diacetoxyhopane-22-ol, 6α-acetoxy-16β,22-dihydroxyhopane-25-oic acid, 6α-acetoxyhopane-16β,22-diol, atranorin, leucotylin, zeorin (hopane-6α,22-diol);lias
Physcia decorticata;16β-acetoxy-6α,22-dihydroxyhopane-25-oic acid, 6α-acetoxy-16β,22-dihydroxyhopane-25-oic acid, 6α-acetoxy-22-hydroxyhopane-25-oic acid (aipolic acid), 6α-acetoxyhopane-16β,22-diol, 6α-acetoxyhopane-22-ol, atranorin, leucotylin, zeorin (hopane-6α,22-diol);lias
Physcia dilatata;atranorin, unknown/unidentified compound(s), zeorin (hopane-6α,22-diol);lias
Physcia dimidiata;atranorin;italic
Physcia dimidiata;atranorin;lias
Physcia dubia;atranorin;italic
Physcia dubia;atranorin;lias
Physcia duplicorticata;atranorin;lias
Physcia erumpens;atranorin;italic
Physcia erumpens;6α,16β-diacetoxyhopane-22-ol, 6α-acetoxy-16β,22-dihydroxyhopane-25-oic acid, 6α-acetoxyhopane-16β,22-diol, atranorin, leucotylin, unknown/unidentified (tri-)terpenoid(s), (tri-)terpene(s), zeorin (hopane-6α,22-diol);lias
Physcia halei;atranorin;lias
Physcia integrata;16β-acetoxyhopane-6α,22-diol, 6α-acetoxyhopane-16β,22-diol, atranorin, leucotylin, zeorin (hopane-6α,22-diol);lias
Physcia jackii;16β-acetoxyhopane-6α,22-diol, 6α,16β-diacetoxyhopane-22-ol, 6α-acetoxy-16β,22-dihydroxyhopane-25-oic acid, 6α-acetoxyhopane-16β,22-diol, atranorin, leucotylin, zeorin (hopane-6α,22-diol);lias
Physcia kantvilasii;6α-acetoxy-16β,22-dihydroxyhopane-25-oic acid, 6α-acetoxyhopane-16β,22-diol, atranorin, leucotylin, zeorin (hopane-6α,22-diol);lias
Physcia krogiae;16β-acetoxy-6α,22-dihydroxyhopane-25-oic acid, 6α-acetoxy-16β,22-dihydroxyhopane-25-oic acid, 6α-acetoxy-22-hydroxyhopane-25-oic acid (aipolic acid), 6α-acetoxyhopane-16β,22-diol, atranorin, leucotylin, zeorin (hopane-6α,22-diol);lias
Physcia leptalea;atranorin;italic
Physcia littoralis;16β-acetoxyhopane-6α,22-diol, 6α,16β-diacetoxyhopane-22-ol, 6α-acetoxyhopane-16β,22-diol, atranorin, leucotylin, zeorin (hopane-6α,22-diol);lias
Physcia magnussonii;atranorin, zeorin;italic
Physcia magnussonii;atranorin;lias
Physcia mediterranea;atranorin;italic
Physcia millegrana;atranorin;lias
Physcia nashii;atranorin, unknown/unidentified (tri-)terpenoid(s), (tri-)terpene(s);lias
Physcia neglecta;atranorin;lias
Physcia neogaea;atranorin, unknown/unidentified (tri-)terpenoid(s), (tri-)terpene(s);lias
Physcia neonubila;16β-acetoxy-6α,22-dihydroxyhopane-25-oic acid, 6α,22-dihydroxyhopane-25-oic acid, 6α-acetoxy-16β,22-dihydroxyhopane-25-oic acid, 6α-acetoxy-22-hydroxyhopane-25-oic acid (aipolic acid), 6α-acetoxyhopane-16β,22-diol, atranorin, leucotylin, zeorin (hopane-6α,22-diol);lias
Physcia nubila;16β-acetoxyhopane-6α,22-diol, 6α-acetoxyhopane-16β,22-diol, atranorin, leucotylin, zeorin (hopane-6α,22-diol);lias
Physcia phaea;atranorin, zeorin;italic
Physcia phaea;atranorin, unknown/unidentified (tri-)terpenoid(s), (tri-)terpene(s), zeorin (hopane-6α,22-diol);lias
Physcia phaeocarpa;16β-acetoxy-6α,22-dihydroxyhopane-25-oic acid, 6α-acetoxy-16β,22-dihydroxyhopane-25-oic acid, 6α-acetoxy-22-hydroxyhopane-25-oic acid (aipolic acid), 6α-acetoxyhopane-16β,22-diol, 6α-acetoxyhopane-22-ol, atranorin, leucotylin, zeorin (hopane-6α,22-diol);lias
Physcia poncinsii;16β-acetoxy-6α,22-dihydroxyhopane-25-oic acid, 6α-acetoxy-16β,22-dihydroxyhopane-25-oic acid, 6α-acetoxy-22-hydroxyhopane-25-oic acid (aipolic acid), 6α-acetoxyhopane-16β,22-diol, atranorin, leucotylin, zeorin (hopane-6α,22-diol);lias
Physcia pseudospeciosa;atranorin, zeorin (hopane-6α,22-diol);lias
Physcia pumilior;atranorin, unknown/unidentified (tri-)terpenoid(s), (tri-)terpene(s), zeorin (hopane-6α,22-diol);lias
Physcia rolandii;6α,22-dihydroxyhopane-25-oic acid, 6α-acetoxy-16β,22-dihydroxyhopane-25-oic acid, 6α-acetoxy-22-hydroxyhopane-25-oic acid (aipolic acid), 6α-acetoxyhopane-16β,22-diol, atranorin, leucotylin, zeorin (hopane-6α,22-diol);lias
Physcia rolfii;16β-acetoxy-6α,22-dihydroxyhopane-25-oic acid, 6α-acetoxy-16β,22-dihydroxyhopane-25-oic acid, 6α-acetoxyhopane-16β,22-diol, atranorin, leucotylin, zeorin (hopane-6α,22-diol);lias
Physcia semipinnata;atranorin;lias
Physcia sinuosa;atranorin, unknown/unidentified (tri-)terpenoid(s), (tri-)terpene(s), zeorin (hopane-6α,22-diol);lias
Physcia solistella;atranorin;lias
Physcia sorediosa;6α-acetoxy-16β,22-dihydroxyhopane-25-oic acid, 6α-acetoxyhopane-16β,22-diol, atranorin, leucotylin, zeorin (hopane-6α,22-diol);lias
Physcia stellaris;atranorin;italic
Physcia stellaris;atranorin;lias
Physcia subalbinea;atranorin;italic
Physcia tenella;atranorin;italic
Physcia tenella;atranorin;lias
Physcia tenellula;atranorin;lias
Physcia tretiachii;atranorin, unknown/unidentified (tri-)terpenoid(s), (tri-)terpene(s);lias
Physcia tribacia;atranorin;italic
Physcia tribacia;atranorin;lias
Physcia tribacioides;atranorin;italic
Physcia tribacioides;6α,16β,22-trihydroxyhopane-25-oic acid, 6α-acetoxy-16β,22-dihydroxyhopane-25-oic acid, 6α-acetoxyhopane-16β,22-diol, atranorin, leucotylin, zeorin (hopane-6α,22-diol);lias
Physcia tropica;16β-acetoxyhopane-6α,22-diol, 6α-acetoxy-16β,22-dihydroxyhopane-25-oic acid, 6α-acetoxy-22-hydroxyhopane-25-oic acid (aipolic acid), 6α-acetoxyhopane-16β,22-diol, atranorin, zeorin (hopane-6α,22-diol);lias
Physcia undulata;16β-acetoxyhopane-6α,22-diol, 6α-acetoxyhopane-16β,22-diol, atranorin, leucotylin, zeorin (hopane-6α,22-diol);lias
Physcia verdonii;16β-acetoxyhopane-6α,22-diol, 6α,16β-diacetoxyhopane-22-ol, 6α,22-dihydroxyhopane-25-oic acid, 6α-acetoxyhopane-16β,22-diol, atranorin, leucotylin, zeorin (hopane-6α,22-diol);lias
Physcia verrucosa;16β-acetoxyhopane-6α,22-diol, 6α-acetoxyhopane-16β,22-diol, atranorin, leucotylin, zeorin (hopane-6α,22-diol);lias
Physcia villosula;atranorin;lias
Physcia vitii;atranorin;italic
Physcia vitii;atranorin;lias
Physcidia australasica;alectorialic acid, divaricatic acid, nordivaricatic acid;lias
Physconia detersa;variolaric acid;lias
Physconia enteroxantha;secalonic acid a;lias
Physconia fallax;secalonic acid a;lias
Physconia grisea;scabrosin 4-acetate-4'-butanoate (4-acetate-4'-butyrate), scabrosin 4-acetate-4'-hexanoate;lias
Physconia grumosa;unknown/unidentified (tri-)terpenoid(s), (tri-)terpene(s), variolaric acid;lias
Physconia isidiomuscigena;secalonic acid a, variolaric acid;lias
Physconia kurokawae;gyrophoric acid;lias
Physconia leucoleiptes;secalonic acid a;lias
Physconia muscigena;secalonic acid a, variolaric acid;lias
Physconia thomsonii;unknown/unidentified (tri-)terpenoid(s), (tri-)terpene(s);lias
Piccolia conspersa;unknown/unidentified anthraquinone(s);lias
Piccolia ochrophora;unknown/unidentified anthraquinone(s);lias
Pilophorus acicularis;atranorin, chloroatranorin, zeorin (hopane-6α,22-diol);lias
Pilophorus cereolus;atranorin, isousnic acid, zeorin;italic
Pilophorus cereolus;atranorin, zeorin (hopane-6α,22-diol);lias
Pilophorus clavatus;atranorin, isousnic acid, unknown/unidentified compound(s), zeorin (hopane-6α,22-diol);lias
Pilophorus curtulus;atranorin, isousnic acid, unknown/unidentified compound(s), zeorin (hopane-6α,22-diol);lias
Pilophorus dovrensis;isousnic acid;lias
Pilophorus fruticosus;atranorin, zeorin (hopane-6α,22-diol);lias
Pilophorus nigricaulis;atranorin, stictic acid;lias
Pilophorus strumaticus;atranorin;lias
Pilophorus yunnanensis;atranorin, zeorin (hopane-6α,22-diol);lias
Placolecania candicans;pannarin, zeorin;italic
Placolecania cesatii;pannarin, zeorin;italic
Placolecania olivacea;pannarin, zeorin;italic
Placolecania olivacea;pannarin, zeorin;italic
Placolecis opaca;fragilin;italic
Placomaronea candelarioides;pulvinic acid derivatives;lias
Placomaronea fuegiana;pulvinic acid derivatives;lias
Placomaronea kaernefeltii;pulvinic acid derivatives;lias
Placomaronea lambii;pulvinic acid derivatives;lias
Placomaronea mendozae;pulvinic acid derivatives;lias
Placomaronea minima;pulvinic acid derivatives;lias
Placopsis albida;atranorin, gyrophoric acid, lecanoric acid;lias
Placopsis antarctica;gyrophoric acid, lecanoric acid;lias
Placopsis aspicilioides;gyrophoric acid, lecanoric acid, methyl lecanorate;lias
Placopsis bicolor;gyrophoric acid, lecanoric acid;lias
Placopsis centrifuga;gyrophoric acid, lecanoric acid, methyl lecanorate;lias
Placopsis elixii;lecanoric acid;lias
Placopsis fusciduloides;2'-o-methylhiascic acid, 5-o-methylhiascic acid, connorstictic acid, cryptostictic acid, gyrophoric acid, hiascic acid, lecanoric acid, stictic acid;lias
Placopsis gelida;gyrophoric acid;italic
Placopsis gelida;gyrophoric acid, lecanoric acid;lias
Placopsis hertelii;5-methoxylecanoric acid, 5-o-methylhiascic acid, gyrophoric acid, lecanoric acid;lias
Placopsis imshaugii;atranorin, gyrophoric acid, lecanoric acid;lias
Placopsis lambii;5-o-methylhiascic acid, gyrophoric acid, hiascic acid;lias
Placopsis macrospora;gyrophoric acid, stictic acid;lias
Placopsis murrayi;5-o-methylhiascic acid, gyrophoric acid, lecanoric acid, unknown/unidentified anthraquinone(s);lias
Placopsis polycarpa;gyrophoric acid;lias
Placopsis pruinosa;gyrophoric acid, lecanoric acid, unknown/unidentified compound(s);lias
Placopsis venosa;gyrophoric acid, norstictic acid, protocetraric acid, salazinic acid;lias
Placynthiella dasaea;gyrophoric acid, lecanoric acid;italic
Placynthiella hyporhoda;unknown/unidentified compound(s);lias
Placynthiella icmalea;gyrophoric acid;italic
Placynthiella icmalea;5-o-methylhiascic acid, gyrophoric acid, lecanoric acid;lias
Placynthiella knudsenii;unknown/unidentified compound(s);lias
Platismatia erosa;atranorin, caperatic acid, unknown/unidentified pigment(s);lias
Platismatia formosana;atranorin, caperatic acid, unknown/unidentified pigment(s);lias
Platismatia glauca;atranorin, chloroatranorin;italic
Platismatia glauca;atranorin, caperatic acid, pseudoplacodiolic acid;lias
Platismatia herrei;atranorin, caperatic acid, chloroatranorin;lias
Platismatia interrupta;atranorin, caperatic acid, unknown/unidentified pigment(s);lias
Platismatia lacunosa;atranorin, caperatic acid, chloroatranorin, fumarprotocetraric acid;lias
Platismatia norvegica;atranorin, caperatic acid, chloroatranorin;lias
Platismatia regenerans;atranorin, caperatic acid;lias
Platismatia stenophylla;atranorin, caperatic acid, chloroatranorin;lias
Platismatia tuckermanii;atranorin, caperatic acid;lias
Platismatia wheeleri;atranorin, caperatic acid;lias
Platygramme discurrens;constictic acid, stictic acid;lias
Platygramme norstictica;connorstictic acid, norstictic acid;lias
Platythecium acutisporum;testacein;lias
Platythecium allosporellum;testacein;lias
Platythecium colliculosum;protocetraric acid, salazinic acid;lias
Platythecium dimorphodes;connorstictic acid, norstictic acid;lias
Platythecium inspersum;testacein;lias
Platythecium pertenellum;protocetraric acid;lias
Platythecium sphaerosporellum;testacein;lias
Pleopsidium chlorophanum;rhizocarpic acid;italic
Pleopsidium chlorophanum;acaranoic acid, acarenoic acid, rhizocarpic acid;lias
Pleopsidium flavum;rhizocarpic acid;italic
Pleopsidium flavum;acaranoic acid, acarenoic acid, rhizocarpic acid;lias
Pleurosticta acetabulum;connorstictic acid, norstictic acid;lias
Pleurosticta koflerae;atranorin;italic
Pleurosticta koflerae;norstictic acid, salazinic acid;lias
Polycauliona candelaria;emodin, fallacinal, parietin, teloschistin;italic
Polycauliona phlogina;emodin, fallacinal, parietin, teloschistin;italic
Polycauliona polycarpa;emodin, fallacinal, parietin, teloschistin;italic
Polycauliona ucrainica;emodin, fallacinal, parietin, teloschistin;italic
Polymeridium flavothecium;unknown/unidentified pigment(s);lias
Polyozosia albescens;pannarin;italic
Polyozosia dispersa;pannarin;italic
Polyozosia fugiens;pannarin;italic
Polyozosia oyensis;gyrophoric acid;italic
Polyozosia prominens;pannarin;italic
Polyozosia torrida;pannarin;italic
Polysporina lapponica;gyrophoric acid;lias
Porpidia albocaerulescens;stictic acid cryptostictic acid;italic
Porpidia albocaerulescens;cryptostictic acid, stictic acid;lias
Porpidia cinereoatra;0-methylmicrophyllinic acid, confluentic acid, o-methylperlatolic acid;italic
Porpidia cinereoatra;2'-o-methylmicrophyllinic acid, 2'-o-methylperlatolic acid, confluentic acid;lias
Porpidia contraponenda;2'-o-methylmicrophyllinic acid, methyl 2'-o-methylmicrophyllinate;lias
Porpidia crustulata;stictic acid;italic
Porpidia crustulata;constictic acid, cryptostictic acid, norstictic acid, stictic acid;lias
Porpidia flavicunda;2'-o-methylmicrophyllinic acid, 2'-o-methylperlatolic acid, confluentic acid;lias
Porpidia flavocaerulescens;2'-o-methylmicrophyllinic acid, 2'-o-methylperlatolic acid, confluentic acid, cryptostictic acid, norstictic acid, stictic acid;lias
Porpidia flavocruenta;unknown/unidentified pigment(s);lias
Porpidia glaucophaea;2'-o-methylsuperphyllinic acid, confluentic acid, methyl 2'-o-methylmicrophyllinate;lias
Porpidia macrocarpa;stictic acid;italic
Porpidia macrocarpa;cryptostictic acid, stictic acid;lias
Porpidia macrocarpa;unknown/unidentified pigment(s);lias
Porpidia melinodes;2'-o-methylhyperlatolic acid, confluentic acid, norstictic acid, stictic acid;lias
Porpidia musiva;confluentic acid;lias
Porpidia nadvornikiana;stictic acid;italic
Porpidia nadvornikiana;stictic acid;lias
Porpidia nigrocruenta;stictic acid;italic
Porpidia ochrolemma;stictic acid;italic
Porpidia ochrolemma;stictic acid;lias
Porpidia pachythallina;confluentic acid;lias
Porpidia platycarpoides;connorstictic acid, norstictic acid, stictic acid, unknown/unidentified compound(s);lias
Porpidia rugosa;o-methylsuperphyllinic acid;italic
Porpidia soredizodes;stictic acid;italic
Porpidia soredizodes;cryptostictic acid, stictic acid, unknown/unidentified fatty acid(s);lias
Porpidia speirea;confluentic acid;italic
Porpidia speirea;confluentic acid;italic
Porpidia speirea;2'-o-methylmicrophyllinic acid, 2'-o-methylperlatolic acid, confluentic acid;lias
Porpidia superba;stictic acid;lias
Porpidia superba;stictic acid;lias
Porpidia tuberculosa;confluentic acid;italic
Porpidia tuberculosa;2'-o-methylmicrophyllinic acid, 2'-o-methylperlatolic acid, confluentic acid, norstictic acid, stictic acid;lias
Porpidia zeoroides;stictic acid;lias
Protoblastenia aurata;parietin;italic
Protoblastenia aurata;unknown/unidentified anthraquinone(s);lias
Protoblastenia calva;parietin;italic
Protoblastenia calva;unknown/unidentified anthraquinone(s);lias
Protoblastenia calvella;parietin;italic
Protoblastenia calvella;unknown/unidentified anthraquinone(s);lias
Protoblastenia cyclospora;parietin;italic
Protoblastenia cyclospora;unknown/unidentified anthraquinone(s);lias
Protoblastenia incrustans;parietin;italic
Protoblastenia incrustans;parietin;italic
Protoblastenia incrustans;unknown/unidentified anthraquinone(s);lias
Protoblastenia laeta;parietin;italic
Protoblastenia laeta;unknown/unidentified anthraquinone(s);lias
Protoblastenia lilacina;unknown/unidentified anthraquinone(s);lias
Protoblastenia rupestris;parietin;italic
Protoblastenia rupestris;unknown/unidentified anthraquinone(s);lias
Protoblastenia siebenhaariana;parietin;italic
Protoblastenia siebenhaariana;parietin;italic
Protoblastenia siebenhaariana;parietin;italic
Protoblastenia siebenhaariana;unknown/unidentified anthraquinone(s);lias
Protoblastenia szaferi;unknown/unidentified anthraquinone(s);lias
Protoblastenia terricola;parietin;italic
Protoblastenia terricola;unknown/unidentified anthraquinone(s);lias
Protocandelariella blastidiata;calycin, pulvinic acid;italic
Protocandelariella subdeflexa;calycin, pulvic acid;italic
Protomicarea alpestris;pannarin;italic
Protomicarea limosa;pannarin;italic
Protoparmelia atriseda;norstictic acid, psoromic acid, rangiformic acid;lias
Protoparmelia badia;lobaric acid, zeorin;italic
Protoparmelia badia;lobaric acid, unknown/unidentified compound(s);lias
Protoparmelia capitata;alectoronic acid, α-collatolic acid;lias
Protoparmelia corallifera;alectoronic acid, α-collatolic acid;lias
Protoparmelia cupreobadia;norstictic acid, rangiformic acid;lias
Protoparmelia hypotremella;lobaric acid;italic
Protoparmelia hypotremella;lobaric acid, unknown/unidentified compound(s);lias
Protoparmelia isidiata;alectoronic acid, dehydroalectoronic acid, β-alectoronic acid;lias
Protoparmelia memnonia;lobaric acid;italic
Protoparmelia montagnei;gyrophoric acid, lecanoric acid;italic
Protoparmelia montagnei;gyrophoric acid, lobaric acid, unknown/unidentified compound(s), unknown/unidentified fatty acid(s);lias
Protoparmelia nephaea;stictic acid;lias
Protoparmelia oleagina;lobaric acid;lias
Protoparmelia orientalis;alectoronic acid, α-collatolic acid;lias
Protoparmelia phaeonesos;norstictic acid;italic
Protoparmelia phaeonesos;norstictic acid;lias
Protoparmelia picea;lobaric acid;lias
Protoparmelia pulchra;alectoronic acid, dehydroalectoronic acid, β-alectoronic acid;lias
Protoparmelia rogersii;alectoronic acid, dehydroalectoronic acid, β-alectoronic acid;lias
Protoparmelia ryaniana;lobaric acid, norlobaric acid, oxolobaric acid, unknown/unidentified compound(s);lias
Protoparmeliopsis achariana;usnic;italic
Protoparmeliopsis admontensis;usnic;italic
Protoparmeliopsis bolcana;usnic, zeorin;italic
Protoparmeliopsis garovaglii;usnic;italic
Protoparmeliopsis graeca;usnic;italic
Protoparmeliopsis laatokkensis;usnic, usnic acid, zeorin;italic
Protoparmeliopsis macrocyclos;usnic, zeorin;italic
Protoparmeliopsis muralis;usnic, zeorin;italic
Protoparmeliopsis muralis;usnic, zeorin;italic
Protoparmeliopsis muralis;usnic, zeorin;italic
Protoparmeliopsis muralis;usnic;italic
Protoparmeliopsis peltata;pannarin, usnic, zeorin;italic
Protoparmeliopsis vaenskaei;usnic, zeorin;italic
Protoparmeliopsis versicolor;usnic, zeorin;italic
Psathyrophlyctis serpentaria;unknown/unidentified compound(s);lias
Pseudevernia consocians;atranorin, chloroatranorin, lecanoric acid;lias
Pseudevernia furfuracea;atranorin, chloroatranorin;italic
Pseudevernia furfuracea;atranorin, chloroatranorin;italic
Pseudevernia furfuracea;atranorin, olivetoric acid, physodic acid;lias
Pseudevernia intensa;atranorin, chloroatranorin, lecanoric acid;lias
Pseudocyphellaria anomala;constictic acid, stictic acid, unknown/unidentified (tri-)terpenoid(s), (tri-)terpene(s);lias
Pseudocyphellaria anthraspis;gyrophoric acid, methyl gyrophorate, stictic acid;lias
Pseudocyphellaria ardesiaca;2α,3β-diacetoxystictane-22-ol, 2α-acetoxystictane-3β,22α-diol, 3β-acetoxystictane-2α,22-diol, calycin, pulvinic acid, pulvinic dilactone, stictane-2α,3β,22α-triol, stictane-3β,22α-diol;lias
Pseudocyphellaria argyracea;7β-acetoxyhopanane-22-ol, gyrophoric acid, hopane-15α,22-diol, hopane-7β,22-diol, methyl gyrophorate;lias
Pseudocyphellaria aurata;atranorin, salazinic acid;lias
Pseudocyphellaria bartlettii;constictic acid, cryptostictic acid, hopane-6α,7β,22-triol, methyl gyrophorate, norstictic acid, stictic acid;lias
Pseudocyphellaria beccarii;7β-acetoxyhopanane-22-ol, gyrophoric acid, hopane-15α,22-diol, hopane-7β,22-diol, methyl gyrophorate, tenuiorin;lias
Pseudocyphellaria billardierei;"2""-o-methyltenuiorin, 2',2''-di-o-methyltenuiorin, 9α-acetylconstictic acid, constictic acid, cryptostictic acid, gyrophoric acid, methyl evernate, methyl gyrophorate, methyl lecanorate, norstictic acid, stictic acid, tenuiorin, zeorin (hopane-6α,22-diol)";lias
Pseudocyphellaria brattii;7β-acetoxyhopanane-22-ol, hopane-15α,22-diol, hopane-7β,22-diol;lias
Pseudocyphellaria colensoi;22α-hydroxystictane-3-one, 2α,3β,22α-triacetoxystictane, 2α,3β-diacetoxystictane-22-ol, 2β-acetoxystictane-3β,22α-diol, 3β-acetoxystictane-2α,22-diol, calycin, polyporic acid, pulvinic acid, pulvinic dilactone, stictane-2α,3β,22α-triol, stictane-3β,22α-diol;lias
Pseudocyphellaria compar;calycin, pulvinic acid, pulvinic dilactone, unknown/unidentified (tri-)terpenoid(s), (tri-)terpene(s);lias
Pseudocyphellaria coronata;22α-hydroxystictane-3-one, 2α,3β,22α-triacetoxystictane, 2α,3β-diacetoxystictane-22-ol, 2α-acetoxystictane-3β,22-diol, 3β-acetoxystictane-2α,22-diol, calycin, coronatoquinone, polyporic acid, pulvinic acid, pulvinic dilactone, stictane-2α,3β,22α-triol, stictane-3β,22α-diol;lias
Pseudocyphellaria crocata;6α-acetoxyhopane-7β,22-diol, 7β-acetoxyhopanane-22-ol, 7β-acetoxyhopane-6α,22-diol, calycin, consalazinic acid, constictic acid, cryptostictic acid, divaricatic acid, gyrophoric acid, hopane-6α,7β,22-triol, hopane-7β,22-diol, methyl gyrophorate, norstictic acid, physciosporin, pulvinic acid, pulvinic dilactone, salazinic acid, stictic acid, tenuiorin;lias
Pseudocyphellaria crocatoides;6α-acetoxyhopane-7β,22-diol, 7β-acetoxyhopane-6α,22-diol, constictic acid, cryptostictic acid, gyrophoric acid, hopane-6α,16β,22-triol, hopane-7β,22-diol, methyl gyrophorate, physciosporin, pulvinic acid, pulvinic dilactone, stictic acid, tenuiorin;lias
Pseudocyphellaria desfontainii;7β-acetoxyhopane-22-ol (peltidactylin), calycin, constictic acid, cryptostictic acid, gyrophoric acid, hopane-6α,7β,22-triol, methyl gyrophorate, norstictic acid, pulvinic acid, pulvinic dilactone, stictic acid, tenuiorin;lias
Pseudocyphellaria dissimilis;7β-acetoxyhopanane-22-ol, 7β-acetoxyhopane-22-ol (peltidactylin), gyrophoric acid, hopane-15α,22-diol, methyl gyrophorate;lias
Pseudocyphellaria dozyana;constictic acid, cryptostictic acid, hopane-6α,7β,22-triol, methyl gyrophorate, stictic acid, tenuiorin;lias
Pseudocyphellaria dubia;calycin, pulvinic acid, pulvinic dilactone;lias
Pseudocyphellaria endochrysea;2β-acetoxystictane-3β,22α-diol, calycin, pseudocyphellarin a (3-hydroxy-4-methoxycarbonyl-2,5,6-trimethylphenyl 3-formyl-2,4-dihydroxy-5,6-dimethylbenzoate), pseudocyphellarin b (3-hydroxy-4-methoxycarbonyl-2,5,6-trimethylphenyl 2,4-dihydroxy-3-hydroxymethyl-5,6-dimethylbenzoate), pulvinic acid, pulvinic dilactone, stictane-2α,3β,22α-triol, unknown/unidentified (tri-)terpenoid(s), (tri-)terpene(s), unknown/unidentified compound(s);lias
Pseudocyphellaria faveolata;constictic acid, cryptostictic acid, hopane-6α,7β,22-triol, methyl virensate, norstictic acid, physciosporin, stictic acid;lias
Pseudocyphellaria gilva;calycin, constictic acid, cryptostictic acid, hopane-6α,16β,22-triol, methyl gyrophorate, norstictic acid, pulvinic acid, pulvinic dilactone, stictic acid, tenuiorin;lias
Pseudocyphellaria glabra;7β-acetoxyhopanane-22-ol, 9α-acetoxyconstictic acid, constictic acid, cryptostictic acid, hopane-15β,22-diol, hopane-7β,22-diol, methyl stictic acid, norstictic acid, stictic acid, usnic acid;lias
Pseudocyphellaria glaucescens;"2""-o-methyltenuiorin, 2',2''-di-o-methyltenuiorin, 2'-o-methyltenuiorin, 6α-acetoxyhopane-7β,22-diol, 7β-acetoxyhopane-22-ol (peltidactylin), 7β-acetoxyhopane-6α,22-diol, 9α-acetoxyconstictic acid, calycin, constictic acid, evernic acid, gyrophoric acid, hopane-6α,16β,22-triol, methyl evernate, methyl gyrophorate, methyl lecanorate, methyl ovoate, norstictic acid, pulvinamide, pulvinic acid, pulvinic dilactone, stictic acid, tenuiorin";lias
Pseudocyphellaria granulata;6α-acetoxyhopane-7β,22-diol, 7β-acetoxyhopane-22-ol (peltidactylin), 7β-acetoxyhopane-6α,22-diol, constictic acid, cryptostictic acid, hopane-15α,22-diol, hopane-6α,7β,22-triol, hopane-7β,22-diol, methyl virensate, norstictic acid, physciosporin, stictic acid;lias
Pseudocyphellaria guillemini;calycin, pulvinic acid, pulvinic dilactone;lias
Pseudocyphellaria haywardiorum;7β-acetoxyhopanane-22-ol, hopane-15β,22-diol, hopane-7β,22-diol;lias
Pseudocyphellaria hirsuta;calycin, pulvinic acid, pulvinic dilactone;lias
Pseudocyphellaria insculpta;7β-acetoxyhopane-22-ol (peltidactylin), gyrophoric acid, hopane-15α,22-diol, hopane-7β,22-diol, methyl gyrophorate;lias
Pseudocyphellaria intricata;7β-acetoxyhopane-22-ol (peltidactylin), hopane-15α,22-diol, methyl gyrophorate, tenuiorin, unknown/unidentified (tri-)terpenoid(s), (tri-)terpene(s);lias
Pseudocyphellaria jamesii;2'-o-methylisopseudocyphellarin a, 2α-acetoxystictane-3β,22-diol, 2α-acetoxystictane-3β,22α-diol, 3β-acetoxystictane-2α,22-diol, calycin, pseudocyphellarin a (3-hydroxy-4-methoxycarbonyl-2,5,6-trimethylphenyl 3-formyl-2,4-dihydroxy-5,6-dimethylbenzoate), pulvinic acid, pulvinic dilactone, stictane-2α,3β,22α-triol, stictane-3β,22α-diol;lias
Pseudocyphellaria kalbii;calycin, pulvinic acid, pulvinic dilactone;lias
Pseudocyphellaria mallota;calycin, pulvinic acid, pulvinic dilactone, unknown/unidentified compound(s);lias
Pseudocyphellaria meyenii;atranorin, unknown/unidentified (tri-)terpenoid(s), (tri-)terpene(s), unknown/unidentified compound(s);lias
Pseudocyphellaria multifida;7β-acetoxyhopanane-22-ol, hopane-15β,22-diol, hopane-7β,22-diol;lias
Pseudocyphellaria neglecta;15α-acetoxyhopane-22-ol (dolichorrhizin), 2-o-acetyltenuiorin, 6α-acetoxyhopane-7β,22-diol, 7β-acetoxyhopanane-22-ol, 7β-acetoxyhopane-6α,22-diol, calycin, constictic acid, hopane-6α,7β,22-triol, hopane-7β,22-diol, methyl gyrophorate, norstictic acid, pulvinic acid, pulvinic dilactone, retigeranic acid, salazinic acid, stictic acid, tenuiorin;lias
Pseudocyphellaria nermula;1'-chloronephroarctin, 2'-o-methylisopseudocyphellarin a, 2'-o-methylpseudocyphellarin a, 2α,3β-diacetoxystictane-22-ol, 2α-acetoxystictane-3β,22α-diol, 3β-acetoxystictane-2α,22-diol, calycin, isopseudocyphellarin a, nephroarctin, pseudocyphellarin a (3-hydroxy-4-methoxycarbonyl-2,5,6-trimethylphenyl 3-formyl-2,4-dihydroxy-5,6-dimethylbenzoate), pulvinic acid, pulvinic dilactone, stictane-2α,3β,22α-triol, stictane-3β,22α-diol;lias
Pseudocyphellaria norvegica;unknown/unidentified compound(s);lias
Pseudocyphellaria obvoluta;calycin, pulvinic acid, pulvinic dilactone;lias
Pseudocyphellaria perpetua;pulvinic acid, unknown/unidentified (tri-)terpenoid(s), (tri-)terpene(s);lias
Pseudocyphellaria pickeringii;1'-chloronephroarctin, 2'-o-methylisopseudocyphellarin a, 2'-o-methylphenarctin, 2'-o-methylpseudocyphellarin a, 2α,3β,22α-triacetoxystictane, 2β-acetoxystictane-3β,22α-diol, 3β-acetoxystictane-2α,22-diol, calycin, isopseudocyphellarin a, nephroarctin, phenarctin, pseudocyphellarin a (3-hydroxy-4-methoxycarbonyl-2,5,6-trimethylphenyl 3-formyl-2,4-dihydroxy-5,6-dimethylbenzoate), pulvinic acid, pulvinic dilactone, stictane-2α,3β,22α-triol, stictane-3β,22α-diol;lias
Pseudocyphellaria pilosella;calycin, gyrophoric acid, methyl gyrophorate, norstictic acid, unknown/unidentified (tri-)terpenoid(s), (tri-)terpene(s), unknown/unidentified compound(s);lias
Pseudocyphellaria piloselloides;calycin, gyrophoric acid, methyl gyrophorate, pulvinic acid, pulvinic dilactone, unknown/unidentified (tri-)terpenoid(s), (tri-)terpene(s);lias
Pseudocyphellaria pluvialis;calycin, pulvinic acid, pulvinic dilactone, unknown/unidentified (tri-)terpenoid(s), (tri-)terpene(s);lias
Pseudocyphellaria poculifera;3β-acetoxyfern-9(11)-3-en-19β-ol, 3β-acetoxyfern-9(11)-en-12-one, 3β-hydroxyfern-9(11)-ene-12-one, calycin, fern-9(11)-en-3β,12β-ol, pulvinic acid, pulvinic dilactone, unknown/unidentified (tri-)terpenoid(s), (tri-)terpene(s);lias
Pseudocyphellaria punctillaris;7β-acetoxyhopane-22-ol (peltidactylin), gyrophoric acid, hopane-15α,22-diol, hopane-7β,22-diol, methyl gyrophorate, tenuiorin;lias
Pseudocyphellaria rigida;7β-acetoxyhopane-22-ol (peltidactylin), hopane-15α,22-diol, hopane-7β,22-diol;lias
Pseudocyphellaria rubella;(20rs)-30-norlupane-3β,20-diol, (20rs)-3β-acetoxylupan-20-oic acid, (20rs)-3β-acetoxylupane-20,29-diol, (20rs)-3β-hydroxylupan-20-oic acid, (20rs)-lupane-3β,20,29-triol, (20rs)-lupane-3β,20-diol, (29rs)-3β-hydroxylupan-29-al, 20,29,30-trinorlupane-3β,19α-diol, 3β,19α-diacetoxy-20,29,30-trinorlupane, 3β-acetoxy-30-norlupan-20-one, 3β-acetoxylup-20(29)-en-30-ol, 3β-acetoxylup-20(29)-ene, 3β-acetoxylupan-2-ol, 3β-acetoxylupan-20(29)-epoxide, 3β-acetoxylupan-29-al, 3β-hydroxy-30-norlupan-20-one, 3β-hydroxylup-20(29)-ene (lupeol), 3β-hydroxylupan-20(29)-epoxide, calycin, lup-20(29)-en-3β,30-diol, lupane-3β,20-diol, pulvinic acid, pulvinic dilactone;lias
Pseudocyphellaria rubrina;22α-hydroxystictane-3-one, 2α,3β,22α-triacetoxystictane, 2α,3β-diacetoxystictane-22-ol, 2β-acetoxystictane-3β,22α-diol, 3β-acetoxystictane-2α,22-diol, calycin, isopseudocyphellarin a, phenarctin, pseudocyphellarin a (3-hydroxy-4-methoxycarbonyl-2,5,6-trimethylphenyl 3-formyl-2,4-dihydroxy-5,6-dimethylbenzoate), pulvinamide, pulvinic acid, pulvinic dilactone, stictane-2α,3β,22α-triol, stictane-3β,22α-diol;lias
Pseudocyphellaria santessonii;pulvinic acid, unknown/unidentified (tri-)terpenoid(s), (tri-)terpene(s);lias
Pseudocyphellaria sayeri;7β-acetoxyhopane-22-ol (peltidactylin), hopane-15α,22-diol, hopane-7β,22-diol;lias
Pseudocyphellaria scabrosa;calycin, pulvinic acid, pulvinic dilactone, unknown/unidentified (tri-)terpenoid(s), (tri-)terpene(s), unknown/unidentified compound(s);lias
Pseudocyphellaria semilanata;7β-acetoxyhopane-22-ol (peltidactylin), gyrophoric acid, hopane-15β,22-diol, hopane-7β,22-diol, methyl gyrophorate;lias
Pseudocyphellaria sericeofulva;6α-acetoxyhopane-7β,22-diol, 7β-acetoxyhopane-6α,22-diol, calycin, constictic acid, cryptostictic acid, hopane-6α,7β,22-triol, hopane-7β,22-diol, methyl gyrophorate, norstictic acid, pulvinic acid, pulvinic dilactone, stictic acid, tenuiorin;lias
Pseudocyphellaria soredioglabra;4-o-methylgyrophoric acid (congyrophoric acid), 7β-acetoxyhopane-22-ol (peltidactylin), gyrophoric acid, hopane-15α,22-diol, hopane-7β,22-diol, methyl gyrophorate, tenuiorin;lias
Pseudocyphellaria soredioglabra;7β-acetoxyhopane-22-ol (peltidactylin), constictic acid, cryptostictic acid, hopane-15β,22-diol, norstictic acid, stictic acid, tenuiorin;lias
Pseudocyphellaria stenophylla;7β-acetoxyhopane-22-ol (peltidactylin), gyrophoric acid, hopane-15α,22-diol, hopane-7β,22-diol;lias
Pseudocyphellaria subrubella;calycin, pulvinic acid, pulvinic dilactone;lias
Pseudocyphellaria sulphurea;4-o-methylgyrophoric acid (congyrophoric acid), 7β-acetoxyhopane-22-ol (peltidactylin), gyrophoric acid, hopane-15α,22-diol, hopane-7β,22-diol, methyl gyrophorate, tenuiorin;lias
Pseudocyphellaria vaccina;calycin, pulvinic acid, pulvinic dilactone, unknown/unidentified (tri-)terpenoid(s), (tri-)terpene(s);lias
Pseudocyphellaria verrucosa;gyrophoric acid, unknown/unidentified (tri-)terpenoid(s), (tri-)terpene(s);lias
Pseudohepatica duidensis;gyrophoric acid, norlichexanthone, unknown/unidentified xanthone(s);lias
Pseudohepatica pachyderma;norlichexanthone, unknown/unidentified xanthone(s);lias
Pseudoparmelia arida;atranorin, consalazinic acid, norstictic acid, salazinic acid, secalonic acid a;lias
Pseudoparmelia brakoana;atranorin, constictic acid, cryptostictic acid, norstictic acid, secalonic acid a, secalonic acid(s) – unspecified, stictic acid;lias
Pseudoparmelia buckiana;atranorin, constictic acid, cryptostictic acid, norstictic acid, secalonic acid a, secalonic acid(s) – unspecified, stictic acid;lias
Pseudoparmelia chapadensis;atranorin, secalonic acid a, secalonic acid(s) – unspecified;lias
Pseudoparmelia chlorea;atranorin, chloroatranorin, decarboxythamnolic acid, haemathamnolic acid, secalonic acid c, thamnolic acid, unknown/unidentified compound(s);lias
Pseudoparmelia concomitans;atranorin, gyrophoric acid, protocetraric acid;lias
Pseudoparmelia convexa;atranorin, chloroatranorin, secalonic acid a, secalonic acid(s) – unspecified;lias
Pseudoparmelia cubensis;atranorin, chloroatranorin, constictic acid, cryptostictic acid, norstictic acid, secalonic acid a, secalonic acid(s) – unspecified, stictic acid;lias
Pseudoparmelia cyphellata;atranorin, chloroatranorin, constictic acid, cryptostictic acid, norstictic acid, secalonic acid a, secalonic acid(s) – unspecified, stictic acid;lias
Pseudoparmelia dahlii;caperatic acid, lecanoric acid, usnic acid;lias
Pseudoparmelia ecaperata;atranorin, chloroatranorin, divaricatic acid, nordivaricatic acid, protolichesterinic acid, subdivaricatic acid, usnic acid;lias
Pseudoparmelia floridensis;atranorin, norstictic acid, salazinic acid, secalonic acid a, secalonic acid(s) – unspecified;lias
Pseudoparmelia harrisiana;atranorin, hypothamnolic acid, secalonic acid a;lias
Pseudoparmelia hypomiltha;atranorin, secalonic acid a, secalonic acid(s) – unspecified, unknown/unidentified anthraquinone(s);lias
Pseudoparmelia kalbiana;atranorin, chloroatranorin, hyposalazinic acid, hypostictic acid, secalonic acid a, secalonic acid(s) – unspecified;lias
Pseudoparmelia regnellii;atranorin, secalonic acid a, secalonic acid(s) – unspecified, unknown/unidentified anthraquinone(s);lias
Pseudoparmelia relicinoides;atranorin, chloroatranorin, constictic acid, cryptostictic acid, norstictic acid, secalonic acid a, secalonic acid(s) – unspecified, stictic acid;lias
Pseudoparmelia sphaerospora;atranorin, butlerin a, butlerin b, butlerin c, butlerin d, butlerin e, chloroatranorin, secalonic acid a, secalonic acid(s) – unspecified;lias
Pseudoparmelia uleana;atranorin, chloroatranorin, secalonic acid a, secalonic acid(s) – unspecified;lias
Pseudopyrenula cryptotheca;lichexanthone;lias
Pseudopyrenula diluta;lichexanthone;lias
Pseudoramonia richeae;fumarprotocetraric acid, protocetraric acid, succinprotocetraric acid;lias
Pseudoramonia stipitata;stictic acid;lias
Pseudothelomma ocellatum;atranorin, epanorin, usnic;italic
Psilolechia leprosa;gyrophoric acid;italic
Psilolechia leprosa;gyrophoric acid, lecanoric acid, porphyrilic acid, unknown/unidentified (tri-)terpenoid(s), (tri-)terpene(s);lias
Psilolechia lucida;gyrophoric acid, rhizocarpic acid, unknown/unidentified (tri-)terpenoid(s), (tri-)terpene(s), zeorin (hopane-6α,22-diol);lias
Psora brunneocarpa;unknown/unidentified compound(s);lias
Psora californica;bourgeanic acid, gyrophoric acid, lecanoric acid;lias
Psora cerebriformis;atranorin, norstictic acid;lias
Psora cravensis;parietin;italic
Psora crenata;norstictic acid;lias
Psora decipiens;parietin;italic
Psora decipiens;hyposalazinic acid, hypostictic acid, norstictic acid;lias
Psora globifera;parietin;italic
Psora gresinonis;parietin;italic
Psora hyporubescens;gyrophoric acid, unknown/unidentified anthraquinone(s);lias
Psora icterica;rhizocarpic acid, unknown/unidentified compound(s);lias
Psora indigirkae;bourgeanic acid, gyrophoric acid;lias
Psora mediterranea;parietin;italic
Psora montana;gyrophoric acid, lecanoric acid;lias
Psora nipponica;gyrophoric acid, lecanoric acid, parietin, unknown/unidentified xanthone(s);lias
Psora nitida;gyrophoric acid, lecanoric acid;lias
Psora pacifica;gyrophoric acid, lecanoric acid, unknown/unidentified compound(s);lias
Psora peninsularis;norstictic acid;lias
Psora pruinosa;pannarin;lias
Psora rubiformis;parietin, usnic;italic
Psora rubiformis;gyrophoric acid, usnic acid;lias
Psora russellii;gyrophoric acid, norstictic acid;lias
Psora saviczii;parietin;italic
Psora tenuifolia;norstictic acid, zeorin (hopane-6α,22-diol);lias
Psora testacea;atranorin, parietin;italic
Psora testacea;atranorin, emodin, fallacinal, parietin, parietinic acid, teloschistin, usnic acid, xanthorin;lias
Psora vallesiaca;norstictic acid;lias
Psorinia conglomerata;atranorin, stictic acid;italic
Psoroma caliginosum;diploicin, leprolomin, pannarin, vicanicin;lias
Psoroma cinnamomeum;unknown/unidentified pigment(s);lias
Psoroma multifidum;porphyrilic acid, unknown/unidentified (tri-)terpenoid(s), (tri-)terpene(s);lias
Psoroma pholidotoides;leprolomin, pannarin, usnic acid, vicanicin;lias
Psoroma rubromarginatum;pannaric acid, porphyrilic acid methyl ester;lias
Psoroma tenue;pannaric acid, porphyrilic acid methyl ester, unknown/unidentified compound(s);lias
Pulvinora cavicola;alectorialic acid, atranorin, thamnolic acid;italic
Punctelia appalachensis;allo-protolichesterinic acid, atranorin, chloroatranorin, lichesterinic acid, unknown/unidentified fatty acid(s);lias
Punctelia bolliana;atranorin, chloroatranorin, lichesterinic acid, protolichesterinic acid, unknown/unidentified fatty acid(s);lias
Punctelia borreri;atranorin, chloroatranorin;italic
Punctelia borreri;atranorin, chloroatranorin, gyrophoric acid, orcinyl lecanorate, unknown/unidentified fatty acid(s);lias
Punctelia caseana;atranorin, lecanoric acid;lias
Punctelia cedrosensis;atranorin, chloroatranorin, constipatic acid, dehydroconstipatic acid, dehydroprotoconstipatic acid, protoconstipatic acid;lias
Punctelia constantimontium;atranorin, chloroatranorin, gyrophoric acid;lias
Punctelia crispa;atranorin, chloroatranorin, gyrophoric acid, lecanoric acid;lias
Punctelia diffractaica;atranorin, chloroatranorin, diffractaic acid;lias
Punctelia digitata;atranorin, chloroatranorin, lecanoric acid;lias
Punctelia eganii;atranorin, lecanoric acid, lichexanthone;lias
Punctelia fimbriata;atranorin, gyrophoric acid;lias
Punctelia graminicola;atranorin, chloroatranorin, lecanoric acid;lias
Punctelia hypoleucites;atranorin, chloroatranorin, lecanoric acid;lias
Punctelia imbricata;atranorin, gyrophoric acid, lecanoric acid, orcinyl lecanorate;lias
Punctelia involuta;atranorin, unknown/unidentified fatty acid(s);lias
Punctelia jeckeri;atranorin;italic
Punctelia jeckeri;atranorin, chloroatranorin, lecanoric acid;lias
Punctelia jujensis;atranorin, chloroatranorin, gyrophoric acid;lias
Punctelia lorentzii;atranorin, chloroatranorin, lecanoric acid;lias
Punctelia microsticta;atranorin, chloroatranorin, unknown/unidentified fatty acid(s);lias
Punctelia missouriensis;atranorin, chloroatranorin, lecanoric acid;lias
Punctelia nashii;atranorin, lecanoric acid;lias
Punctelia nebulata;atranorin, chloroatranorin, unknown/unidentified fatty acid(s);lias
Punctelia negata;atranorin, chloroatranorin, dehydroconstipatic acid, praesorediosic acid, unknown/unidentified fatty acid(s);lias
Punctelia neutralis;atranorin, caperatic acid, chloroatranorin, unknown/unidentified fatty acid(s);lias
Punctelia novozelandica;atranorin, chloroatranorin, lecanoric acid;lias
Punctelia osorioi;atranorin, unknown/unidentified fatty acid(s);lias
Punctelia perreticulata;atranorin;italic
Punctelia perreticulata;atranorin, chloroatranorin, lecanoric acid;lias
Punctelia pseudocorraloidea;5-chlorolecanoric acid, atranorin, chloroatranorin, lecanoric acid;lias
Punctelia punctilla;atranorin, chloroatranorin, lecanoric acid;lias
Punctelia purpurascens;atranorin, caperatic acid, skyrin (rhodophyscin), unknown/unidentified pigment(s);lias
Punctelia reddenda;atranorin, chloroatranorin, constipatic acid, dehydroconstipatic acid, praesorediosic acid, unknown/unidentified fatty acid(s);lias
Punctelia riograndensis;atranorin, chloroatranorin, dehydroconstipatic acid, gyrophoric acid, lecanoric acid, methyl gyrophorate, praesorediosic acid;lias
Punctelia roseola;atranorin, butlerin a, butlerin b, butlerin d, butlerin e, butlerin f, gyrophoric acid, lecanoric acid;lias
Punctelia roystonea;atranorin, caperatic acid, chloroatranorin, lecanoric acid, unknown/unidentified fatty acid(s);lias
Punctelia rudecta;atranorin, chloroatranorin, lecanoric acid;lias
Punctelia stictica;atranorin;italic
Punctelia stictica;atranorin, chloroatranorin, gyrophoric acid, orcinyl lecanorate;lias
Punctelia subalbicans;atranorin, chloroatranorin, lecanoric acid;lias
Punctelia subflava;atranorin, chloroatranorin, lecanoric acid;lias
Punctelia subpraesignis;atranorin, chloroatranorin, gyrophoric acid, lecanoric acid, orcinyl lecanorate;lias
Punctelia subrudecta;atranorin;italic
Punctelia subrudecta;atranorin, chloroatranorin, lecanoric acid;lias
Punctelia tomentosula;atranorin, chloroatranorin, lecanoric acid;lias
Punctelia toxodes;5-chlorolecanoric acid, atranorin, chloroatranorin, lecanoric acid;lias
Punctelia transtasmanica;atranorin, chloroatranorin, gyrophoric acid, lecanoric acid;lias
Punctelia ulophylla;atranorin, chloroatranorin, lecanoric acid;lias
Puttea margaritella;unknown/unidentified compound(s);lias
Pycnora leucococca;alectorialic acid;lias
Pycnora praestabilis;alectorialic acid;italic
Pycnora praestabilis;alectorialic acid;lias
Pycnora sorophora;alectorialic acid;lias
Pycnora xanthococca;alectorialic acid, unknown/unidentified compound(s);lias
Pycnothelia papillaria;atranorin;italic
Pycnothelia papillaria;atranorin, chloroatranorin, lichesterinic acid, protolichesterinic acid, squamatic acid, unknown/unidentified compound(s);lias
Pyrenula andina;lichexanthone;lias
Pyrenula aurantioinspersa;unknown/unidentified anthraquinone(s);lias
Pyrenula aurantiopileata;unknown/unidentified anthraquinone(s);lias
Pyrenula caryae;lichexanthone;lias
Pyrenula chlorospila;unknown/unidentified compound(s);lias
Pyrenula cinchonae;atranorin, chloroatranorin, dehydroconstipatic acid, praesorediosic acid, unknown/unidentified fatty acid(s);lias
Pyrenula cocoes;lichexanthone;lias
Pyrenula confinis;lichexanthone;lias
Pyrenula dermatodes;lichexanthone;lias
Pyrenula flagellata;unknown/unidentified pigment(s);lias
Pyrenula flavoinspersa;lichexanthone, unknown/unidentified pigment(s);lias
Pyrenula guyanensis;lichexanthone;lias
Pyrenula howeana;unknown/unidentified anthraquinone(s);lias
Pyrenula macrospora;unknown/unidentified compound(s);lias
Pyrenula micromma;lichexanthone;lias
Pyrenula minae;unknown/unidentified pigment(s);lias
Pyrenula nitida;unknown/unidentified anthraquinone(s);lias
Pyrenula nitidella;unknown/unidentified anthraquinone(s);lias
Pyrenula occidentalis;unknown/unidentified anthraquinone(s);lias
Pyrenula ochraceoflava;5,7-dichloro-1,6,8-trihydroxy-3-methylanthrone, 7-chloro-1,6,8-trihydroxy-3-methylanthrone, 7-chlorocitreorsein, 7-chloroemodic acid, 7-chloroemodin, 7-chloroemodinal, 7-chloroparietinic acid, atranorin, fragilin, norstictic acid, unknown/unidentified anthraquinone(s);lias
Pyrenula ochraceoflava;7-chloroemodic acid, 7-chloroemodin, 7-chloroemodinal, 7-chloroparietinic acid, parietin, unknown/unidentified anthraquinone(s);lias
Pyrenula papillifera;atranorin, chloroatranorin, gyrophoric acid;lias
Pyrenula plicata;parietin;lias
Pyrenula rubroanomala;unknown/unidentified anthraquinone(s);lias
Pyrenula rubroinspersa;unknown/unidentified anthraquinone(s);lias
Pyrenula rubronitidula;unknown/unidentified anthraquinone(s);lias
Pyrenula rubrostigma;unknown/unidentified anthraquinone(s);lias
Pyrenula rubrostoma;unknown/unidentified anthraquinone(s);lias
Pyrenula xanthominuta;lichexanthone;lias
Pyrgillus cubanus;lichexanthone;lias
Pyrgillus idukkiensis;lichexanthone;lias
Pyrgillus javanicus;lichexanthone;lias
Pyrrhospora aurantiaca;haematommone, norrussulone, russulone;lias
Pyrrhospora fuscisidiata;atranorin, protocetraric acid, unknown/unidentified fatty acid(s), zeorin (hopane-6α,22-diol);lias
Pyrrhospora laeta;lichesterinic acid, norrussulone, protolichesterinic acid, russulone;lias
Pyrrhospora luminescens;lichexanthone;lias
Pyrrhospora queenslandica;connorstictic acid, lichexanthone, norstictic acid, russulone, secalonic acid a, unknown/unidentified secalonic acid derivate(s);lias
Pyrrhospora quernea;dichlornorlichexanthon, isoarthothelin, thiophanic acid;lias
Pyrrhospora russula;connorstictic acid, fumarprotocetraric acid, lichexanthone, russulone, secalonic acid a, secalonic acid(s) – unspecified;lias
Pyxine africana;atranorin, connorstictic acid, norstictic acid, unknown/unidentified (tri-)terpenoid(s), (tri-)terpene(s), unknown/unidentified pigment(s);lias
Pyxine asiatica;atranorin, testacein, unknown/unidentified (tri-)terpenoid(s), (tri-)terpene(s);lias
Pyxine astipitata;atranorin, unknown/unidentified (tri-)terpenoid(s), (tri-)terpene(s), unknown/unidentified pigment(s);lias
Pyxine astridiana;lichexanthone, unknown/unidentified (tri-)terpenoid(s), (tri-)terpene(s);lias
Pyxine australiensis;lichexanthone, unknown/unidentified (tri-)terpenoid(s), (tri-)terpene(s), unknown/unidentified pigment(s);lias
Pyxine berteriana;lichexanthone, unknown/unidentified (tri-)terpenoid(s), (tri-)terpene(s), unknown/unidentified pigment(s);lias
Pyxine coccifera;25-acetoxy-20,24-epoxydammarane-3-one, 25-acetoxy-20,24-epoxydammarane-3β-ol, atranorin, chiodectonic acid, chloroatranorin, cocciferin, methyl 3-o-acetylpyxinate, methyl pyxinate, unknown/unidentified (tri-)terpenoid(s), (tri-)terpene(s);lias
Pyxine cocoës;lichexanthone, unknown/unidentified (tri-)terpenoid(s), (tri-)terpene(s);lias
Pyxine cognata;lichexanthone, unknown/unidentified (tri-)terpenoid(s), (tri-)terpene(s), unknown/unidentified pigment(s);lias
Pyxine convexior;atranorin, chloroatranorin, norstictic acid;lias
Pyxine coralligera;atranorin, chloroatranorin, testacein, unknown/unidentified (tri-)terpenoid(s), (tri-)terpene(s);lias
Pyxine cylindrica;atranorin, chloroatranorin, norstictic acid, testacein, unknown/unidentified (tri-)terpenoid(s), (tri-)terpene(s);lias
Pyxine daedalea;atranorin, chloroatranorin, unknown/unidentified (tri-)terpenoid(s), (tri-)terpene(s), unknown/unidentified pigment(s);lias
Pyxine desudans;atranorin, chloroatranorin, unknown/unidentified (tri-)terpenoid(s), (tri-)terpene(s), unknown/unidentified pigment(s);lias
Pyxine elixii;atranorin, chloroatranorin, unknown/unidentified (tri-)terpenoid(s), (tri-)terpene(s), unknown/unidentified pigment(s);lias
Pyxine endochrysina;atranorin, chloroatranorin, unknown/unidentified (tri-)terpenoid(s), (tri-)terpene(s), unknown/unidentified pigment(s);lias
Pyxine endocrocea;lichexanthone, unknown/unidentified (tri-)terpenoid(s), (tri-)terpene(s), unknown/unidentified pigment(s);lias
Pyxine endolutea;atranorin, unknown/unidentified (tri-)terpenoid(s), (tri-)terpene(s), unknown/unidentified pigment(s);lias
Pyxine eschweileri;atranorin, unknown/unidentified (tri-)terpenoid(s), (tri-)terpene(s), unknown/unidentified pigment(s);lias
Pyxine exoalbida;atranorin, norstictic acid, unknown/unidentified (tri-)terpenoid(s), (tri-)terpene(s), unknown/unidentified pigment(s);lias
Pyxine fallax;atranorin, chloroatranorin, norstictic acid, testacein, unknown/unidentified (tri-)terpenoid(s), (tri-)terpene(s);lias
Pyxine farinosa;atranorin, chloroatranorin, unknown/unidentified (tri-)terpenoid(s), (tri-)terpene(s), unknown/unidentified pigment(s);lias
Pyxine jolyana;lichexanthone, norstictic acid, unknown/unidentified (tri-)terpenoid(s), (tri-)terpene(s), unknown/unidentified pigment(s);lias
Pyxine keralensis;atranorin, chloroatranorin, unknown/unidentified (tri-)terpenoid(s), (tri-)terpene(s);lias
Pyxine limbulata;atranorin, unknown/unidentified (tri-)terpenoid(s), (tri-)terpene(s), unknown/unidentified pigment(s);lias
Pyxine mantiqueirensis;atranorin, unknown/unidentified (tri-)terpenoid(s), (tri-)terpene(s), unknown/unidentified pigment(s);lias
Pyxine mexicana;atranorin, chloroatranorin, unknown/unidentified (tri-)terpenoid(s), (tri-)terpene(s);lias
Pyxine microspora;lichexanthone, testacein, unknown/unidentified (tri-)terpenoid(s), (tri-)terpene(s);lias
Pyxine nana;lichexanthone, unknown/unidentified (tri-)terpenoid(s), (tri-)terpene(s), unknown/unidentified pigment(s);lias
Pyxine nubila;unknown/unidentified pigment(s);lias
Pyxine obscurascens;atranorin, unknown/unidentified (tri-)terpenoid(s), (tri-)terpene(s), unknown/unidentified pigment(s);lias
Pyxine petricola;lichexanthone, unknown/unidentified (tri-)terpenoid(s), (tri-)terpene(s);lias
Pyxine philippina;atranorin, norstictic acid, testacein, unknown/unidentified (tri-)terpenoid(s), (tri-)terpene(s);lias
Pyxine physciaeformis;lichexanthone, unknown/unidentified (tri-)terpenoid(s), (tri-)terpene(s), unknown/unidentified pigment(s);lias
Pyxine plumea;atranorin, chloroatranorin, unknown/unidentified (tri-)terpenoid(s), (tri-)terpene(s), unknown/unidentified pigment(s);lias
Pyxine primaria;atranorin, unknown/unidentified (tri-)terpenoid(s), (tri-)terpene(s), unknown/unidentified pigment(s);lias
Pyxine profallax;atranorin, norstictic acid, testacein, unknown/unidentified (tri-)terpenoid(s), (tri-)terpene(s);lias
Pyxine pungens;atranorin, chloroatranorin, unknown/unidentified (tri-)terpenoid(s), (tri-)terpene(s), unknown/unidentified pigment(s);lias
Pyxine retirugella;atranorin, chloroatranorin, norstictic acid, testacein, unknown/unidentified (tri-)terpenoid(s), (tri-)terpene(s);lias
Pyxine retirugella;atranorin, chloroatranorin, norstictic acid, testacein, unknown/unidentified (tri-)terpenoid(s), (tri-)terpene(s);lias
Pyxine rhizophorae;atranorin, unknown/unidentified (tri-)terpenoid(s), (tri-)terpene(s), unknown/unidentified pigment(s);lias
Pyxine rhodesiaca;atranorin, unknown/unidentified (tri-)terpenoid(s), (tri-)terpene(s), unknown/unidentified pigment(s);lias
Pyxine rugulosa;atranorin, chloroatranorin, unknown/unidentified (tri-)terpenoid(s), (tri-)terpene(s), unknown/unidentified pigment(s);lias
Pyxine schechingeri;atranorin, chloroatranorin, norstictic acid, unknown/unidentified (tri-)terpenoid(s), (tri-)terpene(s), unknown/unidentified pigment(s);lias
Pyxine schmidtii;atranorin, chloroatranorin, testacein, unknown/unidentified (tri-)terpenoid(s), (tri-)terpene(s);lias
Pyxine simulans;lichexanthone, unknown/unidentified (tri-)terpenoid(s), (tri-)terpene(s), unknown/unidentified pigment(s);lias
Pyxine sorediata;atranorin;italic
Pyxine sorediata;atranorin, chloroatranorin, unknown/unidentified (tri-)terpenoid(s), (tri-)terpene(s), unknown/unidentified pigment(s);lias
Pyxine subcinerea;lichexanthone, unknown/unidentified (tri-)terpenoid(s), (tri-)terpene(s), unknown/unidentified pigment(s);lias
Pyxine subcinerea;lichexanthone, unknown/unidentified (tri-)terpenoid(s), (tri-)terpene(s), unknown/unidentified pigment(s);lias
Ramalea cochleata;divaricatic acid, nordivaricatic acid, usnic acid;lias
Ramalina africana;salazinic acid, sekikaic acid;lias
Ramalina ahtii;psoromic acid, usnic acid;lias
Ramalina alludens;4'-o-demethylsekikaic acid, 4-o-demethyldivaricatic acid, divaricatic acid, sekikaic acid, usnic acid;lias
Ramalina americana;usnic acid;lias
Ramalina anceps;connorstictic acid, norstictic acid, usnic acid;lias
Ramalina andina;salazinic acid, usnic acid;lias
Ramalina arabum;norstictic acid, usnic acid;lias
Ramalina arsenii;usnic;italic
Ramalina asahinae;2-o-methylsekikaic acid, 4'-o-methylpaludosic acid, boninic acid, usnic acid;lias
Ramalina aspera;cryptochlorophaeic acid, divaricatic acid, usnic acid;lias
Ramalina asperula;divaricatic acid, unknown/unidentified fatty acid(s), usnic acid;lias
Ramalina attenuata;usnic acid;lias
Ramalina azorica;divaricatic acid, unknown/unidentified pigment(s), usnic acid;lias
Ramalina bajacalifornica;salazinic acid, usnic acid;lias
Ramalina baltica;evernic acid;lias
Ramalina bourgaeana;usnic;italic
Ramalina bourgeana;bourgeanic acid, salazinic acid, usnic acid;lias
Ramalina breviuscula;usnic;italic
Ramalina caespitella;4'-o-demethylsekikaic acid, sekikaic acid, unknown/unidentified (tri-)terpenoid(s), (tri-)terpene(s), usnic acid;lias
Ramalina calcarata;divaricatic acid, salazinic acid, usnic acid;lias
Ramalina calicaris;usnic;italic
Ramalina calicaris;sekikaic acid, usnic acid;lias
Ramalina camptospora;usnic acid;lias
Ramalina canalicularis;salazinic acid, usnic acid;lias
Ramalina canariensis;usnic;italic
Ramalina canariensis;divaricatic acid, usnic acid;lias
Ramalina cannonii;4'-o-methylnorhomosekikaic acid, 4'-o-methylnorsekikaic acid, 4-o-demethylsekikaic acid, homosekikaic acid, hyperhomosekikaic acid, ramalinolic acid, sekikaic acid, usnic acid;lias
Ramalina capensis;usnic acid;lias
Ramalina capitata;usnic;italic
Ramalina capitata;usnic;italic
Ramalina capitata;usnic;italic
Ramalina capitata;norstictic acid, usnic acid;lias
Ramalina carminae;usnic;italic
Ramalina carminae;usnic acid, variolaric acid;lias
Ramalina celastri;usnic acid;lias
Ramalina chiguarensis;homosekikaic acid, sekikaic acid;lias
Ramalina chihuahuana;4'-o-demethyldivaricatic acid, divaricatic acid, usnic acid;lias
Ramalina chondrina;homosekikaic acid, usnic acid;lias
Ramalina clementeana;usnic;italic
Ramalina cochlearis;2-o-methylsekikaic acid, 4'-o-methylnorhomosekikaic acid, 4'-o-methylnorsekikaic acid, 4'-o-methylpaludosic acid, boninic acid, homosekikaic acid, ramalinolic acid, sekikaic acid, usnic acid;lias
Ramalina complanata;divaricatic acid, salazinic acid, usnic acid;lias
Ramalina confertula;divaricatic acid;lias
Ramalina cribrosa;usnic;italic
Ramalina crinita;usnic acid;lias
Ramalina crispata;salazinic acid, usnic acid;lias
Ramalina crispatula;bourgeanic acid, protocetraric acid, salazinic acid, usnic acid;lias
Ramalina cryptochlorophaea;cryptochlorophaeic acid, usnic acid;lias
Ramalina cupularis;bourgeanic acid, norstictic acid, protocetraric acid, salazinic acid, usnic acid;lias
Ramalina cuspidata;norstictic acid, stictic acid, usnic acid;lias
Ramalina darwiniana;atranorin, salazinic acid, sekikaic acid, usnic acid;lias
Ramalina decipiens;protocetraric acid, salazinic acid, usnic acid;lias
Ramalina deminuta;divaricatic acid, usnic acid;lias
Ramalina dendriscoides;atranorin, salazinic acid, usnic acid;lias
Ramalina dendroides;fumarprotocetraric acid, usnic acid;lias
Ramalina dilacerata;usnic;italic
Ramalina dilacerata;divaricatic acid, usnic acid;lias
Ramalina disparata;boninic acid, divaricatic acid, sekikaic acid, stenosporic acid, unknown/unidentified fatty acid(s), usnic acid;lias
Ramalina dumeticola;sekikaic acid, unknown/unidentified compound(s), usnic acid;lias
Ramalina elegans;usnic;italic
Ramalina erosa;divaricatic acid, unknown/unidentified (tri-)terpenoid(s), (tri-)terpene(s), usnic acid;lias
Ramalina europaea;usnic;italic
Ramalina exiguella;norstictic acid, usnic acid;lias
Ramalina exiguella;usnic acid;lias
Ramalina farinacea;hypoprotocetraric acid, norstictic acid, protocetraric acid, salazinic acid, usnic acid;lias
Ramalina fastigiata;usnic;italic
Ramalina fastigiata;evernic acid, usnic acid;lias
Ramalina fecunda;salazinic acid, usnic acid;lias
Ramalina flavovirens;psoromic acid, usnic acid;lias
Ramalina fragilis;atranorin, sekikaic acid, usnic acid;lias
Ramalina fragilissima;atranorin, protocetraric acid;lias
Ramalina fraxinea;usnic;italic
Ramalina fraxinea;usnic acid;lias
Ramalina furcellangulida;atranorin, salazinic acid, sekikaic acid, usnic acid;lias
Ramalina geniculatella;boninic acid, protocetraric acid, usnic acid;lias
Ramalina grumosa;2-o-methylsekikaic acid, 4'-o-methylpaludosic acid, boninic acid, salazinic acid, usnic acid;lias
Ramalina hamulosa;salazinic acid, usnic acid;lias
Ramalina hierrensis;usnic acid;lias
Ramalina hoehneliana;usnic acid;lias
Ramalina holstii;cryptochlorophaeic acid, salazinic acid, usnic acid;lias
Ramalina huei;divaricatic acid, usnic acid;lias
Ramalina hyrcana;sekikaic acid, usnic acid;lias
Ramalina implectens;usnic;italic
Ramalina implectens;hypoprotocetraric acid, norstictic acid, protocetraric acid, salazinic acid, usnic acid;lias
Ramalina implexa;usnic;italic
Ramalina inaequalis;usnic;italic
Ramalina incisa;atranorin, leucotylic acid, secalonic acid a, unknown/unidentified (tri-)terpenoid(s), (tri-)terpene(s), zeorin (hopane-6α,22-diol);lias
Ramalina intermedia;4'-o-methylnorhomosekikaic acid, homosekikaic acid, sekikaic acid, usnic acid;lias
Ramalina isidiophora;16β-acetoxyhopane-6α,22-diol, atranorin, galbinic acid, norstictic acid, salazinic acid, secalonic acid c, secalonic acid r, secalonic acid w, unknown/unidentified (tri-)terpenoid(s), (tri-)terpene(s), ursolic acid, vioxanthin, zeorin (hopane-6α,22-diol);lias
Ramalina jamesii;divaricatic acid, salazinic acid, unknown/unidentified (tri-)terpenoid(s), (tri-)terpene(s), usnic acid;lias
Ramalina japonica;atranorin, consalazinic acid, galbinic acid, leucotylic acid, salazinic acid, secalonic acid a, vioxanthin, zeorin (hopane-6α,22-diol);lias
Ramalina ketner-oostrae;norstictic acid, usnic acid;lias
Ramalina lacera;usnic;italic
Ramalina lacera;bourgeanic acid, usnic acid;lias
Ramalina leptocarpha;atranorin, bourgeanic acid, unknown/unidentified (tri-)terpenoid(s), (tri-)terpene(s), usnic acid, zeorin (hopane-6α,22-diol);lias
Ramalina litorea;evernic acid, lecanoric acid, sekikaic acid, usnic acid;lias
Ramalina lopezii;norstictic acid, stictic acid;lias
Ramalina luciae;4'-o-demethylsekikaic acid, 4'-o-methylnorsekikaic acid, homosekikaic acid, sekikaic acid, unknown/unidentified compound(s);lias
Ramalina lusitanica;divaricatic acid, usnic acid;lias
Ramalina maciformis;usnic;italic
Ramalina maciformis;bourgeanic acid, norstictic acid, salazinic acid;lias
Ramalina maderensis;4-o-demethylbarbatic acid, lecanoric acid, usnic acid;lias
Ramalina mahoneyi;usnic acid;lias
Ramalina maritima;boninic acid, unknown/unidentified compound(s), usnic acid;lias
Ramalina menziesii;usnic acid;lias
Ramalina meridionalis;connorstictic acid, norstictic acid, usnic acid;lias
Ramalina microphylla;salazinic acid;lias
Ramalina microspora;divaricatic acid;lias
Ramalina mollis;bourgeanic acid;lias
Ramalina montana;2-o-methylsekikaic acid, 4'-o-methylpaludosic acid, boninic acid, cryptochlorophaeic acid, usnic acid;lias
Ramalina moranii;salazinic acid, usnic acid;lias
Ramalina nematodes;protocetraric acid, salazinic acid, usnic acid;lias
Ramalina neopacifica;divaricatic acid, usnic acid;lias
Ramalina nervulosa;divaricatic acid;lias
Ramalina nodosa;divaricatic acid, salazinic acid, usnic acid;lias
Ramalina obtusata;usnic;italic
Ramalina obtusata;evernic acid, obtusatic acid, usnic acid;lias
Ramalina palmiformis;boninic acid, usnic acid;lias
Ramalina panizzei;usnic;italic
Ramalina parva;divaricatic acid, usnic acid;lias
Ramalina pentecostii;usnic acid;lias
Ramalina peruviana;usnic;italic
Ramalina peruviana;4'-o-demethylhomosekikaic acid, 4'-o-demethylsekikaic acid, 4'-o-methylnorhomosekikaic acid, homosekikaic acid, sekikaic acid, usnic acid;lias
Ramalina pitardii;salazinic acid, sekikaic acid, usnic acid;lias
Ramalina pluviariae;protocetraric acid, usnic acid;lias
Ramalina pocsii;sekikaic acid, usnic acid;lias
Ramalina pollinaria;usnic;italic
Ramalina pollinaria;evernic acid, obtusatic acid, usnic acid;lias
Ramalina polyforma;divaricatic acid, salazinic acid, sekikaic acid, usnic acid;lias
Ramalina polymorpha;usnic;italic
Ramalina polymorpha;usnic acid;lias
Ramalina portosantana;salazinic acid, usnic acid;lias
Ramalina portuensis;salazinic acid, usnic acid;lias
Ramalina prolifera;usnic acid;lias
Ramalina psoromica;psoromic acid, usnic acid;lias
Ramalina puberulenta;atranorin, bourgeanic acid, usnic acid;lias
Ramalina puiggarii;usnic acid;lias
Ramalina pusilla;usnic;italic
Ramalina pusilla;divaricatic acid, salazinic acid, sekikaic acid, usnic acid;lias
Ramalina pusiola;4'-o-methylnorhomosekikaic acid, homosekikaic acid, norstictic acid, sekikaic acid, usnic acid;lias
Ramalina quercicola;2'-o-methylstenosporic acid, 2-o-methyldivaricatic acid, 2-o-methylsekikaic acid, boninic acid, divaricatic acid, usnic acid;lias
Ramalina rectangularis;salazinic acid, usnic acid;lias
Ramalina reducta;psoromic acid, usnic acid;lias
Ramalina requienii;usnic;italic
Ramalina requienii;divaricatic acid, usnic acid;lias
Ramalina riishiriensia;atranorin, chloroatranorin, gyrophoric acid, lecanoric acid, orsellinic acid;lias
Ramalina roesleri;usnic;italic
Ramalina roesleri;sekikaic acid;lias
Ramalina rosacea;usnic;italic
Ramalina rupestris;cryptochlorophaeic acid, usnic acid;lias
Ramalina sanctae-helenae;boninic acid, divaricatic acid, protocetraric acid, usnic acid;lias
Ramalina santanensis;salazinic acid;lias
Ramalina sharpii;norstictic acid, usnic acid;lias
Ramalina siliquosa;hypoprotocetraric acid, protocetraric acid, salazinic acid, usnic acid;lias
Ramalina sinaloensis;boninic acid, cryptochlorophaeic acid, usnic acid;lias
Ramalina sinensis;usnic;italic
Ramalina sinensis;atranorin, usnic acid;lias
Ramalina sonorensis;4'-o-demethyldivaricatic acid, divaricatic acid, salazinic acid, usnic acid;lias
Ramalina sorediosa;2-o-methylsekikaic acid, 4'-o-demethylsekikaic acid, 4'-o-methylpaludosic acid, boninic acid, homosekikaic acid, salazinic acid, sekikaic acid, usnic acid;lias
Ramalina sprengelii;usnic acid;lias
Ramalina stenospora;usnic acid;lias
Ramalina stevensiae;divaricatic acid, nordivaricatic acid, unknown/unidentified (tri-)terpenoid(s), (tri-)terpene(s), usnic acid;lias
Ramalina stoffersii;divaricatic acid, usnic acid;lias
Ramalina subcalicaris;4'-o-demethyldivaricatic acid, 4'-o-demethylsekikaic acid, divaricatic acid, sekikaic acid, usnic acid;lias
Ramalina subfarinacea;norstictic acid, protocetraric acid, salazinic acid, usnic acid;lias
Ramalina subfraxinea;4'-o-demethylsekikaic acid, 4'-o-methylnorsekikaic acid, divaricatic acid, homosekikaic acid, paludosic acid, ramalinolic acid, sekikaic acid, usnic acid;lias
Ramalina subgeniculata;usnic;italic
Ramalina subgeniculata;divaricatic acid, protocetraric acid, salazinic acid, usnic acid;lias
Ramalina subleptocarpha;usnic acid, zeorin (hopane-6α,22-diol);lias
Ramalina sublinearis;atranorin, chloroatranorin, consalazinic acid, cryptoconstictic acid, hypoconstictic acid, norstictic acid, salazinic acid;lias
Ramalina subpusilla;salazinic acid;lias
Ramalina subwebbiana;protocetraric acid, salazinic acid, usnic acid;lias
Ramalina superfraxinea;divaricatic acid, usnic acid;lias
Ramalina tenella;salazinic acid, usnic acid;lias
Ramalina tenuissima;sekikaic acid;lias
Ramalina terebrata;usnic acid;lias
Ramalina thrausta;usnic;italic
Ramalina thrausta;usnic acid;lias
Ramalina timdaliana;divaricatic acid, unknown/unidentified (tri-)terpenoid(s), (tri-)terpene(s), usnic acid;lias
Ramalina tingitana;usnic;italic
Ramalina tortuosa;protocetraric acid, salazinic acid, usnic acid;lias
Ramalina tovarensis;cryptochlorophaeic acid, sekikaic acid;lias
Ramalina tribulosa;atranorin, chloroatranorin, consalazinic acid, eumitrin(s) – unspecified, salazinic acid, secalonic acid a;lias
Ramalina unifolia;usnic acid;lias
Ramalina usnea;4'-o-demethylhomosekikaic acid, 4'-o-demethylsekikaic acid, 4'-o-methylnorhomosekikaic acid, 4'-o-methylnorsekikaic acid, divaricatic acid, homosekikaic acid, sekikaic acid, usnic acid;lias
Ramalina webbii;protocetraric acid, salazinic acid, usnic acid;lias
Ramalina whinrayi;4'-o-demethylsekikaic acid, divaricatic acid, nordivaricatic acid, sekikaic acid, usnic acid;lias
Ramalina wigginsii;2-o-methylsekikaic acid, 4'-o-demethyldivaricatic acid, 4'-o-demethylsekikaic acid, 4'-o-methylpaludosic acid, boninic acid, divaricatic acid, sekikaic acid, usnic acid;lias
Ramalina willeyi;usnic acid;lias
Ramalina wirthii;protocetraric acid, salazinic acid, usnic acid;lias
Ramboldia amarkantakana;atranorin, haematommone, unknown/unidentified compound(s);lias
Ramboldia arandensis;fumarprotocetraric acid, norrussulone, protocetraric acid, russulone;lias
Ramboldia aurea;haematommone, norrussulone, russulone;lias
Ramboldia blastidiata;connorstictic acid, norstictic acid;lias
Ramboldia brunneocarpa;connorstictic acid, norstictic acid;lias
Ramboldia bullata;norrussulone, russulone, secalonic acid a;lias
Ramboldia cinnabarina;atranorin;italic
Ramboldia cinnabarina;atranorin, chloroatranorin, confumarprotocetraric acid, fumarprotocetraric acid, protocetraric acid, russulone;lias
Ramboldia crassithallina;barbatic acid, thamnolic acid;lias
Ramboldia elabens;atranorin, chloroatranorin, confumarprotocetraric acid, fumarprotocetraric acid, protocetraric acid, succinprotocetraric acid;italic
Ramboldia farinosa;hypothamnolic acid;lias
Ramboldia gowardiana;atranorin, chloroatranorin, confumarprotocetraric acid, fumarprotocetraric acid, norrussulone, protocetraric acid, russulone;lias
Ramboldia heterocarpa;fumarprotocetraric acid, lichexanthone, protocetraric acid, russulone, secalonic acid a, unknown/unidentified secalonic acid derivate(s);lias
Ramboldia neolaeta;russulone;lias
Ramboldia petraeoides;connorstictic acid, norstictic acid;lias
Ramboldia petraeoides;connorstictic acid, norstictic acid;lias
Ramboldia plicatula;baeomycesic acid, barbatic acid, squamatic acid;lias
Ramboldia quaesitica;atranorin, fumarprotocetraric acid, lichexanthone, protocetraric acid, quaesitic acid;lias
Ramboldia russula;fumarprotocetraric acid;italic
Ramboldia sanguinolenta;connorstictic acid, lichexanthone, norstictic acid, russulone;lias
Ramboldia siamensis;chrysophanol, emodin, fumarprotocetraric acid, lichexanthone, norrussulone, parietin, russulone, secalonic acid(s) – unspecified;lias
Ramboldia sorediata;thamnolic acid;lias
Ramboldia stuartii;hypothamnolic acid;lias
Ramboldia subcinnabarina;russulone, unknown/unidentified fatty acid(s);lias
Ramboldia subnexa;thamnolic acid;lias
Ramonia calcicola;unknown/unidentified compound(s);lias
Redingeria glyphica;4-o-demethylnotatic acid, hypoprotocetraric acid, lichexanthone;lias
Redingeria krempelhuberi;4-o-demethylnotatic acid, hypoprotocetraric acid, lichexanthone;lias
Redingeria leiostoma;4-o-demethylnotatic acid, hypoprotocetraric acid, lichexanthone;lias
Rehmia petraea;stictic acid;italic
Rehmia reducta;stictic acid;italic
Reichlingia anombrophila;o-methylperlatolic acid;italic
Reichlingia leopoldii;0-methylperlatolic acid;italic
Relicina abstrusa;atranorin, connorstictic acid, hyposalazinic acid, norstictic acid, usnic acid;lias
Relicina amphithrix;atranorin, conechinocarpic acid, echinocarpic acid, gyrophoric acid, unknown/unidentified compound(s), usnic acid;lias
Relicina barringtonensis;atranorin, connorstictic acid, hyposalazinic acid, norstictic acid, usnic acid;lias
Relicina circumnodata;atranorin, protocetraric acid, usnic acid;lias
Relicina clarkensis;atranorin, constictic acid, cryptostictic acid, hypostictic acid, menegazziaic acid, norstictic acid, stictic acid, ursolic acid, usnic acid;lias
Relicina colombiana;connorstictic acid, constictic acid, cryptostictic acid, norstictic acid, peristictic acid, salazinic acid, stictic acid, usnic acid;lias
Relicina conglutinata;aspicilin, fumarprotocetraric acid, protocetraric acid, succinprotocetraric acid, usnic acid;lias
Relicina connivens;atranorin, butlerin a, butlerin b, butlerin c, butlerin d, lichesterinic acid, protolichesterinic acid, unknown/unidentified fatty acid(s), usnic acid;lias
Relicina demethylbarbatica;4-o-demethylbarbatic acid, atranorin, barbatic acid, usnic acid;lias
Relicina dentata;atranorin, protocetraric acid, usnic acid;lias
Relicina diederichii;atranorin, hypoconstictic acid, hyposalazinic acid, hypostictic acid, lecanoric acid, usnic acid;lias
Relicina eximbricata;atranorin, diffractaic acid, fumarprotocetraric acid, lobaric acid, malonprotocetraric acid, protocetraric acid, succinprotocetraric acid, usnic acid;lias
Relicina filsonii;atranorin, connorstictic acid, hyposalazinic acid, norstictic acid, usnic acid;lias
Relicina fluorescens;alectoronic acid, atranorin, conalectoronic acid, usnic acid;lias
Relicina incongrua;2-o-methylobtusatic acid, 3α-hydroxybarbatic acid, 4-o-demethylbarbatic acid, 4-o-demethyldiffractaic acid, atranorin, barbatic acid, diffractaic acid, usnic acid;lias
Relicina kurandensis;atranorin, butlerin a, butlerin b, butlerin c, butlerin d, relicinulinic acid b, usnic acid;lias
Relicina limbata;atranorin, constictic acid, cryptostictic acid, hypostictic acid, menegazziaic acid, norstictic acid, stictic acid, usnic acid;lias
Relicina malesiana;atranorin, fumarprotocetraric acid, protocetraric acid, succinprotocetraric acid, unknown/unidentified anthraquinone(s), usnic acid;lias
Relicina planiuscula;atranorin, conechinocarpic acid, echinocarpic acid, gyrophoric acid, usnic acid;lias
Relicina polycarpa;atranorin, echinocarpic acid, normenegazziaic acid, norstictic acid, subnorstictic acid, usnic acid;lias
Relicina ramboldii;constictic acid, hypostictic acid, menegazziaic acid, stictic acid, usnic acid;lias
Relicina ramosissima;atranorin, fumarprotocetraric acid, protocetraric acid, succinprotocetraric acid, usnic acid;lias
Relicina relicinula;atranorin, relicinulinic acid a, relicinulinic acid b, usnic acid;lias
Relicina retrospinosa;atranorin, gyrophoric acid, lecanoric acid, usnic acid;lias
Relicina samoensis;atranorin, conechinocarpic acid, echinocarpic acid, gyrophoric acid, relicinulinic acid a, relicinulinic acid b, usnic acid;lias
Relicina schizospatha;atranorin, conechinocarpic acid, echinocarpic acid, gyrophoric acid, usnic acid;lias
Relicina subabstrusa;atranorin, connorstictic acid, diffractaic acid, hyposalazinic acid, norstictic acid, usnic acid;lias
Relicina subcoronata;atranorin, constictic acid, cryptostictic acid, hypostictic acid, menegazziaic acid, norstictic acid, stictic acid, usnic acid;lias
Relicina sublanea;atranorin, protocetraric acid, usnic acid;lias
Relicina subnigra;atranorin, cryptostictic acid, hypostictic acid, menegazziaic acid, norstictic acid, peristictic acid, stictic acid, usnic acid;lias
Relicina sydneyensis;atranorin, cryptostictic acid, hypostictic acid, menegazziaic acid, norstictic acid, peristictic acid, stictic acid, usnic acid;lias
Relicina terricrocidilia;atranorin, conechinocarpic acid, echinocarpic acid, gyrophoric acid, hirtifructic acid, usnic acid;lias
Relicina xanthoparmeliformis;atranorin, consalazinic acid, gyrophoric acid, salazinic acid, usnic acid;lias
Relicinopsis intertexta;atranorin, protocetraric acid, protolichesterinic acid, usnic acid;lias
Relicinopsis malaccensis;atranorin, protocetraric acid, usnic acid;lias
Relicinopsis rahengensis;3α-hydroxybarbatic acid, 4-o-demethylbarbatic acid, atranorin, barbatic acid, conechinocarpic acid, echinocarpic acid, norobtusatic acid, obtusatic acid;lias
Relicinopsis stevensii;3α-hydroxybarbatic acid, 4-o-demethylbarbatic acid, atranorin, barbatic acid, norobtusatic acid, obtusatic acid, usnic acid;lias
Remototrachyna aguirrei;atranorin, chloroatranorin, conprotocetraric acid, protocetraric acid, subvirensic acid, virensic acid;lias
Remototrachyna awasthii;atranorin, chloroatranorin, norstictic acid, salazinic acid;lias
Remototrachyna ciliata;atranorin, chloroatranorin, gyrophoric acid, lecanoric acid;lias
Remototrachyna crenata;atranorin, chloroatranorin, constictic acid, cryptostictic acid, menegazziaic acid, norstictic acid, stictic acid;lias
Remototrachyna dodapetta;atranorin, chloroatranorin, consalazinic acid, norstictic acid, salazinic acid;lias
Remototrachyna flexilis;19-acetoxylichesterinic acid, 19-acetoxyprotolichesterinic acid, atranorin, chloroatranorin, isomyelochroic acid, myelochroic acid, unknown/unidentified fatty acid(s), usnic acid;lias
Remototrachyna kingii;atranorin, chloroatranorin, norstictic acid, stictic acid;lias
Remototrachyna rigidula;atranorin, chloroatranorin, unknown/unidentified pigment(s);lias
Remototrachyna sipmaniana;atranorin, gyrophoric acid, protocetraric acid;lias
Remototrachyna thryptica;atranorin, chloroatranorin, constictic acid, stictic acid;lias
Rhabdodiscus crassus;2'-o-demethylpsoromic acid, psoromic acid, subpsoromic acid;lias
Rhabdodiscus indicus;unknown/unidentified compound(s);lias
Rhabdodiscus schizidiosus;atranorin, consalazinic acid, salazinic acid, usnic acid;lias
Rhizocarpon alpicola;gyrophoric acid, psoromic acid, rhizocarpic acid;lias
Rhizocarpon alpigenum;4-o-demethylbarbatic acid, atranorin, barbatic acid, norobtusatic acid, obtusatic acid, protocetraric acid, usnic acid;lias
Rhizocarpon arctogenum;gyrophoric acid;lias
Rhizocarpon atroalbescens;rhizocarpic acid;italic
Rhizocarpon atroflavescens;psoromic acid, rhizocarpic acid;lias
Rhizocarpon atroflavescens;rhizocarpic acid;lias
Rhizocarpon austroamphibium;gyrophoric acid;lias
Rhizocarpon badioatrum;norstictic acid, stictic acid;lias
Rhizocarpon caeruleoalbum;stictic acid;lias
Rhizocarpon carpathicum;gyrophoric acid, psoromic acid, rhizocarpic acid;lias
Rhizocarpon chioneum;stictic acid;lias
Rhizocarpon cinereoflavescens;atranorin, conechinocarpic acid, echinocarpic acid, usnic acid;lias
Rhizocarpon cinereovirens;norstictic acid, stictic acid;lias
Rhizocarpon concentricum;stictic acid;lias
Rhizocarpon depressum;atranorin, conechinocarpic acid, echinocarpic acid, usnic acid;lias
Rhizocarpon dimelaenae;norstictic acid, rhizocarpic acid, stictic acid;lias
Rhizocarpon diploschistidina;rhizocarpic acid;lias
Rhizocarpon disporum;norstictic acid, salazinic acid;lias
Rhizocarpon distinctum;gyrophoric acid;italic
Rhizocarpon distinctum;norstictic acid, stictic acid;lias
Rhizocarpon drepanodes;rhizocarpic acid;lias
Rhizocarpon eupetraeoides;bourgeanic acid, norstictic acid, rhizocarpic acid;lias
Rhizocarpon eupetraeum;norstictic acid;lias
Rhizocarpon ferrugineum;atranorin, gyrophoric acid, hirtifructic acid, relicinulinic acid b, usnic acid;lias
Rhizocarpon furfurosum;norstictic acid, stictic acid;lias
Rhizocarpon geminatum;rhizocarpic acid;italic
Rhizocarpon geminatum;norstictic acid, rhizocarpic acid, stictic acid;lias
Rhizocarpon geographicum;o-demethylpsoromic acid;italic
Rhizocarpon geographicum;rhizocarpic acid;italic
Rhizocarpon geographicum;barbatic acid, psoromic acid, rhizocarpic acid;lias
Rhizocarpon geographicum;psoromic acid, rhizocarpic acid;lias
Rhizocarpon grande;barbatic acid, gyrophoric acid, norstictic acid, stictic acid;lias
Rhizocarpon hochstetteri;stictic acid;lias
Rhizocarpon inarense;norstictic acid;lias
Rhizocarpon infernulum;stictic acid;lias
Rhizocarpon intermediellum;psoromic acid, rhizocarpic acid;lias
Rhizocarpon jemtlandicum;stictic acid;lias
Rhizocarpon kakurgon;rhizocarpic acid;italic
Rhizocarpon kakurgon;rhizocarpic acid;lias
Rhizocarpon koerberi;atranorin, conechinocarpic acid, echinocarpic acid, gyrophoric acid, usnic acid;lias
Rhizocarpon lecanora;atranorin, conechinocarpic acid, echinocarpic acid, gyrophoric acid, hirtifructic acid, usnic acid;lias
Rhizocarpon lecanorinum;gyrophoric acid, psoromic acid, rhizocarpic acid, stictic acid;lias
Rhizocarpon leptolepis;unknown/unidentified compound(s);lias
Rhizocarpon macrosporum;rhizocarpic acid, stictic acid;lias
Rhizocarpon mahreri;norstictic acid;lias
Rhizocarpon nidificum;psoromic acid, rhizocarpic acid;lias
Rhizocarpon obscuratum;norstictic acid, stictic acid;lias
Rhizocarpon plicatile;norstictic acid;lias
Rhizocarpon polycarpum;stictic acid;lias
Rhizocarpon purpurascens;norstictic acid, stictic acid;lias
Rhizocarpon reductum;norstictic acid, stictic acid;lias
Rhizocarpon richardii;gyrophoric acid, norstictic acid, stictic acid;lias
Rhizocarpon ridescens;psoromic acid, rhizocarpic acid;lias
Rhizocarpon riparium;barbatolic acid, gyrophoric acid, rhizocarpic acid;lias
Rhizocarpon saanaënse;psoromic acid, rhizocarpic acid;lias
Rhizocarpon saanaënse;rhizocarpic acid, unknown/unidentified compound(s);lias
Rhizocarpon santessonii;unknown/unidentified pigment(s);lias
Rhizocarpon saurinum;rhizocarpic acid;lias
Rhizocarpon saxicolum;atranorin, gyrophoric acid, lecanoric acid, usnic acid;lias
Rhizocarpon simillimum;stictic acid;lias
Rhizocarpon sorediosum;barbatic acid, psoromic acid;lias
Rhizocarpon superficiale;norstictic acid, rhizocarpic acid, stictic acid;lias
Rhizocarpon timdalii;unknown/unidentified fatty acid(s);lias
Rhizocarpon trapeliicola;stictic acid;lias
Rhizocarpon umbilicatum;stictic acid;lias
Rhizocarpon verrucosum;atranorin, conechinocarpic acid, echinocarpic acid, gyrophoric acid, relicinulinic acid a, relicinulinic acid b, scabrosin(s) – unspecified, usnic acid;lias
Rhizocarpon viridiatrum;gyrophoric acid, physodalic acid, rhizocarpic acid, stictic acid;lias
Rhizoplaca bullata;confumarprotocetraric acid, fumarprotocetraric acid, protocetraric acid, usnic acid;lias
Rhizoplaca chrysoleuca;usnic;italic
Rhizoplaca chrysoleuca;lecanoric acid, placodiolic acid, pseudoplacodiolic acid, psoromic acid, unknown/unidentified fatty acid(s), usnic acid;lias
Rhizoplaca glaucophana;pseudoplacodiolic acid;lias
Rhizoplaca marginalis;pseudoplacodiolic acid;lias
Rhizoplaca melanophthalma;usnic;italic
Rhizoplaca melanophthalma;constipatic acid, lecanoric acid, pertusaric acid, placodiolic acid, psoromic acid, usnic acid;lias
Rhizoplaca peltata;hypoprotocetraric acid, lecanoric acid, norstictic acid, pannarin, placodiolic acid, psoromic acid, rangiformic acid, unknown/unidentified compound(s), usnic acid, zeorin (hopane-6α,22-diol);lias
Rhizoplaca subdiscrepans;usnic;italic
Rhizoplaca subdiscrepans;lecanoric acid, norstictic acid, placodiolic acid, psoromic acid, usnic acid;lias
Ricasolia amplissima;atranorin;italic
Rimelia clavulifera;atranorin, chloroatranorin, consalazinic acid, salazinic acid;lias
Rimelia luminosa;atranorin, lichexanthone, α-collatolic acid;lias
Rimelia pustulata;atranorin, chloroatranorin, consalazinic acid, salazinic acid;lias
Rimelia reticulata;atranorin, chloroatranorin, consalazinic acid, salazinic acid;lias
Rimelia simulans;caperatic acid, placodiolic acid, usnic acid;lias
Rimelia subisidiosa;consalazinic acid, placodiolic acid, salazinic acid, usnic acid;lias
Rimularia applanata;lobaric acid;lias
Rimularia australis;gyrophoric acid;lias
Rimularia austrolimborina;constictic acid, norstictic acid, stictic acid;lias
Rimularia badioatra;gyrophoric acid;italic
Rimularia badioatra;gyrophoric acid, norstictic acid;lias
Rimularia caeca;unknown/unidentified compound(s);lias
Rimularia exigua;gyrophoric acid, norstictic acid;lias
Rimularia furvella;gyrophoric acid, norstictic acid, stictic acid;lias
Rimularia fuscosora;norstictic acid;lias
Rimularia gibbosa;gyrophoric acid;italic
Rimularia gibbosa;gyrophoric acid;lias
Rimularia globulispora;lobaric acid;lias
Rimularia globulosa;stictic acid;lias
Rimularia gyrizans;gyrophoric acid, norstictic acid, stictic acid;lias
Rimularia hensseniae;gyrophoric acid;lias
Rimularia hepaticola;porphyrilic acid;lias
Rimularia impavida;gyrophoric acid, norstictic acid, stictic acid;lias
Rimularia insularis;gyrophoric acid;lias
Rimularia intercedens;gyrophoric acid;lias
Rimularia limborina;gyrophoric acid;lias
Rimularia michoacanensis;unknown/unidentified compound(s);lias
Rimularia mullensis;norstictic acid;lias
Rimularia paradoxa;gyrophoric acid;lias
Rimularia psephota;norstictic acid;lias
Rimularia sphacelata;atranorin, gyrophoric acid, norstictic acid;lias
Rimularia subconcava;gyrophoric acid;lias
Rinodina aequatula;atranorin, protocetraric acid, usnic acid;lias
Rinodina alba;atranorin, chloroatranorin, gyrophoric acid;italic
Rinodina algarvensis;atranorin, chloroatranorin, cryptostictic acid, menegazziaic acid, norstictic acid, stictic acid, zeorin (hopane-6α,22-diol);lias
Rinodina anomala;atranorin, pannarin;italic
Rinodina anomala;atranorin, pannarin;lias
Rinodina archaea;zeorin (hopane-6α,22-diol);lias
Rinodina archaea;zeorin (hopane-6α,22-diol);lias
Rinodina arnoldii;zeorin;italic
Rinodina aspersa;atranorin;italic
Rinodina aspersa;5-o-methylhiascic acid, atranorin, gyrophoric acid, lecanoric acid, orsellinic acid, ovoic acid, umbilicaric acid;lias
Rinodina atrocinerea;atranorin, chloroatranorin;italic
Rinodina atrocinerea;5-o-methylhiascic acid, atranorin, gyrophoric acid, lecanoric acid, orsellinic acid, ovoic acid, umbilicaric acid;lias
Rinodina aurantiaca;atranorin, pannarin;lias
Rinodina austroleprosa;atranorin, chloroatranorin, zeorin (hopane-6α,22-diol);lias
Rinodina badiexcipula;isosphaeric acid, sphaerophorin;lias
Rinodina beccariana;atranorin, chloroatranorin, zeorin;italic
Rinodina beccariana;atranorin, chloroatranorin, zeorin;italic
Rinodina bolanderi;atranorin, zeorin (hopane-6α,22-diol);lias
Rinodina boulderensis;atranorin;lias
Rinodina buckii;pannarin, zeorin (hopane-6α,22-diol);lias
Rinodina budensis;atranorin, fumarprotocetraric acid, malonprotocetraric acid, protocetraric acid, usnic acid;lias
Rinodina bullata;atranorin;lias
Rinodina calcigena;zeorin (hopane-6α,22-diol);lias
Rinodina californiensis;atranorin;lias
Rinodina canariensis;atranorin, chloroatranorin, zeorin;italic
Rinodina capensis;atranorin, zeorin;italic
Rinodina capensis;atranorin, zeorin (hopane-6α,22-diol);lias
Rinodina capensis;atranorin, chloroatranorin, zeorin (hopane-6α,22-diol);lias
Rinodina castanomela;zeorin;italic
Rinodina castanomela;zeorin (hopane-6α,22-diol);lias
Rinodina chrysomelaena;atranorin, chloroatranorin, eumitrin y, secalonic acid a, secalonic acid w, unknown/unidentified secalonic acid derivate(s);lias
Rinodina cinnamomea;atranorin, skyrin, variolaric acid;italic
Rinodina citrinisidiata;thiomelin;lias
Rinodina coilocarpa;2-o-methylobtusatic acid, 4-o-demethylbarbatic acid, atranorin, barbatic acid, consalazinic acid, protocetraric acid, salazinic acid, usnic acid;lias
Rinodina colobina;unknown/unidentified fatty acid(s);lias
Rinodina colobinoides;unknown/unidentified pigment(s);lias
Rinodina confragosa;atranorin, chloroatranorin, zeorin;italic
Rinodina confragosa;atranorin, chloroatranorin, zeorin (hopane-6α,22-diol);lias
Rinodina dalmatica;pannarin, unknown/unidentified pigment(s);lias
Rinodina degeliana;atranorin, chloroatranorin, unknown/unidentified (tri-)terpenoid(s), (tri-)terpene(s), zeorin (hopane-6α,22-diol);lias
Rinodina efflorescens;pannarin, secalonic acid, zeorin;italic
Rinodina efflorescens;pannarin, secalonic acid a, unknown/unidentified pigment(s), zeorin (hopane-6α,22-diol);lias
Rinodina epimilvina;atranorin, zeorin;italic
Rinodina etayoi;atranorin, chloroatranorin, pannarin, stictic acid, zeorin (hopane-6α,22-diol);lias
Rinodina euskadiensis;atranorin;lias
Rinodina excrescens;pannarin;italic
Rinodina excrescens;atranorin, pannarin;lias
Rinodina exigua;atranorin;italic
Rinodina exigua;atranorin;lias
Rinodina flavosoralifera;arthothelin, thiophanic acid;lias
Rinodina fuscoisidiata;atranorin, unknown/unidentified (tri-)terpenoid(s), (tri-)terpene(s);lias
Rinodina granulans;pannarin;lias
Rinodina granuligera;atranorin, pannarin, zeorin (hopane-6α,22-diol);lias
Rinodina griseosoralifera;atranorin, zeorin;italic
Rinodina griseosoralifera;atranorin, unknown/unidentified (tri-)terpenoid(s), (tri-)terpene(s), zeorin (hopane-6α,22-diol);lias
Rinodina guianensis;unknown/unidentified pigment(s);lias
Rinodina gyrophorica;atranorin, gyrophoric acid, unknown/unidentified pigment(s);lias
Rinodina hallii;variolaric acid, zeorin (hopane-6α,22-diol);lias
Rinodina huillensis;5-o-methylhiascic acid, gyrophoric acid, lecanoric acid, orsellinic acid;lias
Rinodina insularis;caloploicin, dechlorodiploicin, diploicin, fulgidin, isofulgidin;lias
Rinodina intermedia;deoxylichesterinic acid, pannarin, skyrin;italic
Rinodina intermedia;deoxylichesterinic acid, graciliformin, pannarin, skyrin (rhodophyscin);lias
Rinodina interpolata;zeorin;italic
Rinodina interpolata;zeorin (hopane-6α,22-diol);lias
Rinodina isidioides;atranorin, zeorin;italic
Rinodina isidioides;atranorin, zeorin (hopane-6α,22-diol);lias
Rinodina lecanorina;zeorin;italic
Rinodina lecanorina;zeorin (hopane-6α,22-diol);lias
Rinodina lignicola;zeorin (hopane-6α,22-diol);lias
Rinodina luridata;zeorin;italic
Rinodina luridata;unknown/unidentified pigment(s), zeorin (hopane-6α,22-diol);lias
Rinodina luridescens;gyrophoric acid, zeorin;italic
Rinodina luridescens;gyrophoric acid, zeorin (hopane-6α,22-diol);lias
Rinodina macrospora;atranorin, zeorin (hopane-6α,22-diol);lias
Rinodina madeirensis;atranorin;lias
Rinodina marysvillensis;atranorin, pannarin;lias
Rinodina megistospora;atranorin;lias
Rinodina microplaca;atranorin, conechinocarpic acid, consalazinic acid, echinocarpic acid, salazinic acid, usnic acid;lias
Rinodina mniaroeiza;atranorin;italic
Rinodina moziana;atranorin;italic
Rinodina moziana;atranorin, chloroatranorin;lias
Rinodina murrayii;atranorin, pannarin;lias
Rinodina occulta;atranorin, chloroatranorin;italic
Rinodina occulta;atranorin, chloroatranorin;lias
Rinodina olivaceobrunnea;pannarin, zeorin;italic
Rinodina olivaceobrunnea;pannarin, zeorin (hopane-6α,22-diol);lias
Rinodina orculariopsis;gyrophoric acid, lecanoric acid, orsellinic acid, zeorin (hopane-6α,22-diol);lias
Rinodina orculata;zeorin (hopane-6α,22-diol);lias
Rinodina oxydata;atranorin;italic
Rinodina oxydata;atranorin, unknown/unidentified pigment(s);lias
Rinodina peloleuca;skyrin (rhodophyscin), unknown/unidentified (tri-)terpenoid(s), (tri-)terpene(s);lias
Rinodina perreagens;5,7-dichloro-2,8-dihydroxy-1,3-dimethylxanthone, 5,7-dichloro-8-hydroxy-2-methoxy-1,3-dimethylxanthone, dechloropannarin, pannarin, zeorin (hopane-6α,22-diol);lias
Rinodina pluriloculata;atranorin;lias
Rinodina pruinella;atranorin, pannarin;italic
Rinodina punctosorediata;atranorin;lias
Rinodina rinodinoides;zeorin;italic
Rinodina rinodinoides;zeorin (hopane-6α,22-diol);lias
Rinodina roboris;atranorin;italic
Rinodina roboris;atranorin;lias
Rinodina santorinensis;atranorin, chloroatranorin, pannarin;italic
Rinodina sheardii;atranorin, secalonic acid, zeorin;italic
Rinodina sheardii;unknown/unidentified compound(s), unknown/unidentified xanthone(s), zeorin (hopane-6α,22-diol);lias
Rinodina sicula;zeorin;italic
Rinodina stictica;atranorin, chloroatranorin, constictic acid, cryptostictic acid, norstictic acid, stictic acid, zeorin (hopane-6α,22-diol);lias
Rinodina subglaucescens;atranorin, chloroatranorin, zeorin (hopane-6α,22-diol);lias
Rinodina subpariata;atranorin, chloroatranorin, zeorin;italic
Rinodina substellulata;atranorin;lias
Rinodina tephraspis;zeorin;italic
Rinodina tephraspis;5-o-methylhiascic acid, lecanoric acid, zeorin (hopane-6α,22-diol);lias
Rinodina terricola;atranorin;lias
Rinodina thiomela;2-dechloro-8-o-methylthiomelin, 2-dechlorothiomelin, 4-dechloro-8-o-methylthiomelin, 4-dechlorothiomelin, 5,7-dichloro-8-hydroxy-2-methoxy-1,3-dimethylxanthone, 8-o-methylthiomelin, northiomelin, thiomelin, zeorin (hopane-6α,22-diol);lias
Rinodina trachytica;0-methylperlatolic acid, 0-methylsuperperlatolic acid, atranorin;italic
Rinodina trachytica;2'-o-methylhyperlatolic acid, 2'-o-methylisohyperlatolic acid, 2'-o-methylperlatolic acid, 2'-o-methylsuperlatolic acid, atranorin, confluentic acid, hyperconfluentic acid;lias
Rinodina trevisanii;zeorin;italic
Rinodina turfaceoides;sphaerophorin, unknown/unidentified compound(s), variolaric acid;lias
Rinodina verruciformis;atranorin, stictic acid, unknown/unidentified compound(s), zeorin (hopane-6α,22-diol);lias
Rinodina xanthomelana;2-dechloro-8-o-methylthiomelin, 2-dechlorothiomelin, 4-dechloro-8-o-methylthiomelin, 4-dechlorothiomelin, 5,7-dichloro-8-hydroxy-2-methoxy-1,3-dimethylxanthone, 8-o-methylthiomelin, northiomelin, thiomelin, zeorin (hopane-6α,22-diol);lias
Rinodinella fertilis;connorstictic acid, norstictic acid;lias
Rinodinella halophila;hyposalazinic acid, hypostictic acid;lias
Roccella decipiens;erythrin, lecanoric acid;lias
Roccella fuciformis;erythrin, lepraric acid, roccellic acid;lias
Roccella hertelii;erythrin, lecanoric acid;lias
Roccella peruensis;erythrin, lecanoric acid;lias
Roccella phycopsis;roccellic acid;italic
Roccella phycopsis;erythrin, lepraric acid, roccellic acid;lias
Roccellina franciscana;roccellic acid;lias
Roccellina jamesii;erythrin, lecanoric acid, unknown/unidentified compound(s);lias
Roccellina ochracea;erythrin, lecanoric acid, orsellinic acid, roccellic acid, schizopeltic acid;lias
Roccellinastrum flavescens;protocetraric acid, usnic acid, virensic acid;lias
Roccellinastrum lagarostrobi;protocetraric acid;lias
Roccellinastrum neglectum;protocetraric acid, squamatic acid;lias
Roccellographa circumscripta;o-demethylpsoromic acid, psoromic acid;italic
Roccellographa circumscripta;2'-o-demethylpsoromic acid, psoromic acid;lias
Rolfidium peltatum;atranorin, chloroatranorin;lias
Ropalospora atroumbrina;atranorin, lichesterinic acid;lias
Ropalospora chlorantha;parietin, perlatolic acid;lias
Ropalospora lugubris;atranorin, parietin;italic
Ropalospora lugubris;lichesterinic acid, parietin, usnic acid;lias
Ropalospora viridis;perlatolic acid;italic
Ropalospora viridis;hyperlatolic acid, isohyperlatolic acid, perlatolic acid, superlatolic acid;lias
Rusavskia elegans;emodin, fallacinal, parietin, teloschistin;italic
Rusavskia elegans;emodin, fallacinal, parietin, teloschistin;italic
Rusavskia granulifera;emodin, fallacinal, parietin, teloschistin;italic
Rusavskia sorediata;emodin, fallacinal, parietin, teloschistin;italic
Sagedia simoënsis;norstictic acid;italic
Sagenidiopsis isidiata;diploschistesic acid, lecanoric acid;lias
Sagenidiopsis merrotsii;protocetraric acid, unknown/unidentified compound(s), virensic acid;lias
Sagenidiopsis subconfluentica;arthoniaic acid, atranorin, confluentic acid, subconfluentic acid;lias
Santessonia lagunebergii;psoromic acid;lias
Santessonia namibensis;connorstictic acid, norstictic acid;lias
Santessonia sorediata;psoromic acid;lias
Sarcographa cinchonarum;protocetraric acid;lias
Sarcographa difformis;constictic acid, cryptostictic acid, hypostictic acid, stictic acid;lias
Sarcographa fenicis;constictic acid, cryptostictic acid, hypostictic acid, stictic acid;lias
Sarcographa heteroclita;constictic acid, cryptostictic acid, hypostictic acid, stictic acid;lias
Sarcographa hydrina;stictic acid;lias
Sarcographa labyrinthica;constictic acid, cryptostictic acid, hypostictic acid, stictic acid;lias
Sarcographa mitis;stictic acid;lias
Sarcographa oculata;stictic acid;lias
Sarcographa ramificans;stictic acid;lias
Sarcographa verrucosa;stictic acid;lias
Sarcographina cyclospora;2'-o-demethylpsoromic acid, conpsoromic acid, psoromic acid, subpsoromic acid;lias
Sarcogyne dakotensis;connorstictic acid, hyposalazinic acid, norstictic acid;lias
Sarcogyne desolata;norstictic acid;lias
Sarcogyne poeltii;psoromic acid;italic
Sarcogyne sekikaica;sekikaic acid;lias
Sarrameana albidoplumbea;atranorin;lias
Savoronala madagascariensis;unknown/unidentified compound(s), usnic acid, zeorin (hopane-6α,22-diol);lias
Schaereria brunnea;lichesterinic acid, protolichesterinic acid, unknown/unidentified fatty acid(s);lias
Schaereria bullata;unknown/unidentified compound(s);lias
Schaereria cinereorufa;gyrophoric acid;lias
Schaereria corticola;gyrophoric acid, lecanoric acid;italic
Schaereria dolodes;atranorin, unknown/unidentified compound(s);lias
Schaereria fuscocinerea;gyrophoric acid;italic
Schaereria fuscocinerea;gyrophoric acid, lecanoric acid;lias
Schaereria porpidioides;unknown/unidentified fatty acid(s);lias
Schismatomma ceylanicum;psoromic acid;lias
Schismatomma cretaceum;unknown/unidentified compound(s), unknown/unidentified fatty acid(s);lias
Schismatomma decolorans;unknown/unidentified fatty acid(s);lias
Schismatomma dilatata;atranorin, conechinocarpic acid, echinocarpic acid, gyrophoric acid, lecanoric acid, usnic acid;lias
Schismatomma graphidioides;roccellic acid;lias
Schismatomma multiferum;atranorin, conechinocarpic acid, diffractaic acid, echinocarpic acid, usnic acid;lias
Schismatomma niveum;2'-o-demethylpsoromic acid, psoromic acid, unknown/unidentified xanthone(s);lias
Schismatomma pinguis;atranorin, caperatic acid, norcaperatic acid, unknown/unidentified fatty acid(s), usnic acid;lias
Schismatomma pluriloculare;lecanoric acid;lias
Schismatomma quercicola;fumarprotocetraric acid, protocetraric acid, unknown/unidentified compound(s);lias
Schismatomma rediunta;roccellic acid;lias
Schismatomma spieri;erythrin, gyrophoric acid;lias
Schismatomma umbrinum;schizopeltic acid;italic
Schistophoron indicum;norstictic acid, stictic acid, unknown/unidentified pigment(s);lias
Schistoplaca alvearialis;atranorin, chloroatranorin, zeorin (hopane-6α,22-diol);lias
Schizodiscus afroalpinus;2'-o-methylperlatolic acid;lias
Schizopelte californica;3-o-methylpannaric acid, erythrin, isoschizopeltic acid, lecanoric acid, pannaric acid, pannaric acid 2-methyl ester, pannaric acid 6-methyl ester, schizopeltic acid;lias
Schizotrema guadeloupense;constictic acid, stictic acid, unknown/unidentified compound(s), α-acetylhypoconstictic acid;lias
Schizotrema quercicola;fumarprotocetraric acid, protocetraric acid;italic
Schizotrema schizolomum;salazinic acid;lias
Schizotrema zebrinum;conprotocetraric acid, constictic acid, fumarprotocetraric acid, hypoconstictic acid, hypostictic acid, protocetraric acid, stictic acid, virensic acid;lias
Sclerophora sanguinea;unknown/unidentified pigment(s);lias
Sclerophyton elegans;psoromic acid;lias
Sclerophyton indicum;psoromic acid;lias
Sclerophyton inscriptum;siphulellic acid;lias
Sclerophyton rostratum;2'-o-demethylpsoromic acid, psoromic acid;lias
Scoliciosporum arachnoideum;atranorin, unknown/unidentified compound(s);lias
Scoliciosporum coniectum;atranorin, gyrophoric acid;lias
Scoliciosporum pensylvanicum;lobaric acid, unknown/unidentified compound(s);lias
Scoliciosporum pruinosum;lobaric acid;italic
Scoliciosporum pruinosum;lobaric acid;lias
Scoliciosporum sarothamni;gyrophoric acid;italic
Scoliciosporum sarothamni;gyrophoric acid;lias
Sculptolumina japonica;7-chloroemodin, flavo-obscurin a, flavo-obscurin b1, flavo-obscurin b2, flavo-obscurin x, skyrin (rhodophyscin);lias
Seirophora contortuplicata;emodin, fallacinal, parietin, teloschistin;italic
Seirophora orientalis;emodin, erythroglaucin, fallacinal, parietin, parietinic acid, teloschistin;lias
Seirophora villosa;emodin, fallacinal, parietin, teloschistin;italic
Septotrapelia glauca;unknown/unidentified (tri-)terpenoid(s), (tri-)terpene(s), usnic acid;lias
Sigridea californica;psoromic acid, unknown/unidentified compound(s);lias
Siphula ceratites;siphulin;lias
Siphula flavovirens;caloploicin, usnic acid;lias
Siphula obtusata;atranorin, fumarprotocetraric acid, protocetraric acid, succinprotocetraric acid, usnic acid;lias
Siphulastrum granulatum;argopsin, unknown/unidentified (tri-)terpenoid(s), (tri-)terpene(s);lias
Siphulastrum mamillatum;argopsin, unknown/unidentified (tri-)terpenoid(s), (tri-)terpene(s);lias
Siphulastrum squamosum;argopsin, norargopsin, unknown/unidentified (tri-)terpenoid(s), (tri-)terpene(s);lias
Siphulella coralloidea;siphulellic acid, unknown/unidentified pigment(s);lias
Solenopsora candicans;pannarin, zeorin (hopane-6α,22-diol);lias
Solenopsora chihuahuana;pannarin, unknown/unidentified compound(s), zeorin (hopane-6α,22-diol);lias
Solenopsora cladonioides;pannarin, unknown/unidentified compound(s), zeorin (hopane-6α,22-diol);lias
Solenopsora crenata;pannarin, unknown/unidentified compound(s), zeorin (hopane-6α,22-diol);lias
Solenopsora cyathiformis;3-dechlorogangaleoidin, atranorin, chloroatranorin, chlorolecideoidin, gangaleoidin, norgangaleoidin (californin);lias
Solenopsora grisea;atranorin;italic
Solenopsora holophaea;atranorin, unknown/unidentified (tri-)terpenoid(s), (tri-)terpene(s);lias
Solenopsora liparina;pannarin, zeorin;italic
Solenopsora liparina;unknown/unidentified compound(s);lias
Solenopsora tasmanica;brialmontin 1, brialmontin 2;lias
Solenopsora vulturiensis;atranorin;italic
Solenopsora vulturiensis;atranorin, unknown/unidentified compound(s);lias
Solitaria chrysophthalma;emodin, fallacinal, parietin, teloschistin;italic
Solorina crocea;solorinic acid;lias
Sparria cerebriformis;erythrin, lecanoric acid;lias
Sparria endlicheri;lecanoric acid;italic
Sphaerophorus fragilis;hypothamnolic acid, sphaerophorin, squamatic acid;lias
Sphaerophorus globosus;hypothamnolic acid, sphaerophorin, squamatic acid, thamnolic acid;lias
Sphaerophorus tuckermanii;hypothamnolic acid, sphaerophorin, squamatic acid, thamnolic acid;lias
Sphaerophorus venerabilis;sphaerophorin, squamatic acid, thamnolic acid;lias
Spheconisca ebena;atranorin, gyrophoric acid, lecanoric acid, usnic acid;lias
Sporastatia polyspora;5-o-methylhiascic acid, gyrophoric acid;italic
Sporastatia polyspora;gyrophoric acid;lias
Sporastatia testudinea;5-o-methylhiascic acid, gyrophoric acid, lecanoric acid;italic
Sporastatia testudinea;gyrophoric acid;lias
Sporodophoron cretaceum;o-methylperlatolic acid;italic
Sporopodium aeruginascens;4,5-dichloronorlichexanthone, arthothelin, isousnic acid, thiophanic acid, usnic acid;lias
Sporopodium antonianum;4,5,7-trichloronorlichexanthone (asemone), argopsin, arthothelin, isoarthothelin, thiophanic acid, zeorin (hopane-6α,22-diol);lias
Sporopodium aurantiacum;4,5,7-trichloronorlichexanthone (asemone), arthothelin, isoarthothelin, thiophanic acid, zeorin (hopane-6α,22-diol);lias
Sporopodium awasthianum;unknown/unidentified compound(s), zeorin (hopane-6α,22-diol);lias
Sporopodium citrinum;4,5-dichloro-6-o-methylnorlichexanthone, 4,5-dichlorolichexanthone (coronatone), 4-chloro-6-o-methylnorlichexanthone, 4-chlorolichexanthone, 5-chlorolichexanthone, griseoxanthone b, vinetorin (5-chloro-3-o-methylnorlichexanthone), zeorin (hopane-6α,22-diol);lias
Sporopodium isidiatum;2,5-dichlorolichexanthone, 2,7-dichloro-6-o-methylnorlichexanthone, 2-chlorolichexanthone, 7-chloro-6-o-methylnorlichexanthone, pannarin, zeorin (hopane-6α,22-diol);lias
Sporopodium leprieurii;4,5,7-trichloronorlichexanthone (asemone), argopsin, arthothelin, isoarthothelin, thiophanic acid, zeorin (hopane-6α,22-diol);lias
Sporopodium lucidum;unknown/unidentified pigment(s);lias
Sporopodium marginatum;2,5,7-trichloro-3-o-methylnorlichexanthone, 5,7-dichloro-3-o-methylnorlichexanthone, isoarthothelin;lias
Sporopodium phyllocharis;2,5,7-trichloro-3-o-methylnorlichexanthone, 5,7-dichloro-3-o-methylnorlichexanthone, pannarin, zeorin (hopane-6α,22-diol);lias
Sporopodium pilocarpoides;atranorin, pannarin, zeorin (hopane-6α,22-diol);lias
Sporopodium xantholeucum;2,5,7-trichloro-3-o-methylnorlichexanthone, 2,5,7-trichlorolichexanthone, 2,7-dichlorolichexanthone, 4,5,7-trichloronorlichexanthone (asemone), 5,7-dichloro-3-o-methylnorlichexanthone, 5,7-dichlorolichexanthone, 5,7-dichloronorlichexanthone, arthothelin, isoarthothelin, pannarin, thiophanic acid, zeorin (hopane-6α,22-diol);lias
Squamarina calesensis;usnic;italic
Squamarina cartilaginea;usnic;italic
Squamarina cartilaginea;psoromic acid, usnic acid;lias
Squamarina clauzadei;usnic;italic
Squamarina concrescens;usnic;italic
Squamarina confusa;usnic;italic
Squamarina gypsacea;usnic;italic
Squamarina gypsacea;isousnic acid, psoromic acid, usnic acid;lias
Squamarina lamarckii;usnic;italic
Squamarina lentigera;usnic;italic
Squamarina lentigera;isousnic acid, psoromic acid, usnic acid;lias
Squamarina nivalis;usnic;italic
Squamarina paradoxa;usnic;italic
Squamarina periculosa;usnic;italic
Squamarina stella-petraea;usnic;italic
Squamarina subcetrarioides;usnic;italic
Squamella spumosa;stictic acid;lias
Squamulea subsoluta;emodin, fallacinal, parietin, teloschistin;italic
Stegobolus actinotus;conhypoprotocetraric acid, hypoprotocetraric acid;lias
Stegobolus anamorphus;2'-o-demethylpsoromic acid, psoromic acid, subpsoromic acid, unknown/unidentified compound(s);lias
Stegobolus auberianus;2'-o-demethylpsoromic acid, psoromic acid, subpsoromic acid, unknown/unidentified compound(s);lias
Stegobolus austroafricanus;2'-o-demethylpsoromic acid, psoromic acid, subpsoromic acid, unknown/unidentified compound(s);lias
Stegobolus berkeleyanus;2'-o-demethylpsoromic acid, psoromic acid, subpsoromic acid, unknown/unidentified compound(s);lias
Stegobolus carneopustulatus;norisonotatic acid, unknown/unidentified pigment(s);lias
Stegobolus croceoporus;unknown/unidentified compound(s);lias
Stegobolus emersus;2'-o-demethylpsoromic acid, psoromic acid, subpsoromic acid;lias
Stegobolus granulosus;2'-o-demethylpsoromic acid, psoromic acid, subpsoromic acid;lias
Stegobolus guianensis;psoromic acid, unknown/unidentified compound(s);lias
Stegobolus isidiiferus;psoromic acid;lias
Stegobolus metaphoricus;lichexanthone;lias
Stegobolus montagnei;testacein, unknown/unidentified compound(s);lias
Stegobolus polillensis;2'-o-demethylpsoromic acid, psoromic acid, subpsoromic acid;lias
Stegobolus pruinatus;protocetraric acid, unknown/unidentified compound(s);lias
Stegobolus radians;2'-o-demethylpsoromic acid, psoromic acid, subpsoromic acid;lias
Stegobolus ramificans;psoromic acid, subpsoromic acid, unknown/unidentified compound(s);lias
Stegobolus reconditus;unknown/unidentified compound(s);lias
Stegobolus schizostomus;2'-o-demethylpsoromic acid, psoromic acid, subpsoromic acid;lias
Stegobolus subemersus;unknown/unidentified compound(s);lias
Stegobolus tanzanicus;2'-o-demethylpsoromic acid, psoromic acid, subpsoromic acid;lias
Stegobolus wrightii;2'-o-demethylpsoromic acid, psoromic acid, subpsoromic acid, unknown/unidentified compound(s);lias
Stereocaulon alpinum;atranorin;italic
Stereocaulon alpinum;atranorin, lobaric acid;lias
Stereocaulon botryosum;atranorin;italic
Stereocaulon capitellatum;atranorin;italic
Stereocaulon condensatum;atranorin;italic
Stereocaulon condensatum;lobaric acid;lias
Stereocaulon coniophyllum;atranorin;italic
Stereocaulon cumulatum;atranorin, lobaric acid, unknown/unidentified (tri-)terpenoid(s), (tri-)terpene(s);lias
Stereocaulon dactylophyllum;atranorin;italic
Stereocaulon dactylophyllum;atranorin, norstictic acid, stictic acid;lias
Stereocaulon delisei;atranorin, norrangiformic acid, rangiformic acid;lias
Stereocaulon evolutum;atranorin;italic
Stereocaulon evolutum;lobaric acid;lias
Stereocaulon glareosum;atranorin;italic
Stereocaulon glareosum;atranorin, lobaric acid;lias
Stereocaulon grande;atranorin;italic
Stereocaulon granulans;atranorin, menegazziaic acid, norstictic acid, stictic acid;lias
Stereocaulon groenlandicum;anziaic acid, atranorin, miriquidic acid, perlatolic acid;italic
Stereocaulon incrustatum;atranorin;italic
Stereocaulon incrustatum;lobaric acid;lias
Stereocaulon klondikense;atranorin, lobaric acid;lias
Stereocaulon leucophaeopsis;lobaric acid;lias
Stereocaulon nanodes;atranorin;italic
Stereocaulon nanodes;lobaric acid;lias
Stereocaulon nivale;atranorin;lias
Stereocaulon paschale;atranorin, lobaric acid;lias
Stereocaulon pileatum;atranorin;italic
Stereocaulon pileatum;lobaric acid;lias
Stereocaulon plicatile;atranorin;italic
Stereocaulon plicatile;atranorin, stictic acid;lias
Stereocaulon rivulorum;atranorin;italic
Stereocaulon sasakii;atranorin, lobaric acid;lias
Stereocaulon saxatile;lobaric acid;lias
Stereocaulon spathuliferum;atranorin, stictic acid;lias
Stereocaulon symphycheilum;atranorin;italic
Stereocaulon symphycheilum;atranorin, lobaric acid;lias
Stereocaulon tomentosum;atranorin, stictic acid;italic
Stereocaulon tomentosum;atranorin, norstictic acid, stictic acid;lias
Stereocaulon tornense;atranorin;italic
Stereocaulon tornense;atranorin, stictic acid;lias
Stereocaulon vesuvianum;atranorin;italic
Stereocaulon vesuvianum;atranorin;italic
Stereocaulon vesuvianum;atranorin, norstictic acid, stictic acid;lias
Sticta fragilinata;2-chloroemodin, emodin, fragilin, parietin, unknown/unidentified (tri-)terpenoid(s), (tri-)terpene(s), unknown/unidentified anthraquinone(s);lias
Stirtonia alba;perlatolic acid;lias
Stirtonia alboverruca;2'-o-methylsuperphyllinic acid;lias
Stirtonia biseptata;conpsoromic acid, psoromic acid;lias
Stirtonia curvata;perlatolic acid;lias
Stirtonia indica;conpsoromic acid, psoromic acid;lias
Stirtonia macrocarpa;2'-o-methylperlatolic acid;lias
Stirtonia neotropica;gyrophoric acid;lias
Stirtonia psoromica;conpsoromic acid, psoromic acid;lias
Stirtonia ramosa;2'-o-methylnorsuperphyllinic acid, 4'-o-demethylsuperconfluentic acid;lias
Stirtonia schummii;perlatolic acid;lias
Stirtoniella kelica;calycin, protocetraric acid, pulvinic dilactone, subvirensic acid;lias
Straminella burgaziae;usnic;italic
Straminella conizaeoides;usnic;italic
Straminella densa;usnic;italic
Straminella printzenii;usnic;italic
Straminella varia;usnic;italic
Sulcaria badia;atranorin;lias
Sulcaria isidiifera;protocetraric acid, unknown/unidentified compound(s), virensic acid;lias
Sulcopyrenula cruciata;lichexanthone;lias
Synarthonia leproidica;psoromic acid;italic
Synarthonia ochracea;parietin;italic
Synarthothelium sipmanianum;2'-o-methylmicrophyllinic acid, 2'-o-methylperlatolic acid, confluentic acid;lias
Syncesia afromontana;protocetraric acid, roccellic acid;lias
Syncesia albiseda;protocetraric acid, roccellic acid;lias
Syncesia byssina;protocetraric acid, roccellic acid;lias
Syncesia decussans;protocetraric acid, unknown/unidentified compound(s);lias
Syncesia depressa;norstictic acid;lias
Syncesia flavescens;unknown/unidentified compound(s);lias
Syncesia hawaiiensis;atranorin, protocetraric acid, roccellic acid;lias
Syncesia indica;protocetraric acid, roccellic acid, unknown/unidentified compound(s);lias
Syncesia intercedens;atranorin, protocetraric acid, roccellic acid;lias
Syncesia leprobola;atranorin, gyrophoric acid, protocetraric acid, roccellic acid;lias
Syncesia madagascariensis;protocetraric acid, roccellic acid;lias
Syncesia mollis;atranorin, protocetraric acid, roccellic acid;lias
Syncesia myrticola;atranorin, norstictic acid, protocetraric acid, roccellic acid;lias
Syncesia psaroleuca;protocetraric acid, roccellic acid;lias
Syncesia rhizomorpha;protocetraric acid, schizopeltic acid;lias
Syncesia subintegra;erythrin, gyrophoric acid, protocetraric acid, unknown/unidentified compound(s);lias
Syncesia sulphurea;atranorin, protocetraric acid, unknown/unidentified compound(s);lias
Szczawinskia leucopoda;norstictic acid;lias
Tania lanosa;schizopeltic acid;lias
Tasmidella variabilis;arthothelin, thiophanic acid;lias
Tasmidella variabilis;atranorin, chloroatranorin;lias
Teloschistes capensis;unknown/unidentified anthraquinone(s);lias
Teloschistes chrysophthalmos;emodin, fallacinal, parietin, teloschistin;italic
Teloschistes chrysophthalmus;unknown/unidentified anthraquinone(s);lias
Teloschistes chrysophthalmus;parietin;lias
Teloschistes exilis;unknown/unidentified anthraquinone(s);lias
Teloschistes flavicans;emodin, fallacinal, parietin, parietinic acid, teloschistin;italic
Teloschistes flavicans;parietin, unknown/unidentified anthraquinone(s);lias
Tephromela aglaea;atranorin, bourgeanic acid, stictic acid, usnic acid;lias
Tephromela alectoronica;alectoronic acid, atranorin, physodic acid, α-collatolic acid;lias
Tephromela arafurensis;anziaic acid, atranorin, glomelliferic acid, perlatolic acid;lias
Tephromela armeniaca;5,7-dihydroxy-6-methylphthalide, alectorialic acid, alectorialin, barbatolic acid, protocetraric acid, roccellic acid;lias
Tephromela atra;atranorin;italic
Tephromela atra;atranorin;italic
Tephromela atra;atranorin;italic
Tephromela atra;alectoronic acid, atranorin, bourgeanic acid, α-collatolic acid;lias
Tephromela atrocaesia;4-o-methylphysodic acid, alectoronic acid, atranorin, physodic acid, unknown/unidentified compound(s), α-collatolic acid;lias
Tephromela atroviolacea;4-o-methylphysodic acid, alectoronic acid, atranorin, α-collatolic acid;lias
Tephromela brisbanensis;atranorin;lias
Tephromela bullata;4-o-methylphysodic acid, alectoronic acid, atranorin, dehydrocollatolic acid, physodic acid, α-collatolic acid;lias
Tephromela bunyana;4-o-methylphysodic acid, colensoic acid, norcolensoic acid, physodic acid;lias
Tephromela connivens;atranorin, fumarprotocetraric acid, pannaric acid, pannaric acid 6-methyl ester;lias
Tephromela disjuncta;alectoronic acid, atranorin, physodic acid;lias
Tephromela eatoni;atranorin, unknown/unidentified compound(s);lias
Tephromela erosa;4-o-methylphysodic acid, alectoronic acid, atranorin, α-collatolic acid;lias
Tephromela gigantea;alectoronic acid, atranorin, chloroatranorin, colensoic acid, α-collatolic acid;lias
Tephromela grumosa;atranorin, protolichesterinic acid;italic
Tephromela grumosa;protolichesterinic acid, α-collatolic acid;lias
Tephromela immersa;2'-o-methylphysodic acid, alectoronic acid, atranorin, physodic acid;lias
Tephromela isidiosa;atranorin;lias
Tephromela korundensis;atranorin;lias
Tephromela lillipillensis;alectoronic acid, atranorin, methyl alectoronate, physodic acid;lias
Tephromela lirellina;4-o-methylphysodic acid, alectoronic acid, atranorin, physodic acid, α-collatolic acid;lias
Tephromela nashii;alectoronic acid, atranorin, chloroatranorin, physodic acid, psoromic acid, α-collatolic acid;lias
Tephromela neobunyana;4-o-methylphysodic acid, atranorin, colensoic acid, norcolensoic acid, physodic acid;lias
Tephromela nothofagi;4-o-methylphysodic acid, alectoronic acid, atranorin, physodic acid, α-collatolic acid;lias
Tephromela olivetorica;atranorin, demethylmicrophyllinic acid, olivetoric acid;lias
Tephromela parasitica;atranorin;lias
Tephromela pertusarioides;atranorin;italic
Tephromela pertusarioides;alectoronic acid, α-collatolic acid;lias
Tephromela physodica;2'-o-methylphysodic acid, atranorin, norcolensoic acid, physodic acid;lias
Tephromela rimosula;atranorin, perlatolic acid;lias
Tephromela skottsbergii;4-o-methylphysodic acid, alectoronic acid, atranorin, physodic acid, α-collatolic acid;lias
Tephromela sorediata;alectoronic acid, atranorin;lias
Tephromela stenosporonica;atranorin, colensoic acid, divaronic acid, glomelliferonic acid, loxodellonic acid, stenosporic acid;lias
Tephromela superba;alectoronic acid, atranorin, physodic acid, α-collatolic acid;lias
Tephromela talayana;atranorin, norrangiformic acid, rangiformic acid, unknown/unidentified compound(s), usnic acid;lias
Tephromela territoriensis;atranorin, physodic acid;lias
Tetramelas chloroleucus;atranorin;italic
Tetramelas confusus;6-o-methylarthothelin, atranorin;lias
Tetramelas insignis;atranorin, gyrophoric acid;italic
Tetramelas papillatus;atranorin;italic
Texosporium sancti-jacobi;calycin;lias
Thalloloma anguinum;lichexanthone;lias
Thalloloma astroideum;isohypocrelline;lias
Thalloloma buriticum;isohypocrelline;lias
Thalloloma cinnabarinum;isohypocrelline;lias
Thalloloma haemographum;isohypocrelline;lias
Thalloloma halonatum;protocetraric acid;lias
Thalloloma hypoleptum;lichexanthone;lias
Thalloloma isidiosum;constictic acid, isohypocrelline, stictic acid;lias
Thalloloma janeirense;unknown/unidentified (tri-)terpenoid(s), (tri-)terpene(s), unknown/unidentified compound(s);lias
Thalloloma microsporum;isohypocrelline;lias
Thalloloma pontalense;stictic acid;lias
Thamnolia subuliformis;baeomycesic acid, squamatic acid;lias
Thamnolia vermicularis;thamnolic acid;italic
Thamnolia vermicularis;thamnolic acid;italic
Thamnolia vermicularis;thamnolic acid;lias
Thecaria montagnei;isohypocrelline;lias
Thelidium fontigenum;unknown/unidentified anthraquinone(s), unknown/unidentified pigment(s);lias
Thelocarpon coccosporum;pulvinic acid;lias
Thelocarpon epibolum;pulvinic acid;lias
Thelocarpon epibolum;pulvinic acid;lias
Thelocarpon impressulum;pulvinic acid;lias
Thelocarpon intermediellum;pulvinic acid;lias
Thelocarpon laureri;pulvinic acid;lias
Thelocarpon lichenicola;pulvinic acid;lias
Thelocarpon lichenicola;pulvinic acid;lias
Thelocarpon macchiae;pulvinic acid;italic
Thelocarpon olivaceum;pulvinic acid;lias
Thelocarpon opertum;pulvinic acid;lias
Thelocarpon pallidum;pulvinic acid;lias
Thelocarpon robustum;pulvinic acid;lias
Thelocarpon saxicola;pulvinic acid;lias
Thelocarpon sphaerosporum;pulvinic acid;lias
Thelocarpon superellum;pulvinic acid;lias
Thelomma californicum;3-chlorodivaricatic acid, skyrin (rhodophyscin), variolaric acid;lias
Thelomma mammosum;3-chlorodivaricatic acid, norstictic acid, salazinic acid;lias
Thelomma occidentale;epanorin, rhizocarpic acid, usnic acid;lias
Thelomma ocellatum;atranorin, epanorin, norstictic acid, rhizocarpic acid, usnic acid;lias
Thelomma santessonii;divaricatic acid, norstictic acid, salazinic acid;lias
Thelotrema albo-olivaceum;constictic acid, cryptostictic acid, stictic acid, α-acetylconstictic acid;lias
Thelotrema antoninii;constictic acid, cryptostictic acid, stictic acid, unknown/unidentified compound(s);lias
Thelotrema berkeleyanum;conpsoromic acid, psoromic acid;lias
Thelotrema bicavatum;connorstictic acid, norstictic acid;lias
Thelotrema bicinctulum;constictic acid, cryptostictic acid, hypostictic acid, stictic acid, α-acetylconstictic acid, α-acetylhypoconstictic acid;lias
Thelotrema canarense;norstictic acid;lias
Thelotrema capetribulense;constictic acid, cryptostictic acid, hypoconstictic acid, hypostictic acid, stictic acid;lias
Thelotrema crassisporum;constictic acid, stictic acid;lias
Thelotrema cryptotrema;psoromic acid;lias
Thelotrema cupulare;constictic acid, stictic acid, α-acetylconstictic acid;lias
Thelotrema cyphelloides;constictic acid, hypostictic acid, stictic acid;lias
Thelotrema eungellaense;connorstictic acid, norstictic acid;lias
Thelotrema euphorbiae;hypoconstictic acid, hyposalazinic acid, hypostictic acid, stictic acid, α-acetylhypoconstictic acid;lias
Thelotrema fissuratum;psoromic acid;lias
Thelotrema foveolare;2'-o-demethylpsoromic acid, psoromic acid;lias
Thelotrema gallowayanum;connorstictic acid, norstictic acid;lias
Thelotrema glaucopallens;consalazinic acid, constictic acid, stictic acid, α-acetylconstictic acid;lias
Thelotrema hians;salazinic acid, stictic acid;lias
Thelotrema hnatiukii;constictic acid, cryptostictic acid, norstictic acid, stictic acid;lias
Thelotrema hypoprotocetraricum;4-o-demethylnotatic acid, hypoprotocetraric acid;lias
Thelotrema isidioides;hypoconstictic acid, hypostictic acid, stictic acid;lias
Thelotrema isidiophorum;constictic acid, stictic acid;lias
Thelotrema lepadinum;unknown/unidentified pigment(s);lias
Thelotrema leucophthalmum;constictic acid, cryptostictic acid, hypostictic acid, stictic acid, α-acetylconstictic acid;lias
Thelotrema mongkolsukii;hyposalazinic acid, hypostictic acid;lias
Thelotrema myriocarpum;constictic acid, cryptostictic acid, hypostictic acid, stictic acid, α-acetylconstictic acid, α-acetylhypoconstictic acid;lias
Thelotrema nostalgicum;fumarprotocetraric acid, protocetraric acid;lias
Thelotrema occlusum;4-o-demethylnotatic acid, 4-o-methylhypoprotocetraric acid, hypoprotocetraric acid;lias
Thelotrema patwardhanii;connorstictic acid, norstictic acid;lias
Thelotrema porinaceum;connorstictic acid, norstictic acid;lias
Thelotrema porinoides;constictic acid, cryptostictic acid, hypoconstictic acid, hypostictic acid, stictic acid, α-acetylhypoconstictic acid;lias
Thelotrema pseudoschizostomum;constictic acid, stictic acid;lias
Thelotrema refertum;4-o-demethylnotatic acid, hypoprotocetraric acid;lias
Thelotrema saxicola;2'-o-demethylpsoromic acid, psoromic acid, subpsoromic acid;lias
Thelotrema subexpallescens;constictic acid, stictic acid, α-acetylconstictic acid;lias
Thelotrema subweberi;connorstictic acid, norstictic acid, unknown/unidentified compound(s);lias
Thelotrema thesaurum;constictic acid, cryptostictic acid, hypoconstictic acid, hypostictic acid, stictic acid, α-acetylconstictic acid;lias
Thelotrema triseptatum;hypoconstictic acid, stictic acid;lias
Thelotrema zimbabwense;constictic acid, cryptostictic acid, stictic acid;lias
Thysanothecium hookeri;4-o-demethylbarbatic acid, barbatic acid, usnic acid;lias
Thysanothecium hookeri;3-o-methylasemone, 5,7-dichloro-3-o-methylnorlichexanthone, usnic acid;lias
Thysanothecium scutellatum;divaricatic acid, nordivaricatic acid, stenosporonic acid, usnic acid;lias
Thysanothecium sorediatum;atranorin, divaricatic acid, gyrophoric acid, sekikaic acid, stenosporic acid, usnic acid;lias
Toensbergia leucococca;alectorialic acid;italic
Toninia alutacea;unknown/unidentified (tri-)terpenoid(s), (tri-)terpene(s);lias
Toninia bullata;unknown/unidentified (tri-)terpenoid(s), (tri-)terpene(s);lias
Toninia diffracta;unknown/unidentified (tri-)terpenoid(s), (tri-)terpene(s);lias
Toninia massata;unknown/unidentified (tri-)terpenoid(s), (tri-)terpene(s);lias
Toninia opuntioides;unknown/unidentified (tri-)terpenoid(s), (tri-)terpene(s);lias
Toninia physaroides;unknown/unidentified fatty acid(s);lias
Toninia physaroides;unknown/unidentified fatty acid(s);lias
Toninia squalescens;stictic acid;lias
Toninia subdiffracta;unknown/unidentified (tri-)terpenoid(s), (tri-)terpene(s);lias
Toninia thiospora;unknown/unidentified compound(s);lias
Toninia tristis;unknown/unidentified (tri-)terpenoid(s), (tri-)terpene(s), unknown/unidentified pigment(s);lias
Toninia tristis;unknown/unidentified (tri-)terpenoid(s), (tri-)terpene(s), unknown/unidentified pigment(s);lias
Toninia tristis;unknown/unidentified (tri-)terpenoid(s), (tri-)terpene(s);lias
Toninia tristis;unknown/unidentified (tri-)terpenoid(s), (tri-)terpene(s);lias
Toninia tristis;unknown/unidentified (tri-)terpenoid(s), (tri-)terpene(s);lias
Toninia tumidula;atranorin;lias
Toninia wetmorei;gyrophoric acid, unknown/unidentified (tri-)terpenoid(s), (tri-)terpene(s), usnic acid;lias
Topelia californica;unknown/unidentified pigment(s);lias
Topeliopsis athallina;constictic acid, stictic acid;lias
Topeliopsis azorica;cryptostictic acid, hyposalazinic acid, hypostictic acid, α-acetylconstictic acid;lias
Topeliopsis darlingtonii;consalazinic acid, constictic acid, stictic acid, α-acetylconstictic acid;lias
Topeliopsis elixii;hypoconstictic acid, hyposalazinic acid, hypostictic acid, α-acetylconstictic acid;lias
Topeliopsis guaiquinimae;constictic acid, stictic acid;lias
Topeliopsis kantvilasii;constictic acid, cryptostictic acid, stictic acid, α-acetylhypoconstictic acid;lias
Topeliopsis lomatiae;lecanoric acid;lias
Topeliopsis macrocarpa;cryptostictic acid, peristictic acid, stictic acid, substictic acid;lias
Topeliopsis novae-zelandiae;constictic acid, cryptostictic acid, stictic acid, α-acetylhypoconstictic acid;lias
Topeliopsis patagonica;stictic acid;lias
Topeliopsis rugosa;constictic acid, cryptostictic acid, stictic acid;lias
Topeliopsis tasmanica;constictic acid, cryptostictic acid, hypostictic acid, stictic acid, α-acetylhypoconstictic acid;lias
Trapelia coarctata;5-o-methylhiascic acid;italic
Trapelia coarctata;gyrophoric acid;lias
Trapelia collaris;5-o-methylhiascic acid, gyrophoric acid;italic
Trapelia corticola;gyrophoric acid;italic
Trapelia corticola;gyrophoric acid;lias
Trapelia geochroa;gyrophoric acid;lias
Trapelia glebulosa;5-o-methylhiascic acid, gyrophoric acid;italic
Trapelia herteliana;gyrophoric acid;lias
Trapelia involuta;5-o-methylhiascic acid, gyrophoric acid;italic
Trapelia involuta;gyrophoric acid;lias
Trapelia macrospora;gyrophoric acid;lias
Trapelia mooreana;gyrophoric acid;lias
Trapelia obtegens;5-o-methylhiascic acid, gyrophoric acid;italic
Trapelia placodioides;gyrophoric acid;italic
Trapelia placodioides;gyrophoric acid;lias
Trapelia rediviva;gyrophoric acid;lias
Trapeliopsis bisorediata;gyrophoric acid;lias
Trapeliopsis californica;lecanoric acid;lias
Trapeliopsis flexuosa;gyrophoric acid;italic
Trapeliopsis flexuosa;gyrophoric acid;lias
Trapeliopsis glaucolepidea;unknown/unidentified compound(s);lias
Trapeliopsis granulosa;gyrophoric acid;italic
Trapeliopsis granulosa;gyrophoric acid;lias
Trapeliopsis parilis;gyrophoric acid;lias
Trapeliopsis pseudogranulosa;gyrophoric acid;italic
Trapeliopsis pseudogranulosa;gyrophoric acid;lias
Trapeliopsis steppica;lecanoric acid;lias
Trapeliopsis viridescens;gyrophoric acid;italic
Trapeliopsis viridescens;gyrophoric acid;lias
Trapeliopsis wallrothii;gyrophoric acid;italic
Trapeliopsis wallrothii;gyrophoric acid;lias
Tremolecia atrata;stictic acid, unknown/unidentified compound(s);lias
Triclinum sorediatum;atranorin, divaricatic acid, protocetraric acid, zeorin (hopane-6α,22-diol);lias
Trypetheliopsis coccinea;unknown/unidentified anthraquinone(s);lias
Trypethelium aeneum;unknown/unidentified anthraquinone(s);lias
Trypethelium cartilagineum;unknown/unidentified anthraquinone(s);lias
Trypethelium eluteriae;unknown/unidentified anthraquinone(s);lias
Trypethelium galligenum;unknown/unidentified (tri-)terpenoid(s), (tri-)terpene(s), unknown/unidentified anthraquinone(s);lias
Trypethelium neogalbineum;lichexanthone, unknown/unidentified anthraquinone(s);lias
Trypethelium ochroleucum;lichexanthone;lias
Trypethelium platystomum;unknown/unidentified anthraquinone(s);lias
Trypethelium pupula;lichexanthone;lias
Trypethelium subcatervarium;unknown/unidentified anthraquinone(s);lias
Tuckermanella arizonica;lichesterinic acid, unknown/unidentified fatty acid(s);lias
Tuckermanella coralligera;lichesterinic acid, unknown/unidentified fatty acid(s);lias
Tuckermanella fendleri;lichesterinic acid, unknown/unidentified fatty acid(s);lias
Tuckermanella pseudoweberi;caperatic acid, unknown/unidentified compound(s);lias
Tuckermanella subfendleri;caperatic acid;lias
Tuckermanella weberi;olivetoric acid, physodic acid;lias
Tuckermannopsis americana;alectoronic acid, atranorin;lias
Tuckermannopsis chlorophylla;protolichesterinic acid;lias
Tuckermannopsis ciliaris;olivetoric acid;lias
Tuckermannopsis orbata;protolichesterinic acid;lias
Tuckermannopsis platyphylla;lichesterinic acid, protolichesterinic acid, unknown/unidentified fatty acid(s);lias
Tuckermannopsis subalpina;lichesterinic acid, protolichesterinic acid;lias
Tuckermannopsis ulophylloides;protolichesterinic acid;lias
Tuckneraria ahtii;lichesterinic acid, usnic acid;lias
Tuckneraria sikkimensis;lichesterinic acid, usnic acid;lias
Tuckneraria togashii;lichesterinic acid, protolichesterinic acid, usnic acid;lias
Tylophoron crassiusculum;lecanoric acid;lias
Tylophoron galapagoense;lecanoric acid, unknown/unidentified pigment(s);lias
Tylophoron moderatum;2'-o-methylperlatolic acid, lecanoric acid;lias
Tylophoron protrudens;lecanoric acid, lichexanthone, unknown/unidentified pigment(s);lias
Tylophoron stalactiticum;gyrophoric acid, roccellic acid, unknown/unidentified compound(s);lias
Tylothallia biformigera;2-o-methylperlatolic acid, atranorin, fumarprotocetraric acid, norstictic acid, unknown/unidentified compound(s);lias
Tylothallia pahiensis;atranorin, gangaleoidin, lecideoidin;lias
Umbilicaria africana;gyrophoric acid;lias
Umbilicaria americana;2,4,5-tri-o-methylhiascic acid, gyrophoric acid, ovoic acid;lias
Umbilicaria angulata;gyrophoric acid, hiascic acid, lecanoric acid, umbilicaric acid;lias
Umbilicaria aprina;gyrophoric acid;lias
Umbilicaria arctica;gyrophoric acid, norstictic acid;lias
Umbilicaria cinereorufescens;gyrophoric acid;lias
Umbilicaria crustulosa;gyrophoric acid;lias
Umbilicaria cylindrica;norstictic acid;lias
Umbilicaria decussata;gyrophoric acid;lias
Umbilicaria dendrophora;norstictic acid;lias
Umbilicaria deusta;gyrophoric acid, umbilicaric acid;lias
Umbilicaria grisea;gyrophoric acid, lecanoric acid, umbilicaric acid;lias
Umbilicaria havaasii;gyrophoric acid;lias
Umbilicaria hirsuta;gyrophoric acid;lias
Umbilicaria hyperborea;gyrophoric acid, umbilicaric acid;lias
Umbilicaria iberica;gyrophoric acid, umbilicaric acid;lias
Umbilicaria isidiosa;gyrophoric acid;lias
Umbilicaria krascheninnikovii;atranorin, gyrophoric acid, lecanoric acid;lias
Umbilicaria leiocarpa;norstictic acid;lias
Umbilicaria magnussonii;gyrophoric acid;lias
Umbilicaria mammulata;gyrophoric acid;lias
Umbilicaria meizospora;gyrophoric acid;italic
Umbilicaria muehlenbergii;gyrophoric acid;lias
Umbilicaria murihikuana;gyrophoric acid, norstictic acid;lias
Umbilicaria nylanderiana;gyrophoric acid;lias
Umbilicaria phaea;gyrophoric acid, lecanoric acid, umbilicaric acid;lias
Umbilicaria polyphylla;gyrophoric acid, umbilicaric acid;lias
Umbilicaria polyrrhiza;gyrophoric acid, umbilicaric acid;lias
Umbilicaria proboscidea;gyrophoric acid, norstictic acid;lias
Umbilicaria rigida;norstictic acid;lias
Umbilicaria soralifera;gyrophoric acid;lias
Umbilicaria spodochroa;gyrophoric acid;lias
Umbilicaria subglabra;gyrophoric acid;lias
Umbilicaria torrefacta;gyrophoric acid, stictic acid, umbilicaric acid;lias
Umbilicaria vellea;gyrophoric acid, umbilicaric acid;lias
Umbilicaria virginis;gyrophoric acid, norstictic acid, stictic acid;lias
Usnea alboverrucata;conpsoromic acid, galbinic acid, norstictic acid, protocetraric acid, psoromic acid, salazinic acid, scabrosin(s) – unspecified, stictic acid, usnic acid;lias
Usnea amblyoclada;fumarprotocetraric acid, galbinic acid, norstictic acid, protocetraric acid, salazinic acid, usnic acid;lias
Usnea ammannii;salazinic acid, usnic acid;lias
Usnea angulata;caperatic acid, connorstictic acid, consalazinic acid, fumarprotocetraric acid, norstictic acid, protocetraric acid, salazinic acid, usnic acid;lias
Usnea antiqua;psoromic acid, unknown/unidentified pigment(s), usnic acid;lias
Usnea arizonica;salazinic acid, usnic acid;lias
Usnea articulata;usnic;italic
Usnea articulata;conprotocetraric acid, fumarprotocetraric acid, protocetraric acid, succinprotocetraric acid, usnic acid;lias
Usnea austrocampestris;norstictic acid, salazinic acid, usnic acid;lias
Usnea baileyi;eumitrin a1, eumitrin b, secalonic acid a, usnic acid;lias
Usnea baileyi;connorstictic acid, eumitrin a1, eumitrin a2, eumitrin b, galbinic acid, hyposalazinic acid, norstictic acid, salazinic acid, secalonic acid a, usnic acid, zeorin (hopane-6α,22-diol);lias
Usnea bicolorata;alectorialic acid, barbatic acid, galbinic acid, norstictic acid, protocetraric acid, salazinic acid, usnic acid;lias
Usnea bicolorata;connorstictic acid, consalazinic acid, galbinic acid, norstictic acid, salazinic acid, usnic acid;lias
Usnea bismolliuscula;constictic acid, cryptostictic acid, diffractaic acid, menegazziaic acid, norstictic acid, protocetraric acid, salazinic acid, scabrosin 4,4'-diacetate, scabrosin 4,4'-dibutanoate (4,4'-dibutyrate), scabrosin 4-acetate-4'-butanoate (4-acetate-4'-butyrate), scabrosin 4-acetate-4'-hexanoate, usnic acid;lias
Usnea brasiliensis;protocetraric acid, psoromic acid, usnic acid;lias
Usnea cavernosa;salazinic acid, usnic acid;lias
Usnea cedrosiana;diffractaic acid, norstictic acid, usnic acid;lias
Usnea ceratina;usnic;italic
Usnea ceratina;2-o-methylsquamatic acid, 3-hydroxybarbatic acid, 4-o-demethylbarbatic acid, baeomycesic acid, barbatic acid, diffractaic acid, obtusatic acid, secalonic acid(s) – unspecified, squamatic acid, unknown/unidentified fatty acid(s), unknown/unidentified pigment(s), usnic acid;lias
Usnea chaetophora;salazinic acid, usnic acid;lias
Usnea cirrosa;norstictic acid, salazinic acid, usnic acid;lias
Usnea cornuta;consalazinic acid, constictic acid, diffractaic acid, fumarprotocetraric acid, galbinic acid, lobaric acid, norstictic acid, protocetraric acid, salazinic acid, usnic acid;lias
Usnea cristatula;barbatic acid, diffractaic acid, squamatic acid, unknown/unidentified fatty acid(s), usnic acid;lias
Usnea dasaea;usnic;italic
Usnea dasaea;2'-o-demethylpsoromic acid, connorstictic acid, decarboxythamnolic acid, fumarprotocetraric acid, galbinic acid, norstictic acid, psoromic acid, salazinic acid, scabrosin(s) – unspecified, stictic acid, thamnolic acid, usnic acid;lias
Usnea dasopoga;usnic;italic
Usnea densirostra;fumarprotocetraric acid, protocetraric acid, salazinic acid, usnic acid;lias
Usnea diplotypus;4-o-demethylbarbatic acid, alectoronic acid, caperatic acid, lobaric acid, salazinic acid, usnic acid;lias
Usnea durietzii;norstictic acid, salazinic acid, usnic acid;lias
Usnea effusa;constictic acid, cryptostictic acid, menegazziaic acid, norstictic acid, stictic acid, usnic acid;lias
Usnea eizanensis;eumitrin a1, squamatic acid, thamnolic acid, usnic acid;lias
Usnea elata;2-o-methylobtusatic acid, 3α-hydroxybarbatic acid, 4-o-demethylbarbatic acid, baeomycesic acid, diffractaic acid, usnic acid;lias
Usnea elixii;conprotocetraric acid, protocetraric acid, usnic acid;lias
Usnea erinacea;norstictic acid, protocetraric acid, salazinic acid, usnic acid;lias
Usnea esperantiana;usnic;italic
Usnea esperantiana;bourgeanic acid, constictic acid, salazinic acid, usnic acid;lias
Usnea exigua;protocetraric acid, unknown/unidentified compound(s), usnic acid;lias
Usnea fastuosa;fumarprotocetraric acid, norstictic acid, protocetraric acid, salazinic acid, unknown/unidentified compound(s);lias
Usnea filipendula;salazinic acid, usnic acid;lias
Usnea firma;protocetraric acid, usnic acid;lias
Usnea flammea;usnic;italic
Usnea flammea;constictic acid, lobaric acid, menegazziaic acid, norstictic acid, usnic acid;lias
Usnea flavocardia;norstictic acid, unknown/unidentified fatty acid(s), usnic acid;lias
Usnea florida;alectorialic acid, bourgeanic acid, diffractaic acid, squamatic acid, thamnolic acid, usnic acid;lias
Usnea fragilescens;usnic;italic
Usnea fragilescens;constictic acid, cryptostictic acid, menegazziaic acid, norstictic acid, stictic acid, usnic acid;lias
Usnea fragilescens;2'-o-demethylpsoromic acid, atranorin, constictic acid, cryptostictic acid, menegazziaic acid, norstictic acid, psoromic acid, salazinic acid, squamatic acid, stictic acid, usnic acid;lias
Usnea fulvoreagens;diffractaic acid, norstictic acid, stictic acid, usnic acid;lias
Usnea galapagona;unknown/unidentified compound(s), usnic acid;lias
Usnea geissleriana;constictic acid, cryptostictic acid, menegazziaic acid, norstictic acid, protocetraric acid, salazinic acid, stictic acid, usnic acid;lias
Usnea glabrata;usnic, usnic acid;italic
Usnea glabrata;4-o-demethylbarbatic acid, barbatic acid, confumarprotocetraric acid, convirensic acid, fumarprotocetraric acid, protocetraric acid, usnic acid;lias
Usnea glabrescens;norstictic acid, psoromic acid, salazinic acid, stictic acid, usnic acid;lias
Usnea gonioides;caperatic acid, salazinic acid, usnic acid;lias
Usnea halei;norstictic acid, protocetraric acid, salazinic acid, usnic acid;lias
Usnea hesperina;protocetraric acid, stictic acid, unknown/unidentified compound(s), usnic acid;lias
Usnea hieronymii;diffractaic acid, protocetraric acid, usnic acid;lias
Usnea himantodes;connorstictic acid, constictic acid, cryptostictic acid, menegazziaic acid, norstictic acid, stictic acid, unknown/unidentified pigment(s), usnic acid;lias
Usnea hirta;usnic;italic
Usnea hirta;diffractaic acid, norstictic acid, unknown/unidentified fatty acid(s), usnic acid;lias
Usnea horrida;unknown/unidentified fatty acid(s), usnic acid;lias
Usnea hossei;constictic acid, cryptostictic acid, menegazziaic acid, norstictic acid, stictic acid, usnic acid;lias
Usnea hossei;conprotocetraric acid, protocetraric acid, usnic acid;lias
Usnea hossei;barbatic acid, consalazinic acid, norstictic acid, protocetraric acid, salazinic acid, usnic acid;lias
Usnea inermis;2'-o-demethylpsoromic acid, conpsoromic acid, diffractaic acid, psoromic acid, squamatic acid, usnic acid;lias
Usnea intermedia;salazinic acid, usnic acid;lias
Usnea jamaicensis;usnic acid;lias
Usnea krogiana;constictic acid, cryptostictic acid, menegazziaic acid, norstictic acid, usnic acid;lias
Usnea lapponica;2'-o-demethylpsoromic acid, 4-o-demethylbarbatic acid, barbatic acid, protocetraric acid, psoromic acid, salazinic acid, usnic acid;lias
Usnea longissima;usnic;italic
Usnea longissima;4-o-demethylbarbatic acid, atranorin, barbatic acid, diffractaic acid, evernic acid, fumarprotocetraric acid, salazinic acid, usnic acid;lias
Usnea lutii;norstictic acid, protocetraric acid, usnic acid;lias
Usnea macaronesica;barbatic acid, constictic acid, cryptostictic acid, menegazziaic acid, norstictic acid, stictic acid, usnic acid;lias
Usnea maculata;protocetraric acid, usnic acid, virensic acid;lias
Usnea madeirensis;4-o-demethylbarbatic acid, barbatic acid, constictic acid, protocetraric acid, salazinic acid, usnic acid;lias
Usnea malmei;usnic acid;lias
Usnea mekista;malonprotocetraric acid, protocetraric acid, unknown/unidentified pigment(s), usnic acid;lias
Usnea merrillii;usnic acid;lias
Usnea mexicana;constictic acid, diffractaic acid, protocetraric acid, salazinic acid, usnic acid;lias
Usnea misaminensis;constictic acid, cryptostictic acid, menegazziaic acid, norstictic acid, stictic acid, usnic acid;lias
Usnea molliuscula;consalazinic acid, galbinic acid, norstictic acid, protocetraric acid, salazinic acid, scabrosin(s) – unspecified, usnic acid;lias
Usnea molliuscula;consalazinic acid, galbinic acid, norstictic acid, salazinic acid, usnic acid;lias
Usnea mutabilis;usnic;italic
Usnea mutabilis;usnic acid;lias
Usnea nashii;protocetraric acid, usnic acid;lias
Usnea nidifica;barbatic acid, connorstictic acid, conpsoromic acid, consalazinic acid, diffractaic acid, norstictic acid, protocetraric acid, psoromic acid, salazinic acid, scabrosin(s) – unspecified, usnic acid;lias
Usnea nidulans;2'-o-demethylpsoromic acid, protocetraric acid, psoromic acid, salazinic acid, stictic acid, usnic acid;lias
Usnea nidulifera;psoromic acid, stictic acid, unknown/unidentified fatty acid(s), usnic acid;lias
Usnea oncodeoides;salazinic acid, unknown/unidentified compound(s), usnic acid;lias
Usnea oncodes;galbinic acid, norstictic acid, salazinic acid, unknown/unidentified fatty acid(s), usnic acid;lias
Usnea pacificana;4-o-demethylbarbatic acid, baeomycesic acid, barbatic acid, squamatic acid, usnic acid;lias
Usnea pallidocarpa;hypostrepsilic acid;lias
Usnea papillata;usnic acid;lias
Usnea parvula;unknown/unidentified fatty acid(s), usnic acid;lias
Usnea pectinata;constictic acid, cryptostictic acid, menegazziaic acid, norstictic acid, stictic acid, usnic acid;lias
Usnea pensylvanica;stictic acid, usnic acid;lias
Usnea perplexans;constictic acid, galbinic acid, salazinic acid, usnic acid;lias
Usnea praetervisa;usnic;italic
Usnea praetervisa;norstictic acid, usnic acid;lias
Usnea pulvinata;salazinic acid, scabrosin(s) – unspecified, usnic acid;lias
Usnea punctulata;norstictic acid, protocetraric acid, salazinic acid, scabrosin 4,4'-diacetate, scabrosin 4,4'-dibutanoate (4,4'-dibutyrate), scabrosin 4-acetate-4'-butanoate (4-acetate-4'-butyrate), scabrosin 4-acetate-4'-hexanoate, unknown/unidentified fatty acid(s), usnic acid;lias
Usnea pycnoclada;barbatic acid, conpsoromic acid, norstictic acid, protocetraric acid, psoromic acid, stictic acid, usnic acid;lias
Usnea ramillosa;usnic acid;lias
Usnea ramulosissima;norstictic acid, protocetraric acid, salazinic acid, usnic acid;lias
Usnea rigida;protocetraric acid, salazinic acid, usnic acid;lias
Usnea roseola;2-o-methylsquamatic acid, 3α-hydroxybarbatic acid, 4-o-demethylbarbatic acid, barbatic acid, diffractaic acid, obtusatic acid, secalonic acid(s) – unspecified, unknown/unidentified pigment(s);lias
Usnea rubicunda;2'-o-demethylpsoromic acid, constictic acid, cryptostictic acid, gyrophoric acid, menegazziaic acid, norstictic acid, protocetraric acid, psoromic acid, salazinic acid, stictic acid, usnic acid;lias
Usnea rubrotincta;connorstictic acid, consalazinic acid, galbinic acid, norstictic acid, protocetraric acid, salazinic acid, usnic acid;lias
Usnea sanctaeritae;usnic acid;lias
Usnea sanguinea;galbinic acid, norstictic acid, salazinic acid, usnic acid;lias
Usnea saxidilatata;norstictic acid, usnic acid;lias
Usnea scabrata;salazinic acid, usnic acid;lias
Usnea scabrida;norstictic acid, salazinic acid, scabrosin(s) – unspecified, usnic acid;lias
Usnea scabrida;salazinic acid, scabrosin(s) – unspecified, usnic acid;lias
Usnea scabrida;norstictic acid, scabrosin(s) – unspecified, usnic acid;lias
Usnea schadenbergiana;lobaric acid, protocetraric acid, usnic acid;lias
Usnea silesiaca;usnic;italic
Usnea strigosa;diffractaic acid, usnic acid;lias
Usnea subalpina;barbatic acid, psoromic acid, squamatic acid, usnic acid;lias
Usnea subcornuta;usnic;italic
Usnea subeciliata;caperatic acid, consalazinic acid, galbinic acid, norstictic acid, salazinic acid, unknown/unidentified fatty acid(s), usnic acid;lias
Usnea subflammea;constictic acid, cryptostictic acid, menegazziaic acid, norstictic acid, stictic acid, usnic acid;lias
Usnea subfloridana;protocetraric acid, salazinic acid, usnic acid;lias
Usnea subfloridana;4-o-demethylbarbatic acid, alectorialic acid, baeomycesic acid, barbatic acid, squamatic acid, thamnolic acid, usnic acid;lias
Usnea subscabrosa;fumarprotocetraric acid, protocetraric acid, squamatic acid, thamnolic acid, usnic acid;lias
Usnea substerilis;4-o-demethylbarbatic acid, barbatic acid, salazinic acid, unknown/unidentified (tri-)terpenoid(s), (tri-)terpene(s), usnic acid;lias
Usnea torulosa;2'-o-demethylpsoromic acid, conpsoromic acid, consquamatic acid, diffractaic acid, psoromic acid, squamatic acid, usnic acid;lias
Usnea torulosa;4-o-demethylbarbatic acid, barbatic acid, squamatic acid, usnic acid;lias
Usnea transitoria;caperatic acid, salazinic acid, usnic acid;lias
Usnea trichodea;constictic acid, diffractaic acid, evernic acid, salazinic acid, usnic acid;lias
Usnea trichodeoides;conprotocetraric acid, consalazinic acid, constictic acid, malonprotocetraric acid, norstictic acid, protocetraric acid, salazinic acid, unknown/unidentified compound(s), usnic acid, virensic acid;lias
Usnea vitrea;usnic acid;lias
Usnea wasmuthii;4-o-demethylbarbatic acid, atranorin, barbatic acid, consalazinic acid, protoconstipatic acid, salazinic acid, usnic acid;lias
Usnea wirthii;2'-o-demethylpsoromic acid, norstictic acid, psoromic acid, stictic acid, unknown/unidentified compound(s), usnic acid;lias
Usnea xanthopoga;confumarprotocetraric acid, conprotocetraric acid, hypoprotocetraric acid, lobaric acid, malonprotocetraric acid, physodalic acid, protocetraric acid, succinprotocetraric acid, usnic acid;lias
Usnocetraria oakesiana;caperatic acid, lichesterinic acid, protolichesterinic acid, usnic acid;lias
Usnochroma carphineum;emodin, parietin, usnic, usnic acid;italic
Vainionora aemulans;2,4-dichloronorlichexanthone, 3-o-methylthiophanic acid, 4,5-dichloronorlichexanthone, arthothelin, atranorin, chloroatranorin, thuringione;lias
Vainionora americana;2,4-dichlorolichexanthone, 4,5-dichloronorlichexanthone, 6-o-methylarthothelin, arthothelin, atranorin, chloroatranorin;lias
Vainionora pallidostraminea;3-o-methylthiophanic acid, 4,5-dichloronorlichexanthone, arthothelin, atranorin, chloroatranorin, thuringione;lias
Vainionora stramineopallens;arthothelin, atranorin, chloroatranorin, thuringione, unknown/unidentified xanthone(s);lias
Varicellaria hemisphaerica;lecanoric acid;italic
Varicellaria lactea;lecanoric acid;italic
Varicellaria lactea;lecanoric acid, variolaric acid;lias
Varicellaria rhodocarpa;lecanoric acid;italic
Varicellaria velata;lecanoric acid;italic
Variospora aegaea;emodin, fallacinal, parietin, teloschistin;italic
Variospora aurantia;emodin, fallacinal, parietin, teloschistin;italic
Variospora australis;emodin, fallacinal, parietin, teloschistin;italic
Variospora dalmatica;emodin, fallacinal, parietin, teloschistin;italic
Variospora dolomiticola;emodin, fallacinal, parietin, teloschistin;italic
Variospora epierodens;emodin, fallacinal, parietin, teloschistin;italic
Variospora flavescens;emodin, fallacinal, parietin, teloschistin;italic
Variospora glomerata;emodin, fallacinal, parietin, teloschistin;italic
Variospora latzelii;emodin, fallacinal, parietin, teloschistin;italic
Variospora macrocarpa;emodin, fallacinal, parietin, teloschistin;italic
Variospora paulii;emodin, fallacinal, parietin, teloschistin;italic
Variospora placidia;emodin, fallacinal, parietin, teloschistin;italic
Variospora schaereri;emodin, fallacinal, parietin, teloschistin;italic
Variospora thallincola;emodin, fallacinal, parietin, teloschistin;italic
Variospora velana;emodin, fallacinal, parietin, teloschistin;italic
Verrucaria nibulosa;atranorin, protocetraric acid, roccellic acid;lias
Verrucaria payiantii;protocetraric acid, roccellic acid;lias
Verrucaria subnaeviformis;atranorin, protocetraric acid, roccellic acid;lias
Verrucaria terrenum;atranorin, erythrin, lecanoric acid, protocetraric acid, roccellic acid;lias
Verseghya thysanophora;atranorin, usnic, usnic acid, zeorin;italic
Villophora microphyllina;emodin, fallacinal, parietin, teloschistin;italic
Violella fucata;atranorin, chloroatranorin, fumarprotocetraric acid;italic
Violella wangii;angardianic acid, atranorin, roccellic acid;lias
Vulpicida canadensis;pinastric acid, unknown/unidentified fatty acid(s), usnic acid, vulpinic acid;lias
Vulpicida juniperinus;pinastric acid, usnic acid, vulpinic acid;lias
Vulpicida pinastri;pinastric acid, unknown/unidentified compound(s), usnic acid, vulpinic acid, zeorin (hopane-6α,22-diol);lias
Vulpicida tubulosus;pinastric acid, usnic acid, vulpinic acid;lias
Vulpicida viridis;pinastric acid, unknown/unidentified (tri-)terpenoid(s), (tri-)terpene(s), usnic acid, vulpinic acid;lias
Wadeana dendrographa;unknown/unidentified xanthone(s);lias
Waynea giraltiae;argopsin;italic
Waynea giraltiae;argopsin;lias
Wirthiotrema santessonii;consalazinic acid, constictic acid, stictic acid, α-acetylconstictic acid;lias
Wirthiotrema trypaneoides;constictic acid, cryptostictic acid, hypoconstictic acid, hypostictic acid, stictic acid;lias
Xalocoa ocellata;norstictic acid;italic
Xanthoanaptychia kotovii;parietin, teloschistin;lias
Xanthocarpia aquensis;emodin, fallacinal, parietin, teloschistin;italic
Xanthocarpia crenulatella;emodin, fallacinal, parietin, teloschistin;italic
Xanthocarpia diffusa;emodin, fallacinal, parietin, teloschistin;italic
Xanthocarpia ferrarii;emodin, fallacinal, parietin, teloschistin;italic
Xanthocarpia fulva;emodin, fallacinal, parietin, teloschistin;italic
Xanthocarpia interfulgens;emodin, fallacinal, parietin, teloschistin;italic
Xanthocarpia lactea;emodin, fallacinal, parietin, teloschistin;italic
Xanthocarpia lacteoides;emodin, fallacinal, parietin, teloschistin;italic
Xanthocarpia ochracea;emodin, fallacinal, parietin, teloschistin;italic
Xanthocarpia tominii;emodin, fallacinal, parietin, teloschistin;italic
Xanthodactylon inflatum;parietin, unknown/unidentified anthraquinone(s);lias
Xanthomaculina convoluta;constictic acid, cryptostictic acid, norstictic acid, stictic acid, usnic acid;lias
Xanthomaculina frondosa;stictic acid, usnic acid;lias
Xanthomaculina hottentotta;connorstictic acid, norstictic acid, stictic acid, usnic acid;lias
Xanthomendoza aphrodites;emodin, fallacinal, parietin, teloschistin;italic
Xanthomendoza aphrodites;parietin, unknown/unidentified anthraquinone(s);lias
Xanthomendoza borealis;emodin, fallacinal, parietin, parietinic acid, teloschistin;lias
Xanthomendoza fallax;emodin, fallacinal, parietin, teloschistin;italic
Xanthomendoza fallax;emodin, fallacinal, parietin, parietinic acid, teloschistin, unknown/unidentified anthraquinone(s);lias
Xanthomendoza fulva;emodin, fallacinal, parietin, teloschistin;italic
Xanthomendoza galericulata;emodin, fallacinal, parietin, parietinic acid, teloschistin;lias
Xanthomendoza hasseana;emodin, fallacinal, parietin, parietinic acid, teloschistin;lias
Xanthomendoza mendozae;emodin, fallacinal, parietin, parietinic acid, teloschistin;lias
Xanthomendoza montana;emodin, fallacinal, parietin, parietinic acid, teloschistin;lias
Xanthomendoza novozelandica;parietin, unknown/unidentified anthraquinone(s);lias
Xanthomendoza oregana;emodin, fallacinal, parietin, teloschistin;italic
Xanthomendoza oregana;emodin, fallacinal, parietin, parietinic acid, teloschistin;lias
Xanthomendoza rosmarieae;unknown/unidentified anthraquinone(s);lias
Xanthomendoza ulophyllodes;emodin, fallacinal, parietin, teloschistin;italic
Xanthomendoza ulophyllodes;emodin, fallacinal, parietin, parietinic acid, teloschistin, unknown/unidentified anthraquinone(s);lias
Xanthomendoza ulophyllodes;unknown/unidentified anthraquinone(s);lias
Xanthoparmelia abraxas;4-o-demethylbarbatic acid, 4-o-demethyldiffractaic acid, barbatic acid, diffractaic acid, usnic acid;lias
Xanthoparmelia adamantea;hypoconstictic acid, hypostictic acid, stictic acid;lias
Xanthoparmelia adhaerens;constictic acid, hypoconstictic acid, hyposalazinic acid, hypostictic acid, peristictic acid, stictic acid, usnic acid;lias
Xanthoparmelia adpicta;divaricatic acid, gyrophoric acid, oxostenosporic acid, stenosporic acid;lias
Xanthoparmelia adusta;atranorin, connorstictic acid, norstictic acid;lias
Xanthoparmelia affinis;chalybaeizanic acid, consalazinic acid, norstictic acid, protocetraric acid, salazinic acid, usnic acid;lias
Xanthoparmelia africana;consalazinic acid, salazinic acid, usnic acid;lias
Xanthoparmelia afroincerta;consalazinic acid, norstictic acid, protocetraric acid, salazinic acid, usnic acid;lias
Xanthoparmelia afrolavicola;2'-o-demethylpsoromic acid, psoromic acid, usnic acid;lias
Xanthoparmelia agamalis;atranorin, bourgeanic acid, constictic acid, cryptostictic acid, hypoconstictic acid, hyposalazinic acid, hypostictic acid, stictic acid;lias
Xanthoparmelia aggregata;evernic acid, lecanoric acid, usnic acid;lias
Xanthoparmelia ajoensis;3α-hydroxybarbatic acid, 4-o-demethylbarbatic acid, 4-o-methylobtusatic acid, baeomycesic acid, barbatic acid, constipatic acid, diffractaic acid, protoconstipatic acid, squamatic acid, usnic acid;lias
Xanthoparmelia albomaculata;constictic acid, cryptostictic acid, stictic acid, usnic acid;lias
Xanthoparmelia alectoronica;alectoronic acid;lias
Xanthoparmelia alexandrensis;connorstictic acid, norstictic acid, usnic acid;lias
Xanthoparmelia aliphatica;constipatic acid, dehydroconstipatic acid, isomyelochroic acid, myelochroic acid, protodehydroconstipatic acid, unknown/unidentified fatty acid(s), usnic acid;lias
Xanthoparmelia alligatensis;isousnic acid, norlobaridone, scabrosin 4,4'-diacetate, scabrosin 4,4'-dibutanoate (4,4'-dibutyrate), scabrosin 4-acetate-4'-butanoate (4-acetate-4'-butyrate), scabrosin 4-acetate-4'-hexanoate;lias
Xanthoparmelia almbornii;fumarprotocetraric acid, protocetraric acid, usnic acid;lias
Xanthoparmelia alternata;consalazinic acid, norstictic acid, protocetraric acid, salazinic acid, usnic acid;lias
Xanthoparmelia amableana;cryptostictic acid, menegazziaic acid, norstictic acid, peristictic acid, stictic acid, substictic acid, usnic acid;lias
Xanthoparmelia amphixantha;connorstictic acid, constictic acid, cryptostictic acid, norstictic acid, peristictic acid, stictic acid, usnic acid;lias
Xanthoparmelia amphixanthoides;chalybaeizanic acid, connorstictic acid, consalazinic acid, hypoconstictic acid, salazinic acid, usnic acid;lias
Xanthoparmelia amplexula;conorlobaridone, constipatic acid, isonorlobaridone, norlobaridone, protoconstipatic acid, scabrosin 4,4'-diacetate, scabrosin 4,4'-dibutanoate (4,4'-dibutyrate), scabrosin 4-acetate-4'-butanoate (4-acetate-4'-butyrate), scabrosin 4-acetate-4'-hexanoate;lias
Xanthoparmelia amplexuloides;loxodin, norlobaridone, subnorlobaridone, usnic acid;lias
Xanthoparmelia angustiphylla;usnic;italic
Xanthoparmelia angustiphylla;connorstictic acid, constictic acid, cryptostictic acid, norstictic acid, peristictic acid, stictic acid, usnic acid;lias
Xanthoparmelia annexa;atranorin, gyrophoric acid, lecanoric acid, methyl orsellinate, orsellinic acid;lias
Xanthoparmelia antleriformis;consalazinic acid, norstictic acid, salazinic acid, usnic acid;lias
Xanthoparmelia applicata;3α-hydroxybarbatic acid, 4-o-demethylbarbatic acid, baeomycesic acid, barbatic acid, diffractaic acid, norobtusatic acid, squamatic acid, usnic acid;lias
Xanthoparmelia applicatella;norlobaridone;lias
Xanthoparmelia aranaea;atranorin, protocetraric acid;lias
Xanthoparmelia arapilensis;connorstictic acid, norstictic acid, salazinic acid, usnic acid;lias
Xanthoparmelia arcana;atranorin, chloroatranorin, praesorediosic acid, protopraesorediosic acid, unknown/unidentified fatty acid(s), unknown/unidentified secalonic acid derivate(s);lias
Xanthoparmelia archeri;glomellic acid, glomelliferic acid, loxodellic acid, perlatolic acid, stenosporic acid;lias
Xanthoparmelia areolata;4-o-demethylbarbatic acid, barbatic acid, usnic acid;lias
Xanthoparmelia arida;lecanoric acid, usnic acid;lias
Xanthoparmelia aridella;4-o-methylhypoprotocetraric acid, atranorin, hypoconstictic acid, hypoprotocetraric acid, hyposalazinic acid, hypostictic acid;lias
Xanthoparmelia arrecta;hypoprotocetraric acid;lias
Xanthoparmelia asilaris;atranorin, butlerin e, butlerin f, constictic acid, cryptostictic acid, hypostictic acid, methyl stictic acid, stictic acid;lias
Xanthoparmelia assimilis;constipatic acid, dehydroconstipatic acid, dehydroprotoconstipatic acid, protoconstipatic acid, unknown/unidentified fatty acid(s), usnic acid;lias
Xanthoparmelia astricta;4-o-demethylmicrophyllinic acid, anziaic acid, atranorin, chloroatranorin, olivetoric acid;lias
Xanthoparmelia atrobarbatica;4-o-demethylbarbatic acid, barbatic acid;lias
Xanthoparmelia atrocapnodes;atranorin, connorstictic acid, consalazinic acid, constipatic acid, norstictic acid, protoconstipatic acid, salazinic acid;lias
Xanthoparmelia atroventralis;dehydroconstipatic acid, protodehydroconstipatic acid, unknown/unidentified fatty acid(s), usnic acid;lias
Xanthoparmelia atroviridis;hypoconstictic acid, hyposalazinic acid, hypostictic acid;lias
Xanthoparmelia attica;alectoronic acid;italic
Xanthoparmelia attica;alectoronic acid, norstictic acid, unknown/unidentified fatty acid(s);lias
Xanthoparmelia auricampa;connorstictic acid, hyposalazinic acid, hypostictic acid, norstictic acid, usnic acid;lias
Xanthoparmelia aurifera;constictic acid, cryptostictic acid, norstictic acid, stictic acid, ursolic acid, usnic acid;lias
Xanthoparmelia ausiana;norstictic acid, salazinic acid, usnic acid;lias
Xanthoparmelia australasica;consalazinic acid, salazinic acid, usnic acid;lias
Xanthoparmelia australiensis;loxodin, norlobaridone, usnic acid;lias
Xanthoparmelia austroalpina;constipatic acid, dehydroconstipatic acid, dehydroprotoconstipatic acid, protoconstipatic acid, usnic acid;lias
Xanthoparmelia austrocapensis;constictic acid, norstictic acid, stictic acid, usnic acid;lias
Xanthoparmelia austroconstrictans;consalazinic acid, salazinic acid, usnic acid;lias
Xanthoparmelia baeomycesica;atranorin, constipatic acid, elatinic acid, methyl baeomycesate, protoconstipatic acid, usnic acid;lias
Xanthoparmelia bainskloofensis;conechinocarpic acid, echinocarpic acid, hypothamnolic acid, usnic acid;lias
Xanthoparmelia ballingalliae;atranorin, lobaric acid, scabrosin 4,4'-diacetate, scabrosin 4,4'-dibutanoate (4,4'-dibutyrate), scabrosin 4-acetate-4'-butanoate (4-acetate-4'-butyrate), scabrosin 4-acetate-4'-hexanoate;lias
Xanthoparmelia ballingalliana;colensoic acid, scabrosin 4,4'-diacetate, scabrosin 4,4'-dibutanoate (4,4'-dibutyrate), scabrosin 4-acetate-4'-butanoate (4-acetate-4'-butyrate), scabrosin 4-acetate-4'-hexanoate, unknown/unidentified fatty acid(s), usnic acid;lias
Xanthoparmelia barbatica;3α-hydroxybarbatic acid, 4-o-demethylbarbatic acid, barbatic acid, constipatic acid, dehydroconstipatic acid, usnic acid;lias
Xanthoparmelia barbellata;connorstictic acid, consalazinic acid, norstictic acid, salazinic acid, skyrin (rhodophyscin), usnic acid;lias
Xanthoparmelia barda;atranorin, lobaric acid, oxolobaric acid, sublobaric acid;lias
Xanthoparmelia barklyensis;constipatic acid, dehydroconstipatic acid, isomyelochroic acid, myelochroic acid, protoconstipatic acid, protodehydroconstipatic acid, unknown/unidentified fatty acid(s), usnic acid;lias
Xanthoparmelia barthlottii;consalazinic acid, salazinic acid, usnic acid;lias
Xanthoparmelia basutoensis;atranorin, chloroatranorin, scabrosin 4,4'-dibutanoate (4,4'-dibutyrate), scabrosin 4-acetate-4'-butanoate (4-acetate-4'-butyrate), scabrosin(s) – unspecified;lias
Xanthoparmelia beatricea;protocetraric acid, usnic acid;lias
Xanthoparmelia beckeri;4-o-methylphysodic acid, alectoronic acid, lividic acid, physodic acid, α-collatolic acid;lias
Xanthoparmelia bellatula;consalazinic acid, salazinic acid, usnic acid;lias
Xanthoparmelia bibax;chalybaeizanic acid, consalazinic acid, norstictic acid, salazinic acid, usnic acid;lias
Xanthoparmelia bicolorans;connorstictic acid, norstictic acid, usnic acid;lias
Xanthoparmelia bicontinens;constictic acid, cryptostictic acid, norstictic acid, stictic acid, usnic acid;lias
Xanthoparmelia bihemispherica;consalazinic acid, norstictic acid, salazinic acid, usnic acid;lias
Xanthoparmelia biloelensis;colensoic acid, norcolensoic acid, usnic acid;lias
Xanthoparmelia blackdownensis;3α-hydroxybarbatic acid, 4-o-demethylbarbatic acid, diffractaic acid, usnic acid;lias
Xanthoparmelia boonahensis;4-o-demethylbarbatic acid, barbatic acid, constipatic acid, protoconstipatic acid, skyrin (rhodophyscin), usnic acid;lias
Xanthoparmelia botryoides;fumarprotocetraric acid, protocetraric acid, succinprotocetraric acid, usnic acid;lias
Xanthoparmelia bourgeanica;atranorin, bourgeanic acid, conbourgeanic acid, unknown/unidentified fatty acid(s);lias
Xanthoparmelia boyaginensis;4-o-methylolivetoric acid, 4-o-methylphysodic acid, atranorin, α-collatolic acid;lias
Xanthoparmelia boyeri;consalazinic acid, norstictic acid, salazinic acid, usnic acid;lias
Xanthoparmelia brachinaensis;norlobaridone, subnorlobaridone, usnic acid;lias
Xanthoparmelia brandwagensis;4-o-methylphysodic acid, alectoronic acid, α-collatolic acid, β-collatolic acid;lias
Xanthoparmelia brattii;4-o-methylolivetoric acid, microphyllinic acid, olivetoric acid, scabrosin 4-acetate-4'-butanoate (4-acetate-4'-butyrate);lias
Xanthoparmelia brevilobata;hyposalazinic acid, hypostictic acid, skyrin (rhodophyscin), usnic acid;lias
Xanthoparmelia brownlieae;3-o-methylconsalazinic acid, atranorin, hypoconstictic acid, hyposalazinic acid, hypostictic acid;lias
Xanthoparmelia brunnthaleri;scabrosin 4,4'-diacetate, scabrosin 4-acetate-4'-hexanoate, unknown/unidentified compound(s), usnic acid;lias
Xanthoparmelia brussei;fumarprotocetraric acid, protocetraric acid;lias
Xanthoparmelia buedelii;4-o-demethylbarbatic acid, alectoronic acid, barbatic acid;lias
Xanthoparmelia bulfiniana;4-o-demethylbarbatic acid, barbatic acid;lias
Xanthoparmelia bullabullensis;atranorin, confumarprotocetraric acid, fumarprotocetraric acid, protocetraric acid, succinprotocetraric acid, virensic acid;lias
Xanthoparmelia bungendorensis;scabrosin 4,4'-diacetate, scabrosin 4,4'-dibutanoate (4,4'-dibutyrate), scabrosin 4-acetate-4'-butanoate (4-acetate-4'-butyrate), scabrosin 4-acetate-4'-hexanoate, usnic acid;lias
Xanthoparmelia burmeisteri;4-o-demethylbarbatic acid, barbatic acid, usnic acid;lias
Xanthoparmelia calida;norlobaridone, scabrosin 4,4'-dibutanoate (4,4'-dibutyrate), scabrosin 4-acetate-4'-butanoate (4-acetate-4'-butyrate), scabrosin 4-acetate-4'-hexanoate, unknown/unidentified compound(s), usnic acid;lias
Xanthoparmelia californica;connorstictic acid, hyposalazinic acid, norstictic acid, usnic acid;lias
Xanthoparmelia callifolioides;consalazinic acid, norstictic acid, protocetraric acid, salazinic acid, usnic acid;lias
Xanthoparmelia calvinia;4-o-methylconhypoprotocetraric acid, 4-o-methylhypoprotocetraric acid, hypoprotocetraric acid, usnic acid;lias
Xanthoparmelia canobolasensis;connorstictic acid, hyposalazinic acid, hypostictic acid, norstictic acid, usnic acid;lias
Xanthoparmelia caparidensis;gyrophoric acid, lecanoric acid;lias
Xanthoparmelia capensis;chalybaeizanic acid, consalazinic acid, salazinic acid, usnic acid;lias
Xanthoparmelia capnoexillima;atranorin, norlobaridone, subnorlobaridone;lias
Xanthoparmelia cedrus-montana;caperatic acid, decarboxythamnolic acid, thamnolic acid, usnic acid;lias
Xanthoparmelia centralis;3α-hydroxybarbatic acid, 4-o-demethylbarbatic acid, barbatic acid, usnic acid;lias
Xanthoparmelia ceresella;scabrosin 4,4'-diacetate, scabrosin 4-acetate-4'-butanoate (4-acetate-4'-butyrate), scabrosin 4-acetate-4'-hexanoate;lias
Xanthoparmelia ceresensis;4-o-demethylmicrophyllinic acid, 4-o-methylolivetoric acid, microphyllinic acid, normicrophyllinic acid, usnic acid;lias
Xanthoparmelia ceresina;fumarprotocetraric acid, succinprotocetraric acid, usnic acid;lias
Xanthoparmelia cerussata;atranorin, connorstictic acid, norstictic acid;lias
Xanthoparmelia chalybaeizans;chalybaeizanic acid, consalazinic acid, norstictic acid, salazinic acid, usnic acid;lias
Xanthoparmelia cheelii;consalazinic acid, salazinic acid, usnic acid;lias
Xanthoparmelia chionophila;hypoconstictic acid, hyposalazinic acid, hypostictic acid, usnic acid;lias
Xanthoparmelia chlorochroa;consalazinic acid, norstictic acid, protocetraric acid, salazinic acid, usnic acid;lias
Xanthoparmelia chudalupensis;fumarprotocetraric acid, protocetraric acid;lias
Xanthoparmelia cirrhomedullosa;chalybaeizanic acid, consalazinic acid, salazinic acid, skyrin (rhodophyscin), usnic acid;lias
Xanthoparmelia clivorum;lecanoric acid, usnic acid;lias
Xanthoparmelia colensoica;colensoic acid, lividic acid, norcolensoic acid, oxyphysodic acid, physodic acid, stenosporonic acid, usnic acid;lias
Xanthoparmelia colensoides;atranorin, colensoic acid, norcolensoic acid, unknown/unidentified compound(s);lias
Xanthoparmelia coloradoensis;consalazinic acid, norstictic acid, protocetraric acid, salazinic acid, usnic acid;lias
Xanthoparmelia colorata;consalazinic acid, norstictic acid, pigmentosin d, salazinic acid, usnic acid, vioxanthin;lias
Xanthoparmelia columbariensis;atranorin, connorstictic acid, consalazinic acid, constipatic acid, norstictic acid, protoconstipatic acid, salazinic acid;lias
Xanthoparmelia commonii;consalazinic acid, norstictic acid, salazinic acid, usnic acid;lias
Xanthoparmelia competita;4-o-demethylnotatic acid, 4-o-methylconhypoprotocetraric acid, 4-o-methylhypoprotocetraric acid, hypoprotocetraric acid, usnic acid;lias
Xanthoparmelia concolor;chalybaeizanic acid, consalazinic acid, norstictic acid, salazinic acid, usnic acid;lias
Xanthoparmelia concomitans;fumarprotocetraric acid, protocetraric acid, succinprotocetraric acid, usnic acid;lias
Xanthoparmelia condaminensis;constipatic acid, protoconstipatic acid, scabrosin 4,4'-dibutanoate (4,4'-dibutyrate), scabrosin 4-acetate-4'-butanoate (4-acetate-4'-butyrate), scabrosin 4-acetate-4'-hexanoate, unknown/unidentified fatty acid(s), usnic acid;lias
Xanthoparmelia condyloides;atranorin, chalybaeizanic acid, chloroatranorin, norstictic acid, salazinic acid, unknown/unidentified pigment(s);lias
Xanthoparmelia coneruptens;lecanoric acid, usnic acid;lias
Xanthoparmelia congensis;constictic acid, cryptostictic acid, menegazziaic acid, norstictic acid, stictic acid, usnic acid;lias
Xanthoparmelia congesta;connorstictic acid, norstictic acid, salazinic acid, usnic acid;lias
Xanthoparmelia conjuncta;4-o-demethyldiffractaic acid, barbatic acid, diffractaic acid, usnic acid;lias
Xanthoparmelia conranensis;4-o-methylolivetoric acid, 4-o-methylphysodic acid, atranorin, microphyllinic acid, olivetoric acid;lias
Xanthoparmelia consociata;consalazinic acid, norstictic acid, salazinic acid, usnic acid;lias
Xanthoparmelia conspersa;connorstictic acid, usnic;italic
Xanthoparmelia conspersa;connorstictic acid, constictic acid, cryptostictic acid, hyposalazinic acid, menegazziaic acid, norstictic acid, peristictic acid, stictic acid, usnic acid;lias
Xanthoparmelia conspersula;consalazinic acid, salazinic acid, usnic acid;lias
Xanthoparmelia constipata;constipatic acid, loxodin, norlobaridone, protoconstipatic acid, scabrosin 4,4'-diacetate, scabrosin 4,4'-dibutanoate (4,4'-dibutyrate), scabrosin 4-acetate-4'-butanoate (4-acetate-4'-butyrate), scabrosin 4-acetate-4'-hexanoate, usnic acid;lias
Xanthoparmelia constrictans;chalybaeizanic acid, consalazinic acid, salazinic acid, usnic acid;lias
Xanthoparmelia contrasta;4-o-methylnotatic acid, hypoprotocetraric acid, skyrin (rhodophyscin), usnic acid;lias
Xanthoparmelia conturbata;conloxodin, conorlobaridone, subloxodin, subnorlobaridone;lias
Xanthoparmelia convexa;connorstictic acid, norstictic acid;lias
Xanthoparmelia convexula;constictic acid, cryptostictic acid, stictic acid, usnic acid;lias
Xanthoparmelia convoluta;consalazinic acid, salazinic acid, usnic acid;lias
Xanthoparmelia convoluta;consalazinic acid, salazinic acid, usnic acid;lias
Xanthoparmelia convolutella;loxodin, norlobaridone, usnic acid;lias
Xanthoparmelia convolutoides;consalazinic acid, norstictic acid, protocetraric acid, salazinic acid, usnic acid;lias
Xanthoparmelia cordillerana;consalazinic acid, salazinic acid, usnic acid;lias
Xanthoparmelia coreana;consalazinic acid, salazinic acid, usnic acid;lias
Xanthoparmelia coriacea;constipatic acid, dehydroconstipatic acid, protoconstipatic acid, protodehydroconstipatic acid, skyrin (rhodophyscin), unknown/unidentified fatty acid(s), usnic acid;lias
Xanthoparmelia cranfieldii;atranorin, constipatic acid, elatinic acid, methyl baeomycesate, protoconstipatic acid, usnic acid;lias
Xanthoparmelia crassilobata;consalazinic acid, salazinic acid, usnic acid;lias
Xanthoparmelia cravenii;constipatic acid, protoconstipatic acid, scabrosin 4,4'-diacetate, scabrosin 4,4'-dibutanoate (4,4'-dibutyrate), scabrosin 4-acetate-4'-butanoate (4-acetate-4'-butyrate), scabrosin 4-acetate-4'-hexanoate, unknown/unidentified fatty acid(s), usnic acid;lias
Xanthoparmelia crawfordensis;atranorin, butlerin d, butlerin e, connorstictic acid, consalazinic acid, constipatic acid, norstictic acid, protoconstipatic acid, salazinic acid;lias
Xanthoparmelia crespoae;loxodin, norlobaridone, usnic acid;lias
Xanthoparmelia crustulosa;4-o-methylhypoprotocetraric acid, hypoconstictic acid, hyposalazinic acid, hypostictic acid;lias
Xanthoparmelia cumberlandia;usnic;italic
Xanthoparmelia cumberlandia;connorstictic acid, constictic acid, cryptostictic acid, norstictic acid, peristictic acid, stictic acid, usnic acid;lias
Xanthoparmelia curnowiae;atranorin, consalazinic acid, diffractaic acid, salazinic acid, usnic acid;lias
Xanthoparmelia cylindriloba;consalazinic acid, norstictic acid, salazinic acid, usnic acid;lias
Xanthoparmelia dapperensis;connorstictic acid, norstictic acid, usnic acid;lias
Xanthoparmelia darlingensis;4-o-demethylbarbatic acid, barbatic acid, constictic acid, cryptostictic acid, norstictic acid, stictic acid, usnic acid;lias
Xanthoparmelia dayiana;fumarprotocetraric acid, protocetraric acid, succinprotocetraric acid, usnic acid;lias
Xanthoparmelia delisei;glomellic acid, glomelliferic acid, gyrophoric acid, perlatolic acid;lias
Xanthoparmelia delisiella;2-o-methylglomelliferic acid, glomelliferic acid, perlatolic acid, stenosporic acid;lias
Xanthoparmelia denudata;chalybaeizanic acid, consalazinic acid, salazinic acid, skyrin (rhodophyscin), usnic acid;lias
Xanthoparmelia depsidella;decarboxyanziaic acid, decarboxydivaricatic acid, decarboxystenosporic acid, depsidellin a, depsidellin b, depsidellin c;lias
Xanthoparmelia desertorum;consalazinic acid, salazinic acid, usnic acid;lias
Xanthoparmelia diacida;caperatic acid, pigmentosin a, pigmentosin b, protocetraric acid, psoromic acid, usnic acid;lias
Xanthoparmelia diadeta;consalazinic acid, galbinic acid, salazinic acid, usnic acid;lias
Xanthoparmelia dichotoma;loxodin, norlobaridone, usnic acid;lias
Xanthoparmelia dierythra;connorstictic acid, norstictic acid, usnic acid;lias
Xanthoparmelia diffractaica;4-o-demethylbarbatic acid, barbatic acid, diffractaic acid, salazinic acid, usnic acid;lias
Xanthoparmelia digitiformis;consalazinic acid, norstictic acid, protocetraric acid, salazinic acid, usnic acid;lias
Xanthoparmelia dissensa;4-o-demethylnotatic acid, conhypoprotocetraric acid, hypoprotocetraric acid, usnic acid;lias
Xanthoparmelia dissitifolia;connorstictic acid, norstictic acid, salazinic acid, usnic acid;lias
Xanthoparmelia diutina;constictic acid, menegazziaic acid, stictic acid, unknown/unidentified pigment(s);lias
Xanthoparmelia domboensis;connorstictic acid, norstictic acid;lias
Xanthoparmelia domokosii;4-o-demethylnotatic acid, hypoprotocetraric acid, hyposalazinic acid, hypostictic acid, notatic acid, usnic acid;lias
Xanthoparmelia domokosioides;4-o-demethylnotatic acid, conhypoprotocetraric acid, hypoprotocetraric acid, usnic acid;lias
Xanthoparmelia donneri;barbatic acid, connorstictic acid, hyposalazinic acid, norstictic acid, usnic acid;lias
Xanthoparmelia dubitata;norlobaridone, subnorlobaridone, usnic acid;lias
Xanthoparmelia dubitella;conorlobaridone, loxodin, norlobaridone, usnic acid;lias
Xanthoparmelia duplicata;4-o-demethylbarbatic acid, 4-o-demethyldiffractaic acid, protocetraric acid, skyrin (rhodophyscin), squamatic acid, usnic acid;lias
Xanthoparmelia durietzii;consalazinic acid, salazinic acid, usnic acid;lias
Xanthoparmelia dwaasbergensis;atranorin, hypoconstictic acid, hyposalazinic acid, hypostictic acid;lias
Xanthoparmelia dysprosa;evernic acid, lecanoric acid, usnic acid;lias
Xanthoparmelia echidnaformis;atranorin, constipatic acid, protoconstipatic acid, unknown/unidentified fatty acid(s), usnic acid;lias
Xanthoparmelia effigurata;chalybaeizanic acid, consalazinic acid, norstictic acid, salazinic acid, usnic acid;lias
Xanthoparmelia eganii;3α-hydroxybarbatic acid, 4-o-demethylbarbatic acid, baeomycesic acid, barbatic acid, squamatic acid, usnic acid;lias
Xanthoparmelia eilifii;loxodin, norlobaridone, usnic acid;lias
Xanthoparmelia elaeodes;loxodin, norlobaridone, usnic acid;lias
Xanthoparmelia eldridgei;divaricatic acid, nordivaricatic acid, stenosporic acid;lias
Xanthoparmelia elevata;atranorin, consalazinic acid, salazinic acid, usnic acid;lias
Xanthoparmelia elixii;connorstictic acid, constipatic acid, norstictic acid, protoconstipatic acid, salazinic acid, usnic acid;lias
Xanthoparmelia emolumenta;constictic acid, norstictic acid, stictic acid, usnic acid;lias
Xanthoparmelia endochromatica;gyrophoric acid, pigmentosin x, usnic acid, vioxanthin;lias
Xanthoparmelia endochrysea;4-o-demethylnotatic acid, conhypoprotocetraric acid, gyrophoric acid, hypoprotocetraric acid, usnic acid;lias
Xanthoparmelia endomiltoides;anhydrofusarubin lactol, consalazinic acid, fusarubin, salazinic acid, usnic acid;lias
Xanthoparmelia enteroxantha;oxyskyrin, salazinic acid, skyrin (rhodophyscin), skyrinol, unknown/unidentified anthraquinone(s), usnic acid, zeorin (hopane-6α,22-diol);lias
Xanthoparmelia epacridea;constictic acid, isousnic acid, stictic acid;lias
Xanthoparmelia epheboides;fumarprotocetraric acid, protocetraric acid;lias
Xanthoparmelia epigaea;constipatic acid, dehydroconstipatic acid, isomyelochroic acid, protoconstipatic acid, unknown/unidentified fatty acid(s), usnic acid;lias
Xanthoparmelia equalis;evernic acid, lecanoric acid, usnic acid;lias
Xanthoparmelia eradicata;consalazinic acid, norstictic acid, protocetraric acid, salazinic acid, skyrin (rhodophyscin), usnic acid;lias
Xanthoparmelia erebea;atranorin, chloroatranorin, colensoic acid, divaronic acid, norstenosporonic acid, stenosporonic acid;lias
Xanthoparmelia erosa;consalazinic acid, salazinic acid, usnic acid;lias
Xanthoparmelia eruptens;evernic acid, lecanoric acid, usnic acid;lias
Xanthoparmelia erythrocardia;gyrophoric acid, norstictic acid;lias
Xanthoparmelia esslingeri;conorlobaridone, norlobaridone, subnorlobaridone;lias
Xanthoparmelia esterhuyseniae;constictic acid, cryptostictic acid, norstictic acid, stictic acid, usnic acid;lias
Xanthoparmelia everardensis;4-o-demethylbarbatic acid, atranorin, barbatic acid, diffractaic acid;lias
Xanthoparmelia evernica;evernic acid, lecanoric acid, usnic acid;lias
Xanthoparmelia ewersii;4-o-demethylbarbatic acid, 4-o-demethyldiffractaic acid, barbatic acid, diffractaic acid, usnic acid;lias
Xanthoparmelia examplaris;consalazinic acid, protocetraric acid, salazinic acid, usnic acid;lias
Xanthoparmelia exillima;norlobaridone, subnorlobaridone, usnic acid;lias
Xanthoparmelia exuviata;exuviatic acid a, exuviatic acid b, exuviatic acid c, isoplacodiolic acid, placodiolic acid, usnic acid;lias
Xanthoparmelia fangii;3-hydroxygyrophoric acid, atranorin, constipatic acid, gyrophoric acid, lecanoric acid, protoconstipatic acid, usnic acid;lias
Xanthoparmelia fausta;atranorin, chloroatranorin, gyrophoric acid, pigmentosin a, pigmentosin d;lias
Xanthoparmelia ferruma;consalazinic acid, protocetraric acid, salazinic acid, skyrin (rhodophyscin), usnic acid;lias
Xanthoparmelia festiva;constipatic acid, gyrophoric acid, protoconstipatic acid, rhizocarpic acid, usnic acid;lias
Xanthoparmelia filarszkyana;conloxodin, conorlobaridone, constipatic acid, loxodin, norlobaridone, protoconstipatic acid, usnic acid;lias
Xanthoparmelia filsonii;connorstictic acid, norstictic acid, usnic acid;lias
Xanthoparmelia fissurina;hypoconstictic acid, hyposalazinic acid, hypostictic acid, unknown/unidentified compound(s);lias
Xanthoparmelia flavescentireagens;protocetraric acid, unknown/unidentified fatty acid(s), usnic acid;lias
Xanthoparmelia flavescentireagens;constipatic acid, loxodin, norlobaridone, protoconstipatic acid, scabrosin(s) – unspecified, usnic acid;lias
Xanthoparmelia flindersiana;connorstictic acid, hypoconstictic acid, hyposalazinic acid, hypostictic acid, norstictic acid, usnic acid;lias
Xanthoparmelia follmannii;unknown/unidentified fatty acid(s);lias
Xanthoparmelia foveolata;norstictic acid, salazinic acid;lias
Xanthoparmelia fracticollis;connorstictic acid, norstictic acid, salazinic acid, usnic acid;lias
Xanthoparmelia franklinensis;gyrophoric acid, lecanoric acid;lias
Xanthoparmelia freycinetiana;4-o-demethylbarbatic acid, atranorin, barbatic acid, consalazinic acid, constictic acid, norstictic acid, salazinic acid;lias
Xanthoparmelia fucina;protocetraric acid, usnic acid;lias
Xanthoparmelia fumarafricana;fumarprotocetraric acid, protocetraric acid, usnic acid;lias
Xanthoparmelia fumarprotocetrarica;atranorin, fumarprotocetraric acid, protocetraric acid, succinprotocetraric acid, ursolic acid;lias
Xanthoparmelia fumigata;atranorin, fumarprotocetraric acid, protocetraric acid, succinprotocetraric acid, usnic acid;lias
Xanthoparmelia furcata;conorlobaridone, loxodin, norlobaridone, norlobariol methyl ester, usnic acid;lias
Xanthoparmelia fynbosiana;atranorin, chalybaeizanic acid, chloroatranorin, consalazinic acid, norstictic acid, protocetraric acid, salazinic acid;lias
Xanthoparmelia geesterani;consalazinic acid, salazinic acid, usnic acid;lias
Xanthoparmelia gemmulifera;atranorin, chloroatranorin, consalazinic acid, norstictic acid, protocetraric acid, salazinic acid;lias
Xanthoparmelia gerhardii;atranorin, connorstictic acid, constictic acid, cryptostictic acid, norstictic acid, stictic acid, usnic acid;lias
Xanthoparmelia glabrans;-collatolic acid;italic
Xanthoparmelia glareosa;connorstictic acid, norstictic acid, salazinic acid, usnic acid;lias
Xanthoparmelia globisidiosa;constictic acid, stictic acid, unknown/unidentified compound(s), usnic acid;lias
Xanthoparmelia globulifera;constipatic acid, protoconstipatic acid, unknown/unidentified fatty acid(s), usnic acid;lias
Xanthoparmelia glomelliferonica;colensoic acid, glomelliferonic acid, glomellonic acid, norcolensoic acid, norglomelliferonic acid, stenosporonic acid;lias
Xanthoparmelia glomerulata;constictic acid, stictic acid, usnic acid;lias
Xanthoparmelia gongylodes;hypoconstictic acid, hyposalazinic acid, hypostictic acid, usnic acid;lias
Xanthoparmelia graniticola;4-o-demethylbarbatic acid, barbatic acid;lias
Xanthoparmelia granulata;fumarprotocetraric acid, succinprotocetraric acid, usnic acid;lias
Xanthoparmelia gregaria;atranorin, chloroatranorin, lecanoric acid, methyl orsellinate, orsellinic acid;lias
Xanthoparmelia greytonensis;constictic acid, norstictic acid, stictic acid, usnic acid;lias
Xanthoparmelia gyrophorica;2,4-di-o-methylgyrophoric acid, 5-o-methylhiascic acid, gyrophoric acid, lecanoric acid, usnic acid;lias
Xanthoparmelia hafellneri;atranorin, loxodin, norlobaridone, usnic acid;lias
Xanthoparmelia halei;alectoronic acid, gyrophoric acid, lecanoric acid, α-collatolic acid;lias
Xanthoparmelia harrisii;caperatic acid, hypoconstictic acid, hyposalazinic acid, hypostictic acid, usnic acid;lias
Xanthoparmelia heinarii;connorstictic acid, norstictic acid, usnic acid;lias
Xanthoparmelia hensseniae;connorstictic acid, hyposalazinic acid, norstictic acid;lias
Xanthoparmelia heterodoxa;4-o-demethylmicrophyllinic acid, caperatic acid, olivetoric acid, usnic acid;lias
Xanthoparmelia hirosakiensis;fumarprotocetraric acid, protocetraric acid, usnic acid;lias
Xanthoparmelia hondensis;4-o-demethylnotatic acid, conhypoprotocetraric acid, echinocarpic acid, hypoprotocetraric acid, usnic acid;lias
Xanthoparmelia huachucensis;2'-o-demethylpsoromic acid, psoromic acid, usnic acid;lias
Xanthoparmelia huttonii;atranorin, constictic acid, cryptostictic acid, norstictic acid, peristictic acid, stictic acid;lias
Xanthoparmelia hybrida;protocetraric acid, quaesitic acid, unknown/unidentified compound(s), usnic acid;lias
Xanthoparmelia hybridella;atranorin, loxodin, norlobaridone, norstictic acid, usnic acid;lias
Xanthoparmelia hybridiza;4-o-demethylbarbatic acid, barbatic acid, consalazinic acid, norstictic acid, salazinic acid, usnic acid;lias
Xanthoparmelia hypoconstictica;atranorin, hypoconstictic acid, hyposalazinic acid, hypostictic acid;lias
Xanthoparmelia hypoleiella;protocetraric acid, usnic acid, virensic acid;lias
Xanthoparmelia hypomelaena;fumarprotocetraric acid, physodalic acid, succinprotocetraric acid, usnic acid;lias
Xanthoparmelia hypomelaenoides;fumarprotocetraric acid, protocetraric acid, succinprotocetraric acid, usnic acid;lias
Xanthoparmelia hypoprotocetrarica;4-o-demethylnotatic acid, hypoprotocetraric acid, usnic acid;lias
Xanthoparmelia hypopsila;constictic acid, norstictic acid, stictic acid, usnic acid;lias
Xanthoparmelia hyporhytida;chalybaeizanic acid, consalazinic acid, salazinic acid, usnic acid;lias
Xanthoparmelia hyposalazinica;hyposalazinic acid, usnic acid;lias
Xanthoparmelia hypothamnolica;hypothamnolic acid, loxodin, norlobaridone, usnic acid;lias
Xanthoparmelia ianthina;anhydrofusarubin lactol, fusarubin, unknown/unidentified compound(s), usnic acid;lias
Xanthoparmelia idahoensis;consalazinic acid, protocetraric acid, salazinic acid, usnic acid;lias
Xanthoparmelia imbricata;constipatic acid, dehydroconstipatic acid, myelochroic acid, protoconstipatic acid, unknown/unidentified fatty acid(s), usnic acid;lias
Xanthoparmelia imitatricoides;4-o-methylphysodic acid, alectoronic acid, physodic acid, α-collatolic acid;lias
Xanthoparmelia immutata;constipatic acid, protoconstipatic acid, scabrosin 4,4'-diacetate, scabrosin 4-acetate-4'-hexanoate, scabrosin(s) – unspecified, unknown/unidentified fatty acid(s), usnic acid;lias
Xanthoparmelia incantata;alectoronic acid, physodic acid;lias
Xanthoparmelia incerta;consalazinic acid, constipatic acid, salazinic acid, usnic acid;lias
Xanthoparmelia incomposita;alectoronic acid, norstictic acid, salazinic acid;lias
Xanthoparmelia inconspicua;hypoconstictic acid, hyposalazinic acid, hypostictic acid, unknown/unidentified pigment(s), usnic acid;lias
Xanthoparmelia inconspicuella;atranorin, connorstictic acid, norstictic acid;lias
Xanthoparmelia incrustata;loxodin, norlobaridone, scabrosin 4,4'-dibutanoate (4,4'-dibutyrate), scabrosin 4-acetate-4'-butanoate (4-acetate-4'-butyrate), scabrosin 4-acetate-4'-hexanoate, usnic acid;lias
Xanthoparmelia indumenica;constictic acid, cryptostictic acid, diffractaic acid, norstictic acid, stictic acid, usnic acid;lias
Xanthoparmelia infausta;norlobaridone, unknown/unidentified compound(s), usnic acid;lias
Xanthoparmelia inflata;4-o-demethylnotatic acid, hypoprotocetraric acid, usnic acid;lias
Xanthoparmelia iniquita;fumarprotocetraric acid, protocetraric acid, succinprotocetraric acid, usnic acid;lias
Xanthoparmelia inopinata;atranorin, conprotocetraric acid, fumarprotocetraric acid, protocetraric acid, usnic acid, vioxanthin, virensic acid;lias
Xanthoparmelia inops;atranorin, chloroatranorin, hypoconstictic acid, hyposalazinic acid, hypostictic acid, usnic acid;lias
Xanthoparmelia inselbergia;atranorin, consalazinic acid, constipatic acid, protoconstipatic acid, salazinic acid;lias
Xanthoparmelia inuncta;constipatic acid, dehydroconstipatic acid, protoconstipatic acid, unknown/unidentified fatty acid(s), usnic acid;lias
Xanthoparmelia ischnoides;atranorin, chloroatranorin, constictic acid, cryptostictic acid, norstictic acid, peristictic acid, stictic acid;lias
Xanthoparmelia isidiascens;constictic acid, norstictic acid, stictic acid, usnic acid;lias
Xanthoparmelia isidiigera;consalazinic acid, salazinic acid, usnic acid;lias
Xanthoparmelia isidiosa;consalazinic acid, salazinic acid, usnic acid;lias
Xanthoparmelia isidiotegeta;constictic acid, cryptostictic acid, norstictic acid, stictic acid, usnic acid;lias
Xanthoparmelia isidiovagans;constictic acid, cryptostictic acid, norstictic acid, peristictic acid, stictic acid, usnic acid;lias
Xanthoparmelia jarmaniae;consalazinic acid, norstictic acid, salazinic acid, usnic acid;lias
Xanthoparmelia joranadia;lecanoric acid, usnic acid;lias
Xanthoparmelia juxtata;atranorin, consalazinic acid, norstictic acid, protocetraric acid, salazinic acid;lias
Xanthoparmelia kalbarriensis;atranorin, connorstictic acid, constipatic acid, methyl pseudonorstictate, norstictic acid, protoconstipatic acid, salazinic acid, usnic acid;lias
Xanthoparmelia kalbii;hypoconstictic acid, hyposalazinic acid, hypostictic acid, usnic acid;lias
Xanthoparmelia karolinensis;4-o-demethylbarbatic acid, barbatic acid, norstictic acid, usnic acid;lias
Xanthoparmelia karoo;4-o-methylhypoprotocetraric acid, hypoprotocetraric acid, usnic acid;lias
Xanthoparmelia karooensis;4-o-demethylnotatic acid, hypoprotocetraric acid, skyrin (rhodophyscin), usnic acid;lias
Xanthoparmelia keralensis;colensoic acid, divaronic acid, gyrophoric acid, norcolensoic acid, stenosporonic acid, usnic acid;lias
Xanthoparmelia khomasiana;4-o-demethylnotatic acid, hypoprotocetraric acid, usnic acid;lias
Xanthoparmelia kiboensis;connorstictic acid, norstictic acid, salazinic acid, usnic acid;lias
Xanthoparmelia kimberleyensis;butlerin d, butlerin g, consalazinic acid, norstictic acid, protocetraric acid, salazinic acid, usnic acid;lias
Xanthoparmelia klauskalbii;divaricatic acid, stenosporic acid;lias
Xanthoparmelia kleinswartbergensis;anhydrofusarubin lactol, anhydrofusarubin lactol methyl ketal, protocetraric acid, usnic acid;lias
Xanthoparmelia knoxii;connorstictic acid, norstictic acid, salazinic acid, unknown/unidentified compound(s), usnic acid;lias
Xanthoparmelia kondininensis;alectoronic acid, physodic acid;lias
Xanthoparmelia kosciuszkoensis;consalazinic acid, norstictic acid, protocetraric acid, salazinic acid, usnic acid;lias
Xanthoparmelia kotisephola;consalazinic acid, norstictic acid, protocetraric acid, salazinic acid, usnic acid;lias
Xanthoparmelia krogiae;fumarprotocetraric acid, protocetraric acid, secalonic acid(s) – unspecified, succinprotocetraric acid, usnic acid;lias
Xanthoparmelia laciniata;constipatic acid, dehydroconstipatic acid, myelochroic acid, pigmentosin a, protoconstipatic acid, unknown/unidentified fatty acid(s), usnic acid, vioxanthin;lias
Xanthoparmelia lagunebergensis;protocetraric acid, usnic acid;lias
Xanthoparmelia lapidula;cryptostictic acid, norstictic acid, stictic acid;lias
Xanthoparmelia latilobata;consalazinic acid, salazinic acid, usnic acid;lias
Xanthoparmelia lavicola;2'-o-demethylpsoromic acid, psoromic acid, subpsoromic acid, usnic acid;lias
Xanthoparmelia laxchalybaeizans;chalybaeizanic acid, salazinic acid, usnic acid;lias
Xanthoparmelia laxencrustans;4-o-demethylnotatic acid, hypoprotocetraric acid, usnic acid;lias
Xanthoparmelia leonora;fumarprotocetraric acid, succinprotocetraric acid, usnic acid;lias
Xanthoparmelia leonora;fumarprotocetraric acid, succinprotocetraric acid, usnic acid;lias
Xanthoparmelia leppii;alectoronic acid;lias
Xanthoparmelia lesothoensis;barbatic acid, chalybaeizanic acid, diffractaic acid, salazinic acid, usnic acid;lias
Xanthoparmelia leucophaea;atranorin, chloroatranorin, connorstictic acid, consalazinic acid, norstictic acid, salazinic acid;lias
Xanthoparmelia leucostigma;2,4-di-o-methylgyrophoric acid, 4,5-di-o-methylhiascic acid, 5-o-methylhiascic acid, gyrophoric acid, umbilicaric acid, usnic acid;lias
Xanthoparmelia lineella;physodic acid;lias
Xanthoparmelia lineola;consalazinic acid, norstictic acid, protocetraric acid, salazinic acid, usnic acid;lias
Xanthoparmelia lithophila;atranorin, connorstictic acid, constipatic acid, hyposalazinic acid, hypostictic acid, norstictic acid, protoconstipatic acid;lias
Xanthoparmelia lithophiloides;atranorin, connorstictic acid, consalazinic acid, constipatic acid, norstictic acid, protoconstipatic acid, salazinic acid;lias
Xanthoparmelia lobarica;lobaric acid;lias
Xanthoparmelia lobulatella;confumarprotocetraric acid, fumarprotocetraric acid, protocetraric acid, usnic acid;lias
Xanthoparmelia lobulifera;constictic acid, stictic acid, usnic acid;lias
Xanthoparmelia lobuliferella;constictic acid, cryptostictic acid, lichesterinic acid, lobaric acid, norstictic acid, protolichesterinic acid, stenosporonic acid, stictic acid, usnic acid;lias
Xanthoparmelia loriloba;connorstictic acid, hyposalazinic acid, norstictic acid;lias
Xanthoparmelia louisii;4-o-demethylbarbatic acid, barbatic acid, squamatic acid, usnic acid;lias
Xanthoparmelia loxodes;perlatolic acid;italic
Xanthoparmelia lucrosa;evernic acid, lecanoric acid, usnic acid;lias
Xanthoparmelia luderitziana;barbatic acid, diffractaic acid, squamatic acid, usnic acid;lias
Xanthoparmelia lumbschii;4-o-demethylbarbatic acid, atranorin, barbatic acid, chloroatranorin;lias
Xanthoparmelia luminosa;anhydrofusarubin lactol, fusarubin, protocetraric acid, usnic acid;lias
Xanthoparmelia luminosa;consalazinic acid, salazinic acid, skyrin (rhodophyscin), usnic acid;lias
Xanthoparmelia luteonotata;divaricatic acid, gyrophoric acid, stenosporic acid;lias
Xanthoparmelia lynii;loxodin, norlobaridone, ursolic acid, usnic acid;lias
Xanthoparmelia maccarthyi;hypoprotocetraric acid, scabrosin 4,4'-dibutanoate (4,4'-dibutyrate), usnic acid;lias
Xanthoparmelia maculodecipiens;atranorin, dehydroconstipatic acid, isomyelochroic acid, protodehydroconstipatic acid, usnic acid;lias
Xanthoparmelia madeirensis;consalazinic acid, diffractaic acid, norstictic acid, protocetraric acid, salazinic acid, usnic acid;lias
Xanthoparmelia magnificans;fumarprotocetraric acid, protocetraric acid, usnic acid, virensic acid;lias
Xanthoparmelia malawiensis;constictic acid, cryptostictic acid, lusitanic acid, norstictic acid, stictic acid, usnic acid;lias
Xanthoparmelia malcolmii;4-o-methylolivetoric acid, microphyllinic acid;lias
Xanthoparmelia manina;confumarprotocetraric acid, echinocarpic acid, fumarprotocetraric acid, protocetraric acid;lias
Xanthoparmelia mannumensis;4-o-demethylbarbatic acid, barbatic acid, diffractaic acid, norobtusatic acid, obtusatic acid, usnic acid;lias
Xanthoparmelia mapholanengensis;consalazinic acid, norstictic acid, protocetraric acid, salazinic acid, usnic acid;lias
Xanthoparmelia maricopensis;connorstictic acid, constipatic acid, hyposalazinic acid, norstictic acid, protoconstipatic acid, protodehydroconstipatic acid, usnic acid;lias
Xanthoparmelia maritima;atranorin, fumarprotocetraric acid, galbinic acid, protocetraric acid, quaesitic acid, salazinic acid;lias
Xanthoparmelia marroninipuncta;anhydrofusarubin lactol, protocetraric acid, usnic acid;lias
Xanthoparmelia martinii;physodic acid;lias
Xanthoparmelia masonii;constictic acid, cryptostictic acid, menegazziaic acid, norstictic acid, stictic acid, usnic acid;lias
Xanthoparmelia masonii;constictic acid, norstictic acid, stictic acid, usnic acid;lias
Xanthoparmelia maxima;consalazinic acid, norstictic acid, salazinic acid, usnic acid;lias
Xanthoparmelia mayrhoferi;norlobaridone, subnorlobaridone, usnic acid;lias
Xanthoparmelia mbabanensis;fumarprotocetraric acid, physodalic acid, succinprotocetraric acid, usnic acid;lias
Xanthoparmelia mehalei;norstictic acid, salazinic acid;lias
Xanthoparmelia melancholica;norstictic acid, salazinic acid;lias
Xanthoparmelia melanobarbatica;4-o-demethylbarbatic acid, barbatic acid;lias
Xanthoparmelia meruensis;constipatic acid, dehydroconstipatic acid, unknown/unidentified fatty acid(s), usnic acid;lias
Xanthoparmelia mesmerizans;hypoconstictic acid, hyposalazinic acid, hypostictic acid, usnic acid;lias
Xanthoparmelia metaclystoides;connorstictic acid, constipatic acid, norstictic acid, protoconstipatic acid, salazinic acid, usnic acid;lias
Xanthoparmelia metamorphosa;loxodin, norlobaridone, usnic acid;lias
Xanthoparmelia metastrigosa;hypoconstictic acid, hyposalazinic acid, hypostictic acid, usnic acid;lias
Xanthoparmelia mexicana;consalazinic acid, usnic;italic
Xanthoparmelia mexicana;consalazinic acid, norstictic acid, protocetraric acid, salazinic acid, usnic acid;lias
Xanthoparmelia microcephala;consalazinic acid, constipatic acid, norstictic acid, protocetraric acid, protoconstipatic acid, salazinic acid, usnic acid;lias
Xanthoparmelia microlobulata;isonorlobariol, norlobaridone, unknown/unidentified fatty acid(s), usnic acid;lias
Xanthoparmelia micromaculata;constictic acid, cryptostictic acid, hyposalazinic acid, hypostictic acid, norstictic acid, stictic acid, usnic acid;lias
Xanthoparmelia microphyllizans;loxodin, norlobaridone, usnic acid;lias
Xanthoparmelia microspora;consalazinic acid, gyrophoric acid, norstictic acid, salazinic acid, usnic acid;lias
Xanthoparmelia millerae;usnic acid;lias
Xanthoparmelia minuta;consalazinic acid, gyrophoric acid, norstictic acid, protoconstipatic acid, salazinic acid, usnic acid;lias
Xanthoparmelia minutella;gyrophoric acid;lias
Xanthoparmelia moctezumensis;3α-hydroxybarbatic acid, 4-o-demethylbarbatic acid, baeomycesic acid, barbatic acid, squamatic acid, usnic acid;lias
Xanthoparmelia mollis;protocetraric acid, usnic acid;lias
Xanthoparmelia molliuscula;constictic acid, cryptostictic acid, norstictic acid, stictic acid, unknown/unidentified compound(s), usnic acid;lias
Xanthoparmelia molybdiza;atranorin, lecanoric acid, methyl orsellinate, orsellinic acid;lias
Xanthoparmelia monadnockensis;4-o-demethylbarbatic acid, barbatic acid, usnic acid;lias
Xanthoparmelia mongaensis;5-o-methylhiascic acid, atranorin, chloroatranorin, colensoic acid, divaronic acid, gyrophoric acid, lobaric acid, stenosporonic acid;lias
Xanthoparmelia montanensis;lichesterinic acid, protolichesterinic acid, usnic acid;lias
Xanthoparmelia monticola;constipatic acid, fumarprotocetraric acid, physodalic acid, protocetraric acid, protoconstipatic acid, usnic acid;lias
Xanthoparmelia morrisii;connorstictic acid, hyposalazinic acid, hypostictic acid, norstictic acid, usnic acid;lias
Xanthoparmelia mougeotii;usnic;italic
Xanthoparmelia mougeotii;constictic acid, cryptostictic acid, norstictic acid, peristictic acid, stictic acid, usnic acid;lias
Xanthoparmelia mougeotina;constictic acid, cryptostictic acid, norstictic acid, stictic acid, usnic acid;lias
Xanthoparmelia multiacida;4-o-methylhypoprotocetraric acid, conechinocarpic acid, conhypoprotocetraric acid, echinocarpic acid, hypoprotocetraric acid, notatic acid, usnic acid;lias
Xanthoparmelia multipartita;hypoconstictic acid, hyposalazinic acid, hypostictic acid, skyrin (rhodophyscin), usnic acid;lias
Xanthoparmelia murina;atranorin, consalazinic acid, protocetraric acid, salazinic acid;lias
Xanthoparmelia musculina;constictic acid, hypoconstictic acid, hyposalazinic acid, hypostictic acid, stictic acid, usnic acid;lias
Xanthoparmelia mutabilis;caperatic acid, fumarprotocetraric acid, physodalic acid, secalonic acid a, succinprotocetraric acid, usnic acid;lias
Xanthoparmelia nakuruensis;connorstictic acid, norstictic acid;lias
Xanthoparmelia namakwa;chalybaeizanic acid, consalazinic acid, norstictic acid, salazinic acid, usnic acid;lias
Xanthoparmelia namaquensis;lecanoric acid, unknown/unidentified anthraquinone(s), usnic acid;lias
Xanthoparmelia nana;4-o-demethylbarbatic acid, barbatic acid, consalazinic acid, constipatic acid, diffractaic acid, norstictic acid, protocetraric acid, protoconstipatic acid, salazinic acid, usnic acid;lias
Xanthoparmelia nanoides;consalazinic acid, diffractaic acid, norstictic acid, salazinic acid, skyrin (rhodophyscin), usnic acid;lias
Xanthoparmelia nashii;3α-hydroxybarbatic acid, 4-o-demethylbarbatic acid, barbatic acid, bourgeanic acid, diffractaic acid, usnic acid;lias
Xanthoparmelia natalensis;diffractaic acid, fumarprotocetraric acid, physodalic acid, succinprotocetraric acid, usnic acid;lias
Xanthoparmelia naudesnekia;colensoic acid, hypoconstictic acid, hyposalazinic acid, hypostictic acid, skyrin (rhodophyscin), stenosporonic acid, usnic acid;lias
Xanthoparmelia nautilomontana;gyrophoric acid;lias
Xanthoparmelia nebulosa;bourgeanic acid, caperatic acid, unknown/unidentified fatty acid(s), usnic acid;lias
Xanthoparmelia neochlorochroa;connorstictic acid, norstictic acid, usnic acid;lias
Xanthoparmelia neocongensis;4-o-demethylnotatic acid, hypoprotocetraric acid, usnic acid;lias
Xanthoparmelia neocongruens;4-o-methylnotatic acid, hypoprotocetraric acid, skyrin (rhodophyscin), usnic acid;lias
Xanthoparmelia neoconspersa;constictic acid, cryptostictic acid, menegazziaic acid, norstictic acid, stictic acid, usnic acid;lias
Xanthoparmelia neocumberlandia;constictic acid, cryptostictic acid, norstictic acid, stictic acid, usnic acid;lias
Xanthoparmelia neodelisei;glomellic acid, glomelliferic acid, loxodellic acid;lias
Xanthoparmelia neoglabrans;alectoronic acid;lias
Xanthoparmelia neomongaensis;atranorin, chloroatranorin, colensoic acid, connorstictic acid, divaronic acid, hyposalazinic acid, lobaric acid, norstictic acid, stenosporic acid, unknown/unidentified compound(s);lias
Xanthoparmelia neononreagens;norstictic acid, physodic acid, salazinic acid;lias
Xanthoparmelia neopropaguloides;constictic acid, cryptostictic acid, norstictic acid, peristictic acid, stictic acid, usnic acid;lias
Xanthoparmelia neoquintaria;4-o-methylhypoprotocetraric acid, atranorin, hypoconstictic acid, hypoprotocetraric acid, hyposalazinic acid, hypostictic acid, α-acetylhypoconstictic acid;lias
Xanthoparmelia neoreptans;fumarprotocetraric acid, succinprotocetraric acid, usnic acid;lias
Xanthoparmelia neorimalis;consalazinic acid, salazinic acid, usnic acid;lias
Xanthoparmelia neosynestia;chalybaeizanic acid, consalazinic acid, norstictic acid, protocetraric acid, salazinic acid, usnic acid;lias
Xanthoparmelia neotaractica;constictic acid, cryptostictic acid, menegazziaic acid, norstictic acid, stictic acid, usnic acid;lias
Xanthoparmelia neotasmanica;chalybaeizanic acid, consalazinic acid, salazinic acid, usnic acid;lias
Xanthoparmelia neotinctina;connorstictic acid, consalazinic acid, norstictic acid, salazinic acid, usnic acid;lias
Xanthoparmelia neotucsonensis;4-o-demethylbarbatic acid, barbatic acid, diffractaic acid, usnic acid;lias
Xanthoparmelia neotumidosa;4-o-demethylbarbatic acid, 4-o-demethyldiffractaic acid, protocetraric acid, squamatic acid, usnic acid;lias
Xanthoparmelia neoweberi;4-o-demethylnotatic acid, hypoprotocetraric acid, skyrin (rhodophyscin), usnic acid;lias
Xanthoparmelia neowyomingica;connorstictic acid, constictic acid, cryptostictic acid, norstictic acid, peristictic acid, stictic acid, usnic acid;lias
Xanthoparmelia nepalensis;consalazinic acid, norstictic acid, salazinic acid, skyrin (rhodophyscin), usnic acid;lias
Xanthoparmelia nerrigensis;hypoconstictic acid, hyposalazinic acid, hypostictic acid, usnic acid;lias
Xanthoparmelia nigraoleosa;atranorin, constipatic acid, dehydroconstipatic acid, protoconstipatic acid, usnic acid;lias
Xanthoparmelia nigraoleosa;constipatic acid, dehydroconstipatic acid, protoconstipatic acid, unknown/unidentified fatty acid(s), usnic acid;lias
Xanthoparmelia nigrocephala;consalazinic acid, salazinic acid, usnic acid;lias
Xanthoparmelia nigrolavicola;2'-o-demethylpsoromic acid, psoromic acid, subpsoromic acid, usnic acid;lias
Xanthoparmelia nigropsoromiera;2'-o-demethylpsoromic acid, psoromic acid, subpsoromic acid, usnic acid;lias
Xanthoparmelia nigroweberi;4-o-demethylnotatic acid, conhypoprotocetraric acid, hypoprotocetraric acid, usnic acid;lias
Xanthoparmelia nimbicola;atranorin, fumarprotocetraric acid, protocetraric acid, quaesitic acid, salazinic acid, succinprotocetraric acid, unknown/unidentified compound(s);lias
Xanthoparmelia nodulosa;confumarprotocetraric acid, fumarprotocetraric acid, protocetraric acid, succinprotocetraric acid, usnic acid, virensic acid;lias
Xanthoparmelia nomosa;constictic acid, norstictic acid, skyrin (rhodophyscin), usnic acid;lias
Xanthoparmelia nonreagens;scabrosin 4,4'-diacetate, scabrosin 4,4'-dibutanoate (4,4'-dibutyrate), scabrosin 4-acetate-4'-butanoate (4-acetate-4'-butyrate), scabrosin 4-acetate-4'-hexanoate, usnic acid;lias
Xanthoparmelia norcapnodes;atranorin, connorstictic acid, constipatic acid, norstictic acid, protoconstipatic acid;lias
Xanthoparmelia norchlorochroa;connorstictic acid, norstictic acid, usnic acid;lias
Xanthoparmelia norcolorata;connorstictic acid, norstictic acid, usnic acid;lias
Xanthoparmelia norconvoluta;connorstictic acid, norstictic acid, usnic acid;lias
Xanthoparmelia norhypopsila;connorstictic acid, norstictic acid, usnic acid;lias
Xanthoparmelia norincomposita;alectoronic acid, connorstictic acid, norstictic acid;lias
Xanthoparmelia norlobaridonica;atranorin, chloroatranorin, isonorlobaridone, norlobaridone, norlobariol, norlobariol methyl ester, subnorlobaridone;lias
Xanthoparmelia norlobaronica;norlobaridone, subnorlobaridone, usnic acid;lias
Xanthoparmelia norpraegnans;connorstictic acid, norstictic acid, usnic acid;lias
Xanthoparmelia norpumila;connorstictic acid, norstictic acid, usnic acid;lias
Xanthoparmelia norstrigosa;connorstictic acid, norstictic acid, usnic acid;lias
Xanthoparmelia nortegeta;connorstictic acid, norstictic acid, salazinic acid, usnic acid;lias
Xanthoparmelia norwalteri;connorstictic acid, norstictic acid, usnic acid;lias
Xanthoparmelia notata;4-o-demethylnotatic acid, 4-o-methylhypoprotocetraric acid, hypoprotocetraric acid, isonotatic acid, notatic acid, subnotatic acid, usnic acid;lias
Xanthoparmelia notatica;4-o-methylhypoprotocetraric acid, notatic acid, usnic acid;lias
Xanthoparmelia novomexicana;caperatic acid, confumarprotocetraric acid, fumarprotocetraric acid, norcaperatic acid, protocetraric acid, usnic acid;lias
Xanthoparmelia numinbahensis;atranorin, chloroatranorin, hypoconstictic acid, hyposalazinic acid, hypostictic acid;lias
Xanthoparmelia obscurata;norlobaridone, subnorlobaridone, usnic acid;lias
Xanthoparmelia occidentalis;caperatic acid, fumarprotocetraric acid;lias
Xanthoparmelia ochropulchra;4-o-demethyldiffractaic acid, endocrocin, unknown/unidentified anthraquinone(s), usnic acid;lias
Xanthoparmelia oleosa;constipatic acid, dehydroconstipatic acid, dehydroprotoconstipatic acid, protoconstipatic acid, usnic acid;lias
Xanthoparmelia olifantensis;norstictic acid, salazinic acid, usnic acid;lias
Xanthoparmelia olivascens;norstictic acid;italic
Xanthoparmelia olivetorica;gyrophoric acid, olivetoric acid, usnic acid;lias
Xanthoparmelia olivetoricella;4-o-demethylmicrophyllinic acid, olivetoric acid;lias
Xanthoparmelia orchardii;loxodin, norlobaridone, usnic acid;lias
Xanthoparmelia oreophila;constipatic acid, protoconstipatic acid, usnic acid;lias
Xanthoparmelia oribensis;4-o-demethylnotatic acid, hypoprotocetraric acid, skyrin (rhodophyscin), usnic acid;lias
Xanthoparmelia orientalis;consalazinic acid, norstictic acid, salazinic acid, usnic acid;lias
Xanthoparmelia oveana;atranorin, bourgeanic acid, cryptostictic acid, gyrophoric acid, hypoconstictic acid, hyposalazinic acid, hypostictic acid, α-acetylhypoconstictic acid;lias
Xanthoparmelia pachyclada;4-o-methylnotatic acid, hypoprotocetraric acid, usnic acid;lias
Xanthoparmelia pantherina;connorstictic acid, consalazinic acid, norstictic acid, salazinic acid, usnic acid;lias
Xanthoparmelia paradoxa;fumarprotocetraric acid, hyposalazinic acid, hypostictic acid, physodalic acid, succinprotocetraric acid;lias
Xanthoparmelia paraparmeliformis;isousnic acid, loxodin, norlobaridone;lias
Xanthoparmelia parasitica;glomelliferonic acid, glomellonic acid, loxodellonic acid;lias
Xanthoparmelia paratasmanica;consalazinic acid, norstictic acid, salazinic acid, usnic acid;lias
Xanthoparmelia parviloba;fumarprotocetraric acid, protocetraric acid;lias
Xanthoparmelia parvoclystoides;atranorin, connorstictic acid, norstictic acid, salazinic acid, usnic acid;lias
Xanthoparmelia parvoincerta;atranorin, consalazinic acid, constipatic acid, protoconstipatic acid, salazinic acid, usnic acid;lias
Xanthoparmelia patula;4-o-demethylnotatic acid, hypoprotocetraric acid, usnic acid;lias
Xanthoparmelia peloloba;alectoronic acid;lias
Xanthoparmelia perezdepazii;constipatic acid, protoconstipatic acid, unknown/unidentified fatty acid(s), usnic acid;lias
Xanthoparmelia perfissa;atranorin, lecanoric acid, methyl orsellinate, orsellinic acid;lias
Xanthoparmelia perplexa;chalybaeizanic acid, connorstictic acid, consalazinic acid, norstictic acid, salazinic acid, usnic acid;lias
Xanthoparmelia perrugata;atranorin, divaricatic acid, gyrophoric acid, lecanoric acid, oxostenosporic acid, stenosporic acid;lias
Xanthoparmelia perrugosa;4-o-methylnotatic acid, hypoprotocetraric acid, usnic acid;lias
Xanthoparmelia pertinax;fumarprotocetraric acid, protocetraric acid, succinprotocetraric acid, usnic acid;lias
Xanthoparmelia peruviensis;lobaric acid, stenosporonic acid, usnic acid;lias
Xanthoparmelia petriseda;fumarprotocetraric acid, protocetraric acid;lias
Xanthoparmelia phaeophana;fumarprotocetraric acid, physodalic acid, protocetraric acid, succinprotocetraric acid, usnic acid, virensic acid;lias
Xanthoparmelia phillipsiana;constictic acid, cryptostictic acid, norstictic acid, stictic acid, usnic acid;lias
Xanthoparmelia pictada;divaricatic acid;lias
Xanthoparmelia piedmontensis;fumarprotocetraric acid, protocetraric acid, usnic acid;lias
Xanthoparmelia pimbaensis;isophysodic acid, physodic acid;lias
Xanthoparmelia pinguiacida;atranorin, constipatic acid, dehydroconstipatic acid, pertusaric acid, protoconstipatic acid;lias
Xanthoparmelia plana;glomelliferic acid;lias
Xanthoparmelia planilobata;connorstictic acid, constictic acid, cryptostictic acid, norstictic acid, stictic acid, usnic acid;lias
Xanthoparmelia plittii;usnic;italic
Xanthoparmelia plittii;connorstictic acid, constictic acid, cryptostictic acid, norstictic acid, peristictic acid, stictic acid, usnic acid;lias
Xanthoparmelia poeltii;atranorin, protocetraric acid, virensic acid;lias
Xanthoparmelia polystictica;constictic acid, cryptostictic acid, hypoconstictic acid, hypostictic acid, lusitanic acid, methyl pseudocryptostictate, methyl stictic acid, norstictic acid, peristictic acid, stictic acid;lias
Xanthoparmelia ponderosa;gyrophoric acid, isousnic acid, pigmentosin a, vioxanthin;lias
Xanthoparmelia praegnans;consalazinic acid, constipatic acid, norstictic acid, protocetraric acid, protoconstipatic acid, salazinic acid, usnic acid;lias
Xanthoparmelia princeps;squamatic acid, usnic acid;lias
Xanthoparmelia pristiloba;3α-hydroxybarbatic acid, baeomycesic acid, barbatic acid, squamatic acid;lias
Xanthoparmelia probarbellata;chalybaeizanic acid, consalazinic acid, norstictic acid, salazinic acid, skyrin (rhodophyscin), usnic acid;lias
Xanthoparmelia prodomokosii;4-o-demethylnotatic acid, hypoprotocetraric acid, scabrosin 4,4'-diacetate, scabrosin 4,4'-dibutanoate (4,4'-dibutyrate), scabrosin 4-acetate-4'-butanoate (4-acetate-4'-butyrate), scabrosin 4-acetate-4'-hexanoate, usnic acid;lias
Xanthoparmelia prolata;atranorin, chloroatranorin, scabrosin 4,4'-diacetate, scabrosin 4,4'-dibutanoate (4,4'-dibutyrate), scabrosin 4-acetate-4'-butanoate (4-acetate-4'-butyrate), scabrosin 4-acetate-4'-hexanoate;lias
Xanthoparmelia prolixula;norstictic acid, salazinic acid;lias
Xanthoparmelia protodysprosa;lecanoric acid, usnic acid;lias
Xanthoparmelia protolusitana;constictic acid, lusitanic acid, stictic acid, usnic acid;lias
Xanthoparmelia protomatrae;usnic;italic
Xanthoparmelia protomatrae;fumarprotocetraric acid, protocetraric acid, quaesitic acid, usnic acid;lias
Xanthoparmelia protoquintaria;hypoconstictic acid, hyposalazinic acid, hypostictic acid, usnic acid;lias
Xanthoparmelia proximata;consalazinic acid, norstictic acid, salazinic acid, unknown/unidentified fatty acid(s);lias
Xanthoparmelia pseudoamphixantha;connorstictic acid, hyposalazinic acid, norstictic acid, usnic acid;lias
Xanthoparmelia pseudocafferensis;olivetoric acid;lias
Xanthoparmelia pseudocongensis;constictic acid, cryptostictic acid, norstictic acid, stictic acid, usnic acid;lias
Xanthoparmelia pseudoglabrans;alectoronic acid, α-collatolic acid;lias
Xanthoparmelia pseudohungarica;consalazinic acid, salazinic acid, usnic acid;lias
Xanthoparmelia pseudohypoleia;fumarprotocetraric acid, protocetraric acid, succinprotocetraric acid, usnic acid;lias
Xanthoparmelia pseudoloriloba;connorstictic acid, norstictic acid;lias
Xanthoparmelia pseudopulla;divaricatic acid;lias
Xanthoparmelia psornorstictica;norstictic acid, psoromic acid, usnic acid;lias
Xanthoparmelia psoromica;2'-o-demethylpsoromic acid, caperatic acid, pigmentosin a, psoromic acid, stenosporonic acid, usnic acid, vioxanthin;lias
Xanthoparmelia psoromifera;2'-o-demethylpsoromic acid, psoromic acid, subpsoromic acid, usnic acid;lias
Xanthoparmelia pudens;atranorin, chloroatranorin, consalazinic acid, norstictic acid, protocetraric acid, salazinic acid;lias
Xanthoparmelia pumila;consalazinic acid, norstictic acid, salazinic acid, usnic acid;lias
Xanthoparmelia purdieae;fumarprotocetraric acid, usnic acid;lias
Xanthoparmelia pustulifera;constictic acid, norstictic acid, stictic acid, unknown/unidentified fatty acid(s), usnic acid;lias
Xanthoparmelia pustuliza;connorstictic acid, constipatic acid, hyposalazinic acid, hypostictic acid, norstictic acid, usnic acid;lias
Xanthoparmelia pustulosa;glomellic acid, glomelliferic acid, perlatolic acid;lias
Xanthoparmelia pustulosorediata;constictic acid, lusitanic acid, stictic acid, usnic acid, verrucigeric acid;lias
Xanthoparmelia putida;constictic acid, isousnic acid, stictic acid;lias
Xanthoparmelia putsoa;5-o-methylhiascic acid, conechinocarpic acid, echinocarpic acid, gyrophoric acid, usnic acid;lias
Xanthoparmelia pyrenaica;colensoic acid, glomelliferonic acid, glomellonic acid, gyrophoric acid, norglomelliferonic acid;lias
Xanthoparmelia quinonella;anhydrofusarubin lactol, divaricatic acid, nordivaricatic acid, stenosporic acid, unknown/unidentified pigment(s);lias
Xanthoparmelia quintaria;hypoconstictic acid, hypoprotocetraric acid, hyposalazinic acid, hypostictic acid, usnic acid;lias
Xanthoparmelia quintarioides;cryptostictic acid, hypoconstictic acid, hyposalazinic acid, hypostictic acid;lias
Xanthoparmelia ralstoniana;physodic acid;lias
Xanthoparmelia rankinensis;consalazinic acid, norstictic acid, protocetraric acid, salazinic acid, usnic acid;lias
Xanthoparmelia remanella;scabrosin 4,4'-diacetate, scabrosin 4,4'-dibutanoate (4,4'-dibutyrate), scabrosin 4-acetate-4'-butanoate (4-acetate-4'-butyrate), scabrosin 4-acetate-4'-hexanoate, usnic acid;lias
Xanthoparmelia remanens;scabrosin 4,4'-diacetate, scabrosin 4,4'-dibutanoate (4,4'-dibutyrate), scabrosin 4-acetate-4'-butanoate (4-acetate-4'-butyrate), scabrosin 4-acetate-4'-hexanoate, usnic acid;lias
Xanthoparmelia remnantia;4-o-methylphysodic acid, physodic acid, α-collatolic acid;lias
Xanthoparmelia reptans;fumarprotocetraric acid, physodalic acid, protocetraric acid, succinprotocetraric acid, usnic acid;lias
Xanthoparmelia rimalis;consalazinic acid, constipatic acid, protoconstipatic acid, salazinic acid, usnic acid;lias
Xanthoparmelia roderickii;atranorin, fumarprotocetraric acid, protocetraric acid, succinprotocetraric acid;lias
Xanthoparmelia rogersii;fumarprotocetraric acid, protocetraric acid, succinprotocetraric acid, usnic acid;lias
Xanthoparmelia rubrireagens;consalazinic acid, norstictic acid, salazinic acid, usnic acid;lias
Xanthoparmelia rubromedulla;consalazinic acid, salazinic acid, skyrin (rhodophyscin), usnic acid;lias
Xanthoparmelia rubropustulata;anhydrofusarubin lactol, salazinic acid, usnic acid;lias
Xanthoparmelia rugulosa;3α-hydroxybarbatic acid, 4-o-demethylbarbatic acid, 4-o-demethyldiffractaic acid, atranorin, baeomycesic acid, diffractaic acid, squamatic acid, usnic acid;lias
Xanthoparmelia rugulosa;atranorin, norstictic acid, protocetraric acid, virensic acid;lias
Xanthoparmelia rugulosella;atranorin, chloroatranorin, norstictic acid, protocetraric acid, salazinic acid, virensic acid;lias
Xanthoparmelia rupestris;scabrosin 4,4'-diacetate, scabrosin 4,4'-dibutanoate (4,4'-dibutyrate), scabrosin 4-acetate-4'-butanoate (4-acetate-4'-butyrate), scabrosin 4-acetate-4'-hexanoate, usnic acid;lias
Xanthoparmelia ryssolea;divaricatic acid, gyrophoric acid, oxostenosporic acid, stenosporic acid;lias
Xanthoparmelia saginata;atranorin, consalazinic acid, norstictic acid, protocetraric acid, salazinic acid, unknown/unidentified fatty acid(s);lias
Xanthoparmelia salamphixantha;chalybaeizanic acid, consalazinic acid, norstictic acid, salazinic acid, usnic acid;lias
Xanthoparmelia saleruptens;chalybaeizanic acid, consalazinic acid, salazinic acid, usnic acid;lias
Xanthoparmelia salkiboensis;consalazinic acid, norstictic acid, protocetraric acid, salazinic acid, usnic acid;lias
Xanthoparmelia sammyi;4-o-methylhypoprotocetraric acid, atranorin, hypoprotocetraric acid, hypostictic acid;lias
Xanthoparmelia saniensis;hypoconstictic acid, hyposalazinic acid, hypostictic acid, skyrin (rhodophyscin), usnic acid;lias
Xanthoparmelia sargentii;atranorin, constipatic acid, protoconstipatic acid, unknown/unidentified fatty acid(s);lias
Xanthoparmelia scabrosa;conloxodin, conorlobaridone, isonorlobaridone, loxodin, norlobaridone, norlobariol, norlobariol methyl ester, scabrosin 4,4'-diacetate, scabrosin 4,4'-dibutanoate (4,4'-dibutyrate), scabrosin 4-acetate-4'-butanoate (4-acetate-4'-butyrate), scabrosin 4-acetate-4'-hexanoate;lias
Xanthoparmelia scabrosina;constipatic acid, protoconstipatic acid, scabrosin 4,4'-diacetate, scabrosin 4,4'-dibutanoate (4,4'-dibutyrate), scabrosin 4-acetate-4'-butanoate (4-acetate-4'-butyrate), scabrosin(s) – unspecified;lias
Xanthoparmelia scabrosinita;atranorin, chloroatranorin, scabrosin 4,4'-diacetate, scabrosin 4,4'-dibutanoate (4,4'-dibutyrate), scabrosin 4-acetate-4'-butanoate (4-acetate-4'-butyrate), scabrosin 4-acetate-4'-hexanoate;lias
Xanthoparmelia schenkiana;caperatic acid, pigmentosin d, protocetraric acid, usnic acid, vioxanthin;lias
Xanthoparmelia schistacea;atranorin, constipatic acid, protoconstipatic acid, unknown/unidentified fatty acid(s), usnic acid;lias
Xanthoparmelia schmidtii;4-o-demethylbarbatic acid, barbatic acid, norstictic acid, salazinic acid, usnic acid;lias
Xanthoparmelia scotophylla;atranorin, consalazinic acid, norstictic acid, protocetraric acid, salazinic acid;lias
Xanthoparmelia segregata;connorstictic acid, consalazinic acid, norstictic acid, salazinic acid, usnic acid;lias
Xanthoparmelia semiviridis;fumarprotocetraric acid, protocetraric acid, succinprotocetraric acid, usnic acid;lias
Xanthoparmelia serpulina;diffractaic acid, protocetraric acid;lias
Xanthoparmelia serusiauxii;lecanoric acid, usnic acid;lias
Xanthoparmelia shebaiensis;colensoic acid, norcolensoic acid, stenosporonic acid, unknown/unidentified compound(s), usnic acid;lias
Xanthoparmelia sigillata;evernic acid, lecanoric acid, usnic acid;lias
Xanthoparmelia simulans;constictic acid, cryptostictic acid, norstictic acid, stictic acid, usnic acid;lias
Xanthoparmelia sipmanii;protocetraric acid, usnic acid;lias
Xanthoparmelia sitiens;atranorin, chalybaeizanic acid, chloroatranorin, consalazinic acid, norstictic acid, salazinic acid, salazinic acid 9α-methyl ether, unknown/unidentified compound(s);lias
Xanthoparmelia skyrinifera;protocetraric acid, skyrin (rhodophyscin), usnic acid;lias
Xanthoparmelia sleei;atranorin, constipatic acid, dehydroconstipatic acid, dehydroprotoconstipatic acid, gyrophoric acid, protoconstipatic acid, usnic acid;lias
Xanthoparmelia somervilleae;connorstictic acid, hyposalazinic acid, hypostictic acid, norstictic acid, usnic acid;lias
Xanthoparmelia somloensis;consalazinic acid, norstictic acid, protocetraric acid, salazinic acid, usnic acid;lias
Xanthoparmelia sorediata;fumarprotocetraric acid, protocetraric acid, succinprotocetraric acid, usnic acid;lias
Xanthoparmelia spargenosa;bourgeanic acid, caperatic acid, conbourgeanic acid, unknown/unidentified fatty acid(s), usnic acid;lias
Xanthoparmelia spargens;isonephrosterinic acid, lichesterinic acid, nephrosterinic acid, protolichesterinic acid, unknown/unidentified fatty acid(s), usnic acid;lias
Xanthoparmelia spesica;diffractaic acid;lias
Xanthoparmelia spodochroa;atranorin, consalazinic acid, norstictic acid, protocetraric acid, salazinic acid, scabrosin 4,4'-diacetate;lias
Xanthoparmelia springbokensis;chalybaeizanic acid, consalazinic acid, norstictic acid, protocetraric acid, salazinic acid, skyrin (rhodophyscin), usnic acid;lias
Xanthoparmelia squamariata;connorstictic acid, norstictic acid;lias
Xanthoparmelia squamariatella;connorstictic acid, hyposalazinic acid, norstictic acid;lias
Xanthoparmelia squamatica;conechinocarpic acid, echinocarpic acid, squamatic acid, usnic acid;lias
Xanthoparmelia standaertii;connorstictic acid, constictic acid, cryptostictic acid, norstictic acid, stictic acid, usnic acid;lias
Xanthoparmelia stanthorpensis;4-o-demethylbarbatic acid, barbatic acid, diffractaic acid, usnic acid;lias
Xanthoparmelia stenophylla;usnic;italic
Xanthoparmelia stenosporonica;colensoic acid, divaronic acid, gyrophoric acid, isousnic acid, norcolensoic acid, stenosporonic acid, usnic acid;lias
Xanthoparmelia streimannii;connorstictic acid, norstictic acid, usnic acid;lias
Xanthoparmelia stuartensis;protocetraric acid, usnic acid, virensic acid;lias
Xanthoparmelia stuartioides;protocetraric acid, usnic acid, virensic acid;lias
Xanthoparmelia subalpina;atranorin, connorstictic acid, norstictic acid;lias
Xanthoparmelia subamplexuloides;norlobaridone, unknown/unidentified compound(s), usnic acid;lias
Xanthoparmelia subbarbatica;4-o-demethylbarbatic acid, barbatic acid, norobtusatic acid;lias
Xanthoparmelia subbullata;chalybaeizanic acid, connorstictic acid, consalazinic acid, salazinic acid, usnic acid;lias
Xanthoparmelia subcolorata;protocetraric acid, skyrin (rhodophyscin), usnic acid;lias
Xanthoparmelia subconvoluta;consalazinic acid, norstictic acid, salazinic acid, usnic acid;lias
Xanthoparmelia subcrustacea;constipatic acid, hypoconstictic acid, hyposalazinic acid, hypostictic acid, usnic acid;lias
Xanthoparmelia subcrustosa;chalybaeizanic acid, connorstictic acid, norstictic acid, salazinic acid, usnic acid;lias
Xanthoparmelia subcrustulosa;4-o-methylhypoprotocetraric acid, hypoconstictic acid, hyposalazinic acid, hypostictic acid;lias
Xanthoparmelia subcumberlandia;atranorin, constictic acid, cryptostictic acid, menegazziaic acid, norstictic acid, peristictic acid, stictic acid, usnic acid;lias
Xanthoparmelia subdecipiens;atranorin, constipatic acid, dehydroconstipatic acid, isomyelochroic acid, myelochroic acid, protoconstipatic acid, protodehydroconstipatic acid, protosubdecipienic acid, subdecipienic acid a, subdecipienic acid b, unknown/unidentified fatty acid(s), usnic acid;lias
Xanthoparmelia subdiffluens;consalazinic acid, salazinic acid, usnic acid;lias
Xanthoparmelia subdistorta;loxodin, norlobaridone, usnic acid;lias
Xanthoparmelia subdomokosii;4-o-methylnotatic acid, hypoprotocetraric acid, skyrin (rhodophyscin), usnic acid;lias
Xanthoparmelia suberadicata;constictic acid, cryptostictic acid, norstictic acid, stictic acid, usnic acid;lias
Xanthoparmelia subflabellata;constictic acid, cryptostictic acid, norstictic acid, stictic acid, usnic acid;lias
Xanthoparmelia subimitatrix;alectoronic acid, physodic acid;lias
Xanthoparmelia subincerta;glomelliferonic acid, glomellonic acid, loxodellonic acid;lias
Xanthoparmelia sublaevis;usnic;italic
Xanthoparmelia sublaevis;consalazinic acid, salazinic acid, usnic acid;lias
Xanthoparmelia sublineola;atranorin, protocetraric acid;lias
Xanthoparmelia subloxodella;glomellic acid, glomelliferic acid, loxodellic acid;lias
Xanthoparmelia subluminosa;consalazinic acid, salazinic acid, skyrin (rhodophyscin), usnic acid;lias
Xanthoparmelia submougeotii;constictic acid, norstictic acid, stictic acid, usnic acid;lias
Xanthoparmelia subnuda;connorstictic acid, norstictic acid, salazinic acid, usnic acid;lias
Xanthoparmelia subochracea;protocetraric acid, skyrin (rhodophyscin), usnic acid;lias
Xanthoparmelia subpallida;constictic acid, norstictic acid, stictic acid, usnic acid;lias
Xanthoparmelia subpigmentosa;consalazinic acid, salazinic acid, skyrin (rhodophyscin), usnic acid;lias
Xanthoparmelia subplittii;connorstictic acid, constictic acid, cryptostictic acid, norstictic acid, peristictic acid, stictic acid, usnic acid;lias
Xanthoparmelia subprolixa;divaricatic acid, nordivaricatic acid, stenosporic acid;lias
Xanthoparmelia subramigera;fumarprotocetraric acid, physodalic acid, protocetraric acid, succinprotocetraric acid, usnic acid, virensic acid;lias
Xanthoparmelia subruginosa;atranorin, constictic acid, cryptostictic acid, stictic acid, usnic acid;lias
Xanthoparmelia subrugulosa;atranorin, chloroatranorin, protocetraric acid;lias
Xanthoparmelia subsorediata;constictic acid, norstictic acid, stictic acid, usnic acid;lias
Xanthoparmelia subspodochroa;atranorin, consalazinic acid, constipatic acid, norstictic acid, protocetraric acid, protoconstipatic acid, salazinic acid;lias
Xanthoparmelia subsquamariata;caperatic acid, connorstictic acid, hyposalazinic acid, norcaperatic acid, norstictic acid;lias
Xanthoparmelia substenophylloides;constictic acid, norstictic acid, stictic acid, usnic acid;lias
Xanthoparmelia substrigosa;connorstictic acid, consalazinic acid, norstictic acid, salazinic acid, usnic acid;lias
Xanthoparmelia substygioides;connorstictic acid, hyposalazinic acid, norstictic acid;lias
Xanthoparmelia subtasmanica;consalazinic acid, norstictic acid, protocetraric acid, salazinic acid, usnic acid;lias
Xanthoparmelia subtinctina;consalazinic acid, salazinic acid, usnic acid;lias
Xanthoparmelia subtortula;atranorin, chloroatranorin, loxodin, norlobaridone, subnorlobaridone;lias
Xanthoparmelia subtropica;atranorin, connorstictic acid, hyposalazinic acid, hypostictic acid, norstictic acid;lias
Xanthoparmelia subulcerosa;consalazinic acid, norstictic acid, salazinic acid, usnic acid;lias
Xanthoparmelia subumbilicata;constictic acid, cryptostictic acid, hypoconstictic acid, hypostictic acid, stictic acid, usnic acid;lias
Xanthoparmelia subverrucella;divaricatic acid, stenosporic acid;lias
Xanthoparmelia subvicariella;4-o-demethylbarbatic acid, barbatic acid, connorstictic acid, consalazinic acid, norstictic acid, salazinic acid, usnic acid;lias
Xanthoparmelia succedans;constictic acid, cryptostictic acid, norstictic acid, peristictic acid, stictic acid, usnic acid;lias
Xanthoparmelia sulcifera;hypoconstictic acid, hyposalazinic acid, hypostictic acid, usnic acid;lias
Xanthoparmelia supposita;constictic acid, hypoconstictic acid, hypostictic acid, usnic acid;lias
Xanthoparmelia surrogata;consalazinic acid, salazinic acid, skyrin (rhodophyscin), usnic acid;lias
Xanthoparmelia swartbergensis;fumarprotocetraric acid, physodalic acid, protocetraric acid, usnic acid;lias
Xanthoparmelia synestia;chalybaeizanic acid, consalazinic acid, salazinic acid, usnic acid;lias
Xanthoparmelia tablensis;4-o-demethylnotatic acid, hypoprotocetraric acid, usnic acid;lias
Xanthoparmelia taractica;consalazinic acid, salazinic acid, usnic acid;lias
Xanthoparmelia tasmanica;consalazinic acid, norstictic acid, protocetraric acid, salazinic acid, usnic acid;lias
Xanthoparmelia tatimirix;barbatic acid, diffractaic acid;lias
Xanthoparmelia tegeta;constictic acid, cryptostictic acid, norstictic acid, stictic acid, usnic acid;lias
Xanthoparmelia tenacea;consalazinic acid, norstictic acid, salazinic acid, usnic acid;lias
Xanthoparmelia tentaculina;hypoconstictic acid, hyposalazinic acid, hypostictic acid;lias
Xanthoparmelia tenuiloba;isonorlobariol, norlobaridone, subnorlobaridone, usnic acid;lias
Xanthoparmelia terrestris;connorstictic acid, norstictic acid, salazinic acid, usnic acid;lias
Xanthoparmelia terricola;consalazinic acid, norstictic acid, protocetraric acid, salazinic acid, usnic acid;lias
Xanthoparmelia teydea;gyrophoric acid, homoscrobiculin, lecanoric acid, methyl divaricatate, methyl perlatolate, stenosporic acid;lias
Xanthoparmelia thamnoides;conorlobaridone, loxodin, norlobaridone, scabrosin 4,4'-dibutanoate (4,4'-dibutyrate), scabrosin 4-acetate-4'-butanoate (4-acetate-4'-butyrate), scabrosin 4-acetate-4'-hexanoate, scabrosin(s) – unspecified, usnic acid;lias
Xanthoparmelia thamnolica;caperatic acid, echinocarpic acid, hypothamnolic acid, unknown/unidentified pigment(s), usnic acid;lias
Xanthoparmelia thorstenii;hypothamnolic acid, lobaric acid, oxolobaric acid, sublobaric acid;lias
Xanthoparmelia tibellii;squamatic acid, usnic acid;lias
Xanthoparmelia tinctina;consalazinic acid, usnic;italic
Xanthoparmelia tinctina;consalazinic acid, norstictic acid, protocetraric acid, salazinic acid, usnic acid;lias
Xanthoparmelia togashii;consalazinic acid, gyrophoric acid, norstictic acid, salazinic acid, usnic acid;lias
Xanthoparmelia tolucensis;connorstictic acid, constictic acid, cryptostictic acid, norstictic acid, peristictic acid, stictic acid, usnic acid;lias
Xanthoparmelia toninioides;4-o-demethylnotatic acid, hypoprotocetraric acid, usnic acid;lias
Xanthoparmelia toolbrunupensis;3-o-methylconsalazinic acid, constictic acid, hypoconstictic acid, norstictic acid, stictic acid, usnic acid;lias
Xanthoparmelia tortula;atranorin, chloroatranorin, loxodin, norlobaridone, subnorlobaridone;lias
Xanthoparmelia torulosa;divaricatic acid, nordivaricatic acid, stenosporic acid;lias
Xanthoparmelia trachythallina;connorstictic acid, norstictic acid, salazinic acid;lias
Xanthoparmelia transvaalensis;atranorin, constipatic acid, dehydroconstipatic acid, isomyelochroic acid, myelochroic acid, placodiolic acid, protodehydroconstipatic acid, unknown/unidentified fatty acid(s), usnic acid;lias
Xanthoparmelia treurensis;connorstictic acid, constictic acid, constipatic acid, cryptostictic acid, norstictic acid, stictic acid, usnic acid;lias
Xanthoparmelia trirosea;hypoconstictic acid, hyposalazinic acid, hypostictic acid, usnic acid;lias
Xanthoparmelia tropica;atranorin, protocetraric acid;lias
Xanthoparmelia tsekensis;colensoic acid, norstictic acid, salazinic acid, skyrin (rhodophyscin), stenosporonic acid, unknown/unidentified anthraquinone(s), usnic acid;lias
Xanthoparmelia tuberculata;caperatic acid, confumarprotocetraric acid, fumarprotocetraric acid, norcaperatic acid, protocetraric acid, usnic acid;lias
Xanthoparmelia tuberculiformis;fumarprotocetraric acid, protocetraric acid, usnic acid;lias
Xanthoparmelia tuckeriana;confumarprotocetraric acid, fumarprotocetraric acid, protocetraric acid, succinprotocetraric acid, usnic acid;lias
Xanthoparmelia tucsonensis;3α-hydroxybarbatic acid, 4-o-demethylbarbatic acid, 4-o-methylobtusatic acid, baeomycesic acid, barbatic acid, constipatic acid, diffractaic acid, usnic acid;lias
Xanthoparmelia tumidosa;protocetraric acid, unknown/unidentified fatty acid(s), usnic acid;lias
Xanthoparmelia tyrrhea;constictic acid, hypoconstictic acid, hyposalazinic acid, hypostictic acid, stictic acid, usnic acid;lias
Xanthoparmelia tzaneenensis;atranorin, chloroatranorin, connorstictic acid, norstictic acid, salazinic acid;lias
Xanthoparmelia ulcerosa;consalazinic acid, gyrophoric acid, norstictic acid, salazinic acid, usnic acid;lias
Xanthoparmelia umtamvuna;barbatic acid, constictic acid, stictic acid, usnic acid;lias
Xanthoparmelia unctula;constipatic acid, dehydroconstipatic acid, protoconstipatic acid, subdecipienic acid a, unknown/unidentified fatty acid(s), usnic acid;lias
Xanthoparmelia usitata;atranorin, chloroatranorin, lecanoric acid, methyl orsellinate, orsellinic acid;lias
Xanthoparmelia ustulata;atranorin, constipatic acid, dehydroconstipatic acid, pertusaric acid, protoconstipatic acid, unknown/unidentified fatty acid(s), usnic acid;lias
Xanthoparmelia vagans;constictic acid, cryptostictic acid, norstictic acid, stictic acid, usnic acid;lias
Xanthoparmelia valdeta;atranorin, consalazinic acid, norstictic acid, protocetraric acid, salazinic acid;lias
Xanthoparmelia vanderbylii;atranorin, chloroatranorin, hydroxycolensoic acid, hydroxydivaronic acid, hydroxystenosporonic acid, stenosporonic acid;lias
Xanthoparmelia vendensis;fumarprotocetraric acid, succinprotocetraric acid, unknown/unidentified compound(s);lias
Xanthoparmelia verdonii;loxodin, norlobaridone, scabrosin(s) – unspecified, usnic acid;lias
Xanthoparmelia verisidiosa;alectoronic acid, α-collatolic acid;lias
Xanthoparmelia verrucella;divaricatic acid, stenosporic acid;lias
Xanthoparmelia verruciformis;protocetraric acid, usnic acid;lias
Xanthoparmelia verrucigera;usnic;italic
Xanthoparmelia verrucigera;protocetraric acid, usnic acid;lias
Xanthoparmelia versicolor;consalazinic acid, salazinic acid, usnic acid;lias
Xanthoparmelia vicaria;3α-hydroxybarbatic acid, 4-o-demethylbarbatic acid, barbatic acid, usnic acid;lias
Xanthoparmelia vicariella;4-o-demethylbarbatic acid, barbatic acid, consalazinic acid, norstictic acid, salazinic acid, usnic acid;lias
Xanthoparmelia victoriana;constictic acid, cryptostictic acid, norstictic acid, stictic acid, usnic acid;lias
Xanthoparmelia villamilianus;constictic acid, cryptostictic acid, norstictic acid, stictic acid, usnic acid;lias
Xanthoparmelia violacea;anhydrofusarubin lactol, anhydrofusarubin lactol methyl ketal, atranorin, fumarprotocetraric acid, protocetraric acid, succinprotocetraric acid, unknown/unidentified pigment(s);lias
Xanthoparmelia viridis;fumarprotocetraric acid, succinprotocetraric acid, usnic acid;lias
Xanthoparmelia waboomsbergensis;norstictic acid;lias
Xanthoparmelia waiporiensis;glomellic acid, glomelliferic acid, loxodellic acid, perlatolic acid;lias
Xanthoparmelia walteri;consalazinic acid, norstictic acid, salazinic acid, usnic acid;lias
Xanthoparmelia weberi;4-o-demethylnotatic acid, hypoprotocetraric acid, usnic acid;lias
Xanthoparmelia weberiella;conhypoprotocetraric acid, constipatic acid, hypoprotocetraric acid, protoconstipatic acid, scabrosin 4,4'-diacetate, scabrosin 4,4'-dibutanoate (4,4'-dibutyrate), scabrosin 4-acetate-4'-butanoate (4-acetate-4'-butyrate), scabrosin 4-acetate-4'-hexanoate, unknown/unidentified compound(s), usnic acid;lias
Xanthoparmelia wesselsii;consalazinic acid, salazinic acid, usnic acid;lias
Xanthoparmelia wildeae;consalazinic acid, norstictic acid, protocetraric acid, salazinic acid, usnic acid;lias
Xanthoparmelia willisii;fumarprotocetraric acid, physodalic acid, protocetraric acid, succinprotocetraric acid, usnic acid;lias
Xanthoparmelia wirthii;4-o-methylphysodic acid, alectoronic acid, atranorin, chloroatranorin, α-collatolic acid;lias
Xanthoparmelia wisangerensis;connorstictic acid, consalazinic acid, norstictic acid, salazinic acid, usnic acid;lias
Xanthoparmelia worcesteri;lecanoric acid, usnic acid;lias
Xanthoparmelia wrightiana;connorstictic acid, constictic acid, cryptostictic acid, hypostictic acid, norstictic acid, stictic acid, usnic acid;lias
Xanthoparmelia wyomingica;consalazinic acid, norstictic acid, protocetraric acid, salazinic acid, usnic acid;lias
Xanthoparmelia xanthofarinosa;conloxodin, conorlobaridone, constipatic acid, loxodin, norlobaridone, protoconstipatic acid, subnorlobaridone, usnic acid;lias
Xanthoparmelia xanthomelaena;constictic acid, cryptostictic acid, hypoconstictic acid, hypostictic acid, norstictic acid, stictic acid, usnic acid;lias
Xanthoparmelia xanthomelanella;atranorin, chloroatranorin, constictic acid, cryptostictic acid, hypostictic acid, methyl stictic acid, norstictic acid, stictic acid;lias
Xanthoparmelia xanthomelanoides;constictic acid, cryptostictic acid, norstictic acid, stictic acid, usnic acid;lias
Xanthoparmelia xerica;atranorin, cryptostictic acid, menegazziaic acid, norstictic acid, peristictic acid, stictic acid;lias
Xanthoparmelia xerophila;4-o-demethylbarbatic acid, atranorin, barbatic acid, protoconstipatic acid, usnic acid;lias
Xanthoparmelia xizangensis;consalazinic acid, salazinic acid, usnic acid;lias
Xanthoparmelia yamblaensis;atranorin;lias
Xanthoparmelia yowaensis;fumarprotocetraric acid, lobaric acid, protocetraric acid, succinprotocetraric acid, usnic acid;lias
Xanthoparmelia zimbabwana;2-o-methyl-3-a-hydroxybarbatic acid, 2-o-methylbaeomycesic acid, 2-o-methylsquamatic acid, 4-o-demethyldiffractaic acid, diffractaic acid, squamatic acid, usnic acid;lias
Xanthoparmelia zonata;constipatic acid, lobaric acid, protoconstipatic acid, scabrosin 4,4'-diacetate, scabrosin 4,4'-dibutanoate (4,4'-dibutyrate), scabrosin 4-acetate-4'-butanoate (4-acetate-4'-butyrate), scabrosin 4-acetate-4'-hexanoate, skyrin (rhodophyscin), usnic acid;lias
Xanthopsorella texana;fragilin, parietin, unknown/unidentified anthraquinone(s);lias
Xanthopsoroma contextum;unknown/unidentified (tri-)terpenoid(s), (tri-)terpene(s), usnic acid;lias
Xanthopsoroma soccatum;unknown/unidentified (tri-)terpenoid(s), (tri-)terpene(s), usnic acid;lias
Xanthoria alaskana;parietin, unknown/unidentified anthraquinone(s);lias
Xanthoria alexanderbaai;emodin, fallacinal, parietin, parietinic acid, teloschistin;lias
Xanthoria ascendens;emodin, fallacinal, parietin, parietinic acid, teloschistin;lias
Xanthoria aureola;emodin, fallacinal, parietin, teloschistin;italic
Xanthoria bonae-spei;emodin, fallacinal, parietin, parietinic acid, teloschistin;lias
Xanthoria calcicola;emodin, fallacinal, parietin, teloschistin;italic
Xanthoria calcicola;emodin, fallacinal, parietin, parietinic acid, teloschistin;lias
Xanthoria calcicola;emodin, fallacinal, parietin, parietinic acid, teloschistin, unknown/unidentified anthraquinone(s);lias
Xanthoria candelaria;emodin, fallacinal, parietin, parietinic acid, teloschistin;lias
Xanthoria concinna;emodin, fallacinal, parietin, parietinic acid, teloschistin;lias
Xanthoria doidgeae;emodin, fragilin, parietin, parietinic acid, teloschistin;lias
Xanthoria ectaneoides;emodin, fallacinal, parietin, teloschistin;italic
Xanthoria elegans;emodin, fallacinal, parietin, parietinic acid, teloschistin;lias
Xanthoria flammea;unknown/unidentified anthraquinone(s);lias
Xanthoria fulva;emodin, fallacinal, parietin, parietinic acid, teloschistin, unknown/unidentified anthraquinone(s);lias
Xanthoria hirsuta;emodin, fallacinal, parietin, parietinic acid, teloschistin;lias
Xanthoria karrooensis;citreorosein, emodinal, emodinic acid;lias
Xanthoria marlothii;unknown/unidentified anthraquinone(s);lias
Xanthoria mediterranea;emodin, fallacinal, parietin, teloschistin;italic
Xanthoria microspora;emodin, fallacinal, parietin, teloschistin;italic
Xanthoria microspora;parietin, unknown/unidentified anthraquinone(s);lias
Xanthoria parietina;emodin, fallacinal, parietin, teloschistin;italic
Xanthoria parietina;emodin, fallacinal, parietin, parietinic acid, teloschistin;lias
Xanthoria poeltii;parietin, unknown/unidentified anthraquinone(s);lias
Xanthoria polycarpa;emodin, fallacinal, parietin, parietinic acid, teloschistin;lias
Xanthoria sorediata;emodin, fallacinal, parietin, parietinic acid, teloschistin;lias
Xanthoria steineri;emodin, fallacinal, parietin, teloschistin;italic
Xanthoria tenax;emodin, fallacinal, parietin, parietinic acid, teloschistin;lias
Xanthoria tenuiloba;emodin, fallacinal, parietin, parietinic acid, teloschistin;lias
Xanthoria ucrainica;unknown/unidentified anthraquinone(s);lias
Xanthosyne varians;atranorin, thiophanic acid;italic
Xyleborus sporodochifer;unknown/unidentified compound(s);lias
Xylographa lagoi;thamnolic acid;italic
Xylographa pallens;norstictic acid, stictic acid;italic
Xylographa parallela;norstictic acid, stictic acid;lias
Xylographa parallela;norstictic acid, stictic acid;lias
Xylographa pruinodisca;stictic acid;lias
Xylographa rubescens;norstictic acid;italic
Xylographa soralifera;fumarprotocetraric acid;italic
Xylographa soralifera;fumarprotocetraric acid;lias
Xylographa trunciseda;confriesiic acid;italic
Xylographa trunciseda;unknown/unidentified compound(s);lias
Xylographa vitiligo;stictic acid;italic
Xylographa vitiligo;stictic acid;lias
Xylopsora caradocensis;friesiic acid;italic
Xylopsora friesii;friesiic acid;italic
Zeora aitema;usnic, usnic acid, zeorin;italic
Zeora compallens;usnic, zeorin;italic
Zeora confusa;thiophanic acid, usnic, usnic acid;italic
Zeora expallens;thiophanic acid, usnic, usnic acid, zeorin;italic
Zeora flavoleprosa;usnic, usnic acid, zeorin;italic
Zeora orosthea;skyrin, usnic, usnic acid, zeorin;italic
Zeora strobilina;usnic, usnic acid, zeorin;italic
Zeora strobilinoides;usnic, usnic acid, zeorin;italic
Zeora sulphurea;-collatolic acid, atranorin, usnic, usnic acid, zeorin;italic
Zeora symmicta;thiophanic acid, usnic, usnic acid, zeorin;italic
Zwackhia sorediifera;gyrophoric acid;italic
